Transaction_ID,User_ID,Transaction_Amount,Risk_Probability,Audit_Score,Fraud_Label
TXN_15795,USER_6529,13.0,1.0,100,1
TXN_9427,USER_7875,1.19,1.0,100,1
TXN_199,USER_2734,28.96,1.0,100,1
TXN_21777,USER_9244,6.75,1.0,100,1
TXN_2612,USER_3070,50.04,1.0,100,1
TXN_48555,USER_4573,120.61,1.0,100,1
TXN_44974,USER_6961,135.41,1.0,100,1
TXN_19457,USER_1307,171.07,1.0,100,1
TXN_1021,USER_6207,51.31,1.0,100,1
TXN_13417,USER_8203,21.38,1.0,100,1
TXN_45758,USER_6932,11.53,1.0,100,1
TXN_37065,USER_3617,16.28,1.0,100,1
TXN_11534,USER_4052,127.78,1.0,100,1
TXN_40397,USER_8148,1.53,1.0,100,1
TXN_1016,USER_8776,128.46,1.0,100,1
TXN_24253,USER_4060,128.21,1.0,100,1
TXN_24300,USER_8742,20.96,1.0,100,1
TXN_8529,USER_3758,42.3,1.0,100,1
TXN_48984,USER_5234,411.42,1.0,100,1
TXN_42090,USER_3767,221.65,1.0,100,1
TXN_47894,USER_2520,211.35,1.0,100,1
TXN_38242,USER_2488,40.68,1.0,100,1
TXN_31138,USER_9628,38.38,1.0,100,1
TXN_15601,USER_5365,45.05,1.0,100,1
TXN_13538,USER_9632,27.64,1.0,100,1
TXN_22018,USER_1872,57.85,1.0,100,1
TXN_46915,USER_1555,99.32,1.0,100,1
TXN_24279,USER_6056,212.22,1.0,100,1
TXN_39328,USER_7982,48.92,1.0,100,1
TXN_25768,USER_2530,263.8,1.0,100,1
TXN_10430,USER_4414,282.59,1.0,100,1
TXN_36803,USER_1362,3.1,1.0,100,1
TXN_30440,USER_3739,126.92,1.0,100,1
TXN_30638,USER_2399,173.68,1.0,100,1
TXN_13624,USER_3288,298.9,1.0,100,1
TXN_8739,USER_2793,46.84,1.0,100,1
TXN_17023,USER_9070,226.29,1.0,100,1
TXN_14073,USER_3834,117.16,1.0,100,1
TXN_15387,USER_7567,62.48,1.0,100,1
TXN_21879,USER_8884,5.32,1.0,100,1
TXN_6017,USER_1687,82.06,1.0,100,1
TXN_32225,USER_6999,157.68,1.0,100,1
TXN_7905,USER_4574,3.37,1.0,100,1
TXN_15242,USER_6956,13.26,1.0,100,1
TXN_8893,USER_4963,92.96,1.0,100,1
TXN_42976,USER_9455,260.47,1.0,100,1
TXN_39250,USER_2386,184.5,1.0,100,1
TXN_40195,USER_5102,209.18,1.0,100,1
TXN_3862,USER_8972,86.97,1.0,100,1
TXN_4064,USER_2517,35.48,1.0,100,1
TXN_36399,USER_6354,203.14,1.0,100,1
TXN_12007,USER_8881,19.23,1.0,100,1
TXN_7881,USER_9978,50.8,1.0,100,1
TXN_26695,USER_9883,155.09,1.0,100,1
TXN_48525,USER_5048,159.36,1.0,100,1
TXN_45942,USER_9047,25.05,1.0,100,1
TXN_26402,USER_1797,44.29,1.0,100,1
TXN_31496,USER_8210,8.26,1.0,100,1
TXN_43649,USER_8151,52.5,1.0,100,1
TXN_7753,USER_3990,231.29,1.0,100,1
TXN_34855,USER_4796,66.23,1.0,100,1
TXN_24381,USER_1151,266.58,1.0,100,1
TXN_20933,USER_6545,33.64,1.0,100,1
TXN_26178,USER_5350,27.37,1.0,100,1
TXN_46364,USER_3127,5.0,1.0,100,1
TXN_22021,USER_2030,49.26,1.0,100,1
TXN_15825,USER_4863,82.54,1.0,100,1
TXN_48386,USER_1872,33.34,1.0,100,1
TXN_10755,USER_3446,29.94,1.0,100,1
TXN_36345,USER_1958,19.71,1.0,100,1
TXN_32492,USER_1995,275.07,1.0,100,1
TXN_23870,USER_1807,216.73,1.0,100,1
TXN_6943,USER_1064,134.91,1.0,100,1
TXN_5395,USER_4504,50.7,1.0,100,1
TXN_6808,USER_5763,13.31,1.0,100,1
TXN_26396,USER_5571,11.98,1.0,100,1
TXN_42028,USER_6162,10.15,1.0,100,1
TXN_38249,USER_5930,119.32,1.0,100,1
TXN_1390,USER_4598,35.02,1.0,100,1
TXN_31143,USER_6128,469.43,1.0,100,1
TXN_44798,USER_6498,18.36,1.0,100,1
TXN_9506,USER_1292,29.37,1.0,100,1
TXN_41327,USER_7445,6.17,1.0,100,1
TXN_38920,USER_2418,55.03,1.0,100,1
TXN_42501,USER_8328,43.6,1.0,100,1
TXN_8883,USER_2377,30.61,1.0,100,1
TXN_27995,USER_5014,83.57,1.0,100,1
TXN_6413,USER_6317,83.14,1.0,100,1
TXN_7205,USER_8140,41.15,1.0,100,1
TXN_10465,USER_6423,11.49,1.0,100,1
TXN_43337,USER_3706,40.76,1.0,100,1
TXN_31520,USER_9541,207.98,1.0,100,1
TXN_43850,USER_7458,41.83,1.0,100,1
TXN_43044,USER_1348,4.83,1.0,100,1
TXN_1122,USER_8674,151.28,1.0,100,1
TXN_48809,USER_8893,335.32,1.0,100,1
TXN_5071,USER_5661,94.29,1.0,100,1
TXN_14343,USER_7452,3.96,1.0,100,1
TXN_44712,USER_9970,7.41,1.0,100,1
TXN_6230,USER_9828,173.9,1.0,100,1
TXN_8466,USER_7131,27.74,1.0,100,1
TXN_38385,USER_5642,187.17,1.0,100,1
TXN_3104,USER_8432,42.7,1.0,100,1
TXN_37172,USER_8691,57.66,1.0,100,1
TXN_15466,USER_1724,45.5,1.0,100,1
TXN_43467,USER_3460,19.31,1.0,100,1
TXN_21779,USER_4677,14.99,1.0,100,1
TXN_11730,USER_1100,129.2,1.0,100,1
TXN_38214,USER_4347,27.92,1.0,100,1
TXN_45577,USER_7316,43.58,1.0,100,1
TXN_10557,USER_8429,104.77,1.0,100,1
TXN_13471,USER_2767,22.34,1.0,100,1
TXN_33498,USER_2329,112.64,1.0,100,1
TXN_10527,USER_8360,137.09,1.0,100,1
TXN_262,USER_1225,148.41,1.0,100,1
TXN_34223,USER_4162,28.33,1.0,100,1
TXN_27878,USER_2685,138.97,1.0,100,1
TXN_35204,USER_5323,309.57,1.0,100,1
TXN_21724,USER_9663,112.79,1.0,100,1
TXN_26158,USER_8636,68.71,1.0,100,1
TXN_32374,USER_3990,47.47,1.0,100,1
TXN_22492,USER_7727,13.97,1.0,100,1
TXN_27373,USER_4472,12.44,1.0,100,1
TXN_7201,USER_7861,75.44,1.0,100,1
TXN_24468,USER_3713,4.64,1.0,100,1
TXN_8718,USER_6261,272.83,1.0,100,1
TXN_43514,USER_8015,131.47,1.0,100,1
TXN_12187,USER_5288,147.81,1.0,100,1
TXN_12753,USER_5533,224.43,1.0,100,1
TXN_5803,USER_7349,63.85,1.0,100,1
TXN_4168,USER_6558,19.7,1.0,100,1
TXN_6715,USER_8795,102.28,1.0,100,1
TXN_46433,USER_4432,31.53,1.0,100,1
TXN_10074,USER_2924,118.31,1.0,100,1
TXN_4070,USER_5992,157.77,1.0,100,1
TXN_13267,USER_2374,242.77,1.0,100,1
TXN_37736,USER_1207,28.54,1.0,100,1
TXN_13661,USER_9273,112.49,1.0,100,1
TXN_45785,USER_3221,10.0,1.0,100,1
TXN_46976,USER_1469,13.39,1.0,100,1
TXN_32755,USER_2258,281.76,1.0,100,1
TXN_21069,USER_3962,55.74,1.0,100,1
TXN_36235,USER_3488,81.49,1.0,100,1
TXN_44235,USER_7549,87.24,1.0,100,1
TXN_20818,USER_8408,84.1,1.0,100,1
TXN_20033,USER_7132,14.62,1.0,100,1
TXN_15922,USER_4754,163.08,1.0,100,1
TXN_23685,USER_7896,11.4,1.0,100,1
TXN_27658,USER_1535,19.06,1.0,100,1
TXN_29112,USER_8162,1.99,1.0,100,1
TXN_31074,USER_2596,110.6,1.0,100,1
TXN_10577,USER_4098,375.61,1.0,100,1
TXN_6095,USER_8525,4.07,1.0,100,1
TXN_3221,USER_8263,79.4,1.0,100,1
TXN_13356,USER_4408,185.97,1.0,100,1
TXN_49184,USER_3258,90.47,1.0,100,1
TXN_4469,USER_6856,427.47,1.0,100,1
TXN_21109,USER_9846,327.61,1.0,100,1
TXN_1164,USER_7609,191.24,1.0,100,1
TXN_30242,USER_7514,62.87,1.0,100,1
TXN_21374,USER_2848,42.58,1.0,100,1
TXN_4813,USER_2689,94.05,1.0,100,1
TXN_20395,USER_8566,69.41,1.0,100,1
TXN_21558,USER_5439,34.49,1.0,100,1
TXN_7142,USER_5542,28.62,1.0,100,1
TXN_22810,USER_9453,0.36,1.0,100,1
TXN_998,USER_7016,304.23,1.0,100,1
TXN_3493,USER_5841,62.54,1.0,100,1
TXN_24155,USER_1617,6.44,1.0,100,1
TXN_47591,USER_4076,30.56,1.0,100,1
TXN_38264,USER_8256,188.36,1.0,100,1
TXN_18386,USER_8043,16.95,1.0,100,1
TXN_32389,USER_3674,60.94,1.0,100,1
TXN_25533,USER_5628,38.67,1.0,100,1
TXN_18494,USER_7132,2.01,1.0,100,1
TXN_32249,USER_7023,138.75,1.0,100,1
TXN_30708,USER_3921,14.82,1.0,100,1
TXN_5048,USER_5327,124.31,1.0,100,1
TXN_49371,USER_3836,79.38,1.0,100,1
TXN_16580,USER_7421,84.65,1.0,100,1
TXN_49598,USER_3843,132.14,1.0,100,1
TXN_15940,USER_8529,247.24,1.0,100,1
TXN_23415,USER_5604,419.99,1.0,100,1
TXN_29930,USER_3533,47.48,1.0,100,1
TXN_32948,USER_2725,255.65,1.0,100,1
TXN_35033,USER_2307,16.47,1.0,100,1
TXN_25329,USER_1722,74.9,1.0,100,1
TXN_13871,USER_8142,105.24,1.0,100,1
TXN_37223,USER_5713,126.79,1.0,100,1
TXN_29917,USER_2439,17.92,1.0,100,1
TXN_49922,USER_4934,8.55,1.0,100,1
TXN_4613,USER_6326,141.52,1.0,100,1
TXN_34690,USER_8308,115.52,1.0,100,1
TXN_9935,USER_9945,28.02,1.0,100,1
TXN_34007,USER_3457,118.66,1.0,100,1
TXN_30477,USER_1517,16.55,1.0,100,1
TXN_8564,USER_9635,252.18,1.0,100,1
TXN_11478,USER_7367,0.12,1.0,100,1
TXN_4362,USER_3843,132.06,1.0,100,1
TXN_45340,USER_1396,0.8,1.0,100,1
TXN_11645,USER_3070,382.82,1.0,100,1
TXN_27161,USER_1405,255.76,1.0,100,1
TXN_19486,USER_1321,294.68,1.0,100,1
TXN_8230,USER_3819,34.89,1.0,100,1
TXN_47852,USER_6527,7.54,1.0,100,1
TXN_33451,USER_3789,25.02,1.0,100,1
TXN_40359,USER_7381,182.08,1.0,100,1
TXN_24454,USER_7828,40.07,1.0,100,1
TXN_1388,USER_8424,16.43,1.0,100,1
TXN_36127,USER_8323,17.31,1.0,100,1
TXN_23006,USER_9685,71.34,1.0,100,1
TXN_22476,USER_8906,111.08,1.0,100,1
TXN_45055,USER_5237,26.66,1.0,100,1
TXN_44234,USER_7047,96.27,1.0,100,1
TXN_9058,USER_9910,24.76,1.0,100,1
TXN_1003,USER_7305,85.46,1.0,100,1
TXN_13701,USER_9734,195.57,1.0,100,1
TXN_41280,USER_6202,19.7,1.0,100,1
TXN_7180,USER_4777,29.67,1.0,100,1
TXN_32203,USER_8951,176.86,1.0,100,1
TXN_21436,USER_2870,22.51,1.0,100,1
TXN_36260,USER_8951,27.78,1.0,100,1
TXN_13154,USER_9107,33.89,1.0,100,1
TXN_10723,USER_6854,160.2,1.0,100,1
TXN_42424,USER_6171,176.33,1.0,100,1
TXN_35779,USER_7186,34.26,1.0,100,1
TXN_23493,USER_1168,12.41,1.0,100,1
TXN_20913,USER_2658,140.17,1.0,100,1
TXN_37915,USER_3533,15.37,1.0,100,1
TXN_14617,USER_1746,54.82,1.0,100,1
TXN_8836,USER_7981,54.79,1.0,100,1
TXN_39530,USER_1619,79.26,1.0,100,1
TXN_15813,USER_4574,267.54,1.0,100,1
TXN_46879,USER_1386,136.17,1.0,100,1
TXN_19936,USER_5499,10.38,1.0,100,1
TXN_17542,USER_5231,184.5,1.0,100,1
TXN_29827,USER_9031,7.97,1.0,100,1
TXN_41335,USER_8647,9.84,1.0,100,1
TXN_4107,USER_1627,121.55,1.0,100,1
TXN_37195,USER_2396,54.2,1.0,100,1
TXN_13098,USER_1164,146.96,1.0,100,1
TXN_45999,USER_2511,28.6,1.0,100,1
TXN_28786,USER_5473,130.49,1.0,100,1
TXN_20262,USER_8391,312.51,1.0,100,1
TXN_30963,USER_3277,122.2,1.0,100,1
TXN_5572,USER_9084,259.94,1.0,100,1
TXN_19538,USER_8782,91.81,1.0,100,1
TXN_22332,USER_6498,24.71,1.0,100,1
TXN_13048,USER_3365,185.8,1.0,100,1
TXN_17649,USER_6499,72.0,1.0,100,1
TXN_22470,USER_4949,200.32,1.0,100,1
TXN_13637,USER_9644,77.83,1.0,100,1
TXN_19626,USER_4157,65.24,1.0,100,1
TXN_13641,USER_5526,37.43,1.0,100,1
TXN_12932,USER_9754,90.58,1.0,100,1
TXN_9478,USER_7644,24.49,1.0,100,1
TXN_11902,USER_5367,26.26,1.0,100,1
TXN_22090,USER_3173,42.2,1.0,100,1
TXN_27984,USER_4769,35.14,1.0,100,1
TXN_13238,USER_3746,343.87,1.0,100,1
TXN_39143,USER_1603,593.03,1.0,100,1
TXN_38863,USER_2315,28.54,1.0,100,1
TXN_19044,USER_3022,23.92,1.0,100,1
TXN_14398,USER_5073,176.38,1.0,100,1
TXN_24906,USER_6748,267.69,1.0,100,1
TXN_1738,USER_4683,70.46,1.0,100,1
TXN_38309,USER_5485,110.38,1.0,100,1
TXN_18612,USER_7817,126.0,1.0,100,1
TXN_11799,USER_7768,63.36,1.0,100,1
TXN_12451,USER_6768,19.23,1.0,100,1
TXN_21622,USER_6768,140.38,1.0,100,1
TXN_31964,USER_7375,33.29,1.0,100,1
TXN_28683,USER_1878,79.63,1.0,100,1
TXN_48609,USER_1552,180.94,1.0,100,1
TXN_22610,USER_2466,23.76,1.0,100,1
TXN_49408,USER_7727,7.57,1.0,100,1
TXN_8293,USER_5268,37.66,1.0,100,1
TXN_20930,USER_6014,175.46,1.0,100,1
TXN_34726,USER_4266,79.01,1.0,100,1
TXN_27098,USER_6261,25.49,1.0,100,1
TXN_38911,USER_6457,52.98,1.0,100,1
TXN_28856,USER_8037,27.55,1.0,100,1
TXN_14998,USER_5980,34.03,1.0,100,1
TXN_44734,USER_2429,204.05,1.0,100,1
TXN_26037,USER_2752,196.83,1.0,100,1
TXN_29487,USER_2514,142.29,1.0,100,1
TXN_35549,USER_7017,220.54,1.0,100,1
TXN_40639,USER_5877,71.44,1.0,100,1
TXN_15981,USER_2928,15.72,1.0,100,1
TXN_28388,USER_3709,145.27,1.0,100,1
TXN_30679,USER_4669,66.01,1.0,100,1
TXN_42969,USER_5425,11.18,1.0,100,1
TXN_48345,USER_7191,122.32,1.0,100,1
TXN_45063,USER_1101,186.34,1.0,100,1
TXN_18218,USER_7443,4.15,1.0,100,1
TXN_29804,USER_2827,185.38,1.0,100,1
TXN_14462,USER_7959,182.43,1.0,100,1
TXN_18692,USER_7241,39.12,1.0,100,1
TXN_32869,USER_2708,100.73,1.0,100,1
TXN_29901,USER_8492,4.92,1.0,100,1
TXN_20657,USER_9139,196.43,1.0,100,1
TXN_25331,USER_3347,153.96,1.0,100,1
TXN_26546,USER_1941,32.79,1.0,100,1
TXN_33294,USER_1946,16.0,1.0,100,1
TXN_28344,USER_8300,68.81,1.0,100,1
TXN_30625,USER_7538,11.71,1.0,100,1
TXN_46116,USER_5464,65.61,1.0,100,1
TXN_49029,USER_2896,228.42,1.0,100,1
TXN_4229,USER_2956,24.48,1.0,100,1
TXN_35780,USER_3124,113.92,1.0,100,1
TXN_37296,USER_8985,138.19,1.0,100,1
TXN_20034,USER_2611,151.2,1.0,100,1
TXN_18264,USER_5904,30.97,1.0,100,1
TXN_45705,USER_8062,328.51,1.0,100,1
TXN_44346,USER_5053,142.44,1.0,100,1
TXN_9767,USER_8478,8.7,1.0,100,1
TXN_9758,USER_8642,128.0,1.0,100,1
TXN_47738,USER_9766,12.83,1.0,100,1
TXN_7411,USER_8804,92.19,1.0,100,1
TXN_47503,USER_1022,112.21,1.0,100,1
TXN_31785,USER_7852,175.1,1.0,100,1
TXN_18194,USER_9561,29.45,1.0,100,1
TXN_29736,USER_9533,19.99,1.0,100,1
TXN_14786,USER_3506,204.46,1.0,100,1
TXN_9889,USER_7042,205.92,1.0,100,1
TXN_17969,USER_7322,74.5,1.0,100,1
TXN_34767,USER_1036,125.11,1.0,100,1
TXN_20457,USER_7032,67.8,1.0,100,1
TXN_31756,USER_3215,62.44,1.0,100,1
TXN_12950,USER_4033,15.04,1.0,100,1
TXN_12292,USER_9163,19.56,1.0,100,1
TXN_31260,USER_6796,335.53,1.0,100,1
TXN_28347,USER_3921,35.87,1.0,100,1
TXN_24216,USER_2128,139.65,1.0,100,1
TXN_3467,USER_1062,71.77,1.0,100,1
TXN_47303,USER_5565,178.19,1.0,100,1
TXN_31158,USER_2868,0.31,1.0,100,1
TXN_30274,USER_9508,315.28,1.0,100,1
TXN_20965,USER_9670,115.84,1.0,100,1
TXN_10026,USER_5300,6.54,1.0,100,1
TXN_7439,USER_2689,53.29,1.0,100,1
TXN_25847,USER_1088,149.58,1.0,100,1
TXN_27004,USER_7349,176.95,1.0,100,1
TXN_21232,USER_5385,48.86,1.0,100,1
TXN_34307,USER_6609,86.44,1.0,100,1
TXN_34373,USER_3075,34.09,1.0,100,1
TXN_40832,USER_2918,233.59,1.0,100,1
TXN_36055,USER_4028,19.52,1.0,100,1
TXN_46202,USER_8084,261.91,1.0,100,1
TXN_6424,USER_5651,20.29,1.0,100,1
TXN_48061,USER_4595,14.65,1.0,100,1
TXN_44904,USER_8154,132.13,1.0,100,1
TXN_34488,USER_6375,98.01,1.0,100,1
TXN_7298,USER_3433,133.13,1.0,100,1
TXN_12724,USER_7158,60.31,1.0,100,1
TXN_3253,USER_9560,27.39,1.0,100,1
TXN_6322,USER_5271,36.08,1.0,100,1
TXN_33921,USER_9525,29.28,1.0,100,1
TXN_45912,USER_7335,39.97,1.0,100,1
TXN_19313,USER_2083,90.07,1.0,100,1
TXN_14545,USER_4143,363.85,1.0,100,1
TXN_14972,USER_1422,135.75,1.0,100,1
TXN_4273,USER_7009,265.54,1.0,100,1
TXN_31313,USER_7837,265.81,1.0,100,1
TXN_32504,USER_9822,24.72,1.0,100,1
TXN_29893,USER_6439,3.44,1.0,100,1
TXN_32953,USER_5361,18.55,1.0,100,1
TXN_18810,USER_6516,2.09,1.0,100,1
TXN_34920,USER_6726,220.05,1.0,100,1
TXN_37022,USER_6025,101.59,1.0,100,1
TXN_43976,USER_8364,38.46,1.0,100,1
TXN_24192,USER_8395,102.45,1.0,100,1
TXN_16281,USER_5432,80.62,1.0,100,1
TXN_26457,USER_3302,150.11,1.0,100,1
TXN_43376,USER_2226,56.33,1.0,100,1
TXN_20214,USER_8017,13.25,1.0,100,1
TXN_21257,USER_1126,11.65,1.0,100,1
TXN_11904,USER_4371,76.04,1.0,100,1
TXN_31512,USER_2350,232.17,1.0,100,1
TXN_8901,USER_6064,210.25,1.0,100,1
TXN_29939,USER_8778,53.78,1.0,100,1
TXN_12400,USER_2996,29.29,1.0,100,1
TXN_3593,USER_6057,50.85,1.0,100,1
TXN_37827,USER_9948,135.83,1.0,100,1
TXN_29800,USER_4676,15.17,1.0,100,1
TXN_19232,USER_5281,9.76,1.0,100,1
TXN_35751,USER_9064,78.03,1.0,100,1
TXN_47552,USER_1702,40.08,1.0,100,1
TXN_14074,USER_8928,141.04,1.0,100,1
TXN_48329,USER_6010,37.52,1.0,100,1
TXN_49270,USER_4744,11.0,1.0,100,1
TXN_31914,USER_7942,123.46,1.0,100,1
TXN_32131,USER_5438,208.11,1.0,100,1
TXN_38822,USER_8477,29.55,1.0,100,1
TXN_6936,USER_5060,131.59,1.0,100,1
TXN_10600,USER_9649,26.74,1.0,100,1
TXN_2574,USER_8718,137.87,1.0,100,1
TXN_16421,USER_7276,18.21,1.0,100,1
TXN_45638,USER_8180,279.7,1.0,100,1
TXN_12425,USER_5697,81.05,1.0,100,1
TXN_39442,USER_5585,2.55,1.0,100,1
TXN_32729,USER_8432,60.66,1.0,100,1
TXN_20155,USER_3424,361.36,1.0,100,1
TXN_24801,USER_9211,12.22,1.0,100,1
TXN_40564,USER_5946,274.83,1.0,100,1
TXN_22665,USER_8312,271.07,1.0,100,1
TXN_39537,USER_9319,189.93,1.0,100,1
TXN_3279,USER_3763,39.95,1.0,100,1
TXN_28821,USER_4595,8.04,1.0,100,1
TXN_16002,USER_7715,203.99,1.0,100,1
TXN_19366,USER_7404,239.78,1.0,100,1
TXN_25133,USER_9396,107.49,1.0,100,1
TXN_9553,USER_3343,157.26,1.0,100,1
TXN_4729,USER_8928,91.39,1.0,100,1
TXN_11098,USER_4835,171.02,1.0,100,1
TXN_22329,USER_6555,3.95,1.0,100,1
TXN_27662,USER_8114,146.98,1.0,100,1
TXN_8440,USER_3544,8.18,1.0,100,1
TXN_4455,USER_8362,232.89,1.0,100,1
TXN_21228,USER_8711,144.96,1.0,100,1
TXN_48907,USER_7903,64.33,1.0,100,1
TXN_10126,USER_1354,130.15,1.0,100,1
TXN_1536,USER_7895,58.47,1.0,100,1
TXN_32582,USER_1072,122.03,1.0,100,1
TXN_28601,USER_5943,308.12,1.0,100,1
TXN_43368,USER_2025,88.86,1.0,100,1
TXN_25036,USER_5350,49.17,1.0,100,1
TXN_13034,USER_6447,377.41,1.0,100,1
TXN_9430,USER_8043,26.04,1.0,100,1
TXN_32393,USER_2392,226.64,1.0,100,1
TXN_40279,USER_2924,194.45,1.0,100,1
TXN_20616,USER_9398,130.28,1.0,100,1
TXN_18087,USER_2497,372.56,1.0,100,1
TXN_48951,USER_1656,71.49,1.0,100,1
TXN_49650,USER_5278,36.3,1.0,100,1
TXN_41288,USER_5158,15.81,1.0,100,1
TXN_44871,USER_7717,138.59,1.0,100,1
TXN_501,USER_1953,18.02,1.0,100,1
TXN_6684,USER_8906,24.71,1.0,100,1
TXN_45395,USER_9329,28.8,1.0,100,1
TXN_42242,USER_1938,36.67,1.0,100,1
TXN_4519,USER_6060,197.84,1.0,100,1
TXN_18614,USER_7871,153.61,1.0,100,1
TXN_38335,USER_5442,121.74,1.0,100,1
TXN_41470,USER_6515,6.49,1.0,100,1
TXN_15719,USER_6616,123.31,1.0,100,1
TXN_11709,USER_9111,109.33,1.0,100,1
TXN_31175,USER_1716,12.53,1.0,100,1
TXN_23180,USER_4014,98.4,1.0,100,1
TXN_6266,USER_6073,34.49,1.0,100,1
TXN_14875,USER_2793,172.6,1.0,100,1
TXN_32163,USER_9396,13.39,1.0,100,1
TXN_41123,USER_5409,17.31,1.0,100,1
TXN_5012,USER_1734,41.62,1.0,100,1
TXN_8904,USER_9265,163.71,1.0,100,1
TXN_16095,USER_6629,90.37,1.0,100,1
TXN_33269,USER_4287,3.12,1.0,100,1
TXN_49770,USER_3247,246.37,1.0,100,1
TXN_33177,USER_5143,31.63,1.0,100,1
TXN_3272,USER_2476,32.12,1.0,100,1
TXN_17049,USER_7959,318.13,1.0,100,1
TXN_20686,USER_6589,179.35,1.0,100,1
TXN_11436,USER_1461,10.61,1.0,100,1
TXN_39880,USER_5382,29.9,1.0,100,1
TXN_21046,USER_3640,100.64,1.0,100,1
TXN_9932,USER_2161,7.16,1.0,100,1
TXN_22182,USER_7500,86.46,1.0,100,1
TXN_10798,USER_9835,8.18,1.0,100,1
TXN_476,USER_9335,165.5,1.0,100,1
TXN_34969,USER_7266,151.98,1.0,100,1
TXN_14478,USER_7587,35.1,1.0,100,1
TXN_15767,USER_3162,47.4,1.0,100,1
TXN_15433,USER_2990,66.24,1.0,100,1
TXN_35149,USER_8019,2.15,1.0,100,1
TXN_18986,USER_3038,193.51,1.0,100,1
TXN_27440,USER_5313,50.45,1.0,100,1
TXN_30518,USER_2817,161.08,1.0,100,1
TXN_22048,USER_6834,305.01,1.0,100,1
TXN_42790,USER_1805,123.17,1.0,100,1
TXN_47806,USER_3662,40.07,1.0,100,1
TXN_41589,USER_9835,21.6,1.0,100,1
TXN_10504,USER_6265,51.37,1.0,100,1
TXN_11401,USER_8181,142.26,1.0,100,1
TXN_47608,USER_6439,19.85,1.0,100,1
TXN_2672,USER_4807,103.62,1.0,100,1
TXN_21255,USER_7508,27.05,1.0,100,1
TXN_30731,USER_2233,117.28,1.0,100,1
TXN_2213,USER_3297,307.04,1.0,100,1
TXN_11839,USER_4145,30.05,1.0,100,1
TXN_19593,USER_5364,10.66,1.0,100,1
TXN_27980,USER_4921,54.29,1.0,100,1
TXN_15302,USER_8710,15.61,1.0,100,1
TXN_28590,USER_1825,39.26,1.0,100,1
TXN_9459,USER_6493,65.11,1.0,100,1
TXN_38592,USER_7486,108.19,1.0,100,1
TXN_36231,USER_5732,139.94,1.0,100,1
TXN_29835,USER_5396,14.93,1.0,100,1
TXN_12619,USER_1149,51.65,1.0,100,1
TXN_41042,USER_1458,50.7,1.0,100,1
TXN_5195,USER_7256,114.54,1.0,100,1
TXN_23541,USER_3544,86.02,1.0,100,1
TXN_38929,USER_1647,99.71,1.0,100,1
TXN_3418,USER_7136,49.06,1.0,100,1
TXN_3882,USER_2879,51.5,1.0,100,1
TXN_19104,USER_4721,22.3,1.0,100,1
TXN_24948,USER_7586,118.68,1.0,100,1
TXN_43693,USER_1957,198.31,1.0,100,1
TXN_6496,USER_4766,79.64,1.0,100,1
TXN_7126,USER_3739,16.41,1.0,100,1
TXN_21934,USER_5337,200.9,1.0,100,1
TXN_20937,USER_6161,15.84,1.0,100,1
TXN_22011,USER_7453,112.59,1.0,100,1
TXN_44469,USER_8210,69.98,1.0,100,1
TXN_15359,USER_3052,260.35,1.0,100,1
TXN_28968,USER_9748,94.51,1.0,100,1
TXN_24782,USER_8933,39.32,1.0,100,1
TXN_28200,USER_5562,70.21,1.0,100,1
TXN_23001,USER_2055,3.86,1.0,100,1
TXN_2210,USER_6347,222.11,1.0,100,1
TXN_17476,USER_4866,86.79,1.0,100,1
TXN_27191,USER_5430,28.64,1.0,100,1
TXN_44614,USER_8646,95.49,1.0,100,1
TXN_33680,USER_6163,89.91,1.0,100,1
TXN_7308,USER_4985,6.37,1.0,100,1
TXN_14160,USER_5398,63.36,1.0,100,1
TXN_18861,USER_9763,32.55,1.0,100,1
TXN_5215,USER_9243,75.55,1.0,100,1
TXN_22341,USER_6420,194.19,1.0,100,1
TXN_11708,USER_7413,166.63,1.0,100,1
TXN_22338,USER_6178,90.03,1.0,100,1
TXN_17406,USER_9547,95.44,1.0,100,1
TXN_33395,USER_4814,89.67,1.0,100,1
TXN_37647,USER_3228,111.43,1.0,100,1
TXN_17531,USER_4238,6.6,1.0,100,1
TXN_33821,USER_8727,45.01,1.0,100,1
TXN_6400,USER_1767,182.68,1.0,100,1
TXN_6896,USER_4551,17.68,1.0,100,1
TXN_17466,USER_3934,163.16,1.0,100,1
TXN_24261,USER_8661,3.21,1.0,100,1
TXN_10434,USER_6415,144.75,1.0,100,1
TXN_39646,USER_1226,9.05,1.0,100,1
TXN_30441,USER_7701,48.42,1.0,100,1
TXN_36167,USER_4733,32.26,1.0,100,1
TXN_19714,USER_4452,21.78,1.0,100,1
TXN_38544,USER_1706,264.86,1.0,100,1
TXN_5770,USER_6930,178.26,1.0,100,1
TXN_40223,USER_9587,256.41,1.0,100,1
TXN_47437,USER_2765,26.73,1.0,100,1
TXN_31599,USER_1899,23.17,1.0,100,1
TXN_2982,USER_1719,288.48,1.0,100,1
TXN_39079,USER_8516,126.19,1.0,100,1
TXN_27505,USER_8872,147.87,1.0,100,1
TXN_27055,USER_4486,26.21,1.0,100,1
TXN_15469,USER_6080,64.99,1.0,100,1
TXN_41853,USER_4504,73.89,1.0,100,1
TXN_26542,USER_1650,157.29,1.0,100,1
TXN_35972,USER_2658,23.28,1.0,100,1
TXN_7776,USER_2019,60.84,1.0,100,1
TXN_36407,USER_6566,83.65,1.0,100,1
TXN_29861,USER_4542,26.66,1.0,100,1
TXN_4303,USER_3931,8.37,1.0,100,1
TXN_1741,USER_8000,149.63,1.0,100,1
TXN_22989,USER_1360,18.3,1.0,100,1
TXN_41889,USER_9499,90.69,1.0,100,1
TXN_38872,USER_7314,88.52,1.0,100,1
TXN_43283,USER_7418,106.56,1.0,100,1
TXN_5683,USER_9446,103.51,1.0,100,1
TXN_4128,USER_8409,142.37,1.0,100,1
TXN_28027,USER_8166,105.78,1.0,100,1
TXN_12214,USER_4231,6.17,1.0,100,1
TXN_2757,USER_2724,25.9,1.0,100,1
TXN_46015,USER_5734,261.42,1.0,100,1
TXN_25042,USER_2437,22.78,1.0,100,1
TXN_39474,USER_3789,138.94,1.0,100,1
TXN_22895,USER_3573,34.37,1.0,100,1
TXN_14815,USER_7476,195.7,1.0,100,1
TXN_34401,USER_3747,209.66,1.0,100,1
TXN_5227,USER_1240,151.55,1.0,100,1
TXN_44108,USER_8559,80.66,1.0,100,1
TXN_46275,USER_3066,90.15,1.0,100,1
TXN_12883,USER_3584,78.32,1.0,100,1
TXN_7592,USER_8171,27.58,1.0,100,1
TXN_37332,USER_7228,22.98,1.0,100,1
TXN_3431,USER_2629,8.17,1.0,100,1
TXN_38587,USER_3222,14.22,1.0,100,1
TXN_45484,USER_3510,25.8,1.0,100,1
TXN_32525,USER_1165,110.69,1.0,100,1
TXN_39838,USER_1215,2.53,1.0,100,1
TXN_21681,USER_3014,33.73,1.0,100,1
TXN_23460,USER_5832,189.76,1.0,100,1
TXN_35719,USER_6659,22.77,1.0,100,1
TXN_21987,USER_1650,145.48,1.0,100,1
TXN_10016,USER_5395,81.17,1.0,100,1
TXN_34154,USER_5159,18.66,1.0,100,1
TXN_47742,USER_3393,103.49,1.0,100,1
TXN_41473,USER_8954,31.65,1.0,100,1
TXN_26869,USER_7263,2.9,1.0,100,1
TXN_30758,USER_9111,232.96,1.0,100,1
TXN_21028,USER_6948,15.59,1.0,100,1
TXN_9100,USER_4428,43.87,1.0,100,1
TXN_8931,USER_3575,48.77,1.0,100,1
TXN_8188,USER_7468,110.25,1.0,100,1
TXN_46697,USER_9900,67.59,1.0,100,1
TXN_38532,USER_7624,1.02,1.0,100,1
TXN_35600,USER_7198,59.53,1.0,100,1
TXN_39229,USER_7766,2.4,1.0,100,1
TXN_5186,USER_8867,140.87,1.0,100,1
TXN_46086,USER_5661,103.97,1.0,100,1
TXN_36253,USER_1049,16.03,1.0,100,1
TXN_6067,USER_7065,82.64,1.0,100,1
TXN_3715,USER_3103,30.38,1.0,100,1
TXN_16112,USER_1877,60.55,1.0,100,1
TXN_15631,USER_2013,230.01,1.0,100,1
TXN_4264,USER_3541,38.44,1.0,100,1
TXN_16429,USER_2479,33.48,1.0,100,1
TXN_9798,USER_8308,49.26,1.0,100,1
TXN_4883,USER_3841,155.07,1.0,100,1
TXN_26719,USER_2677,144.15,1.0,100,1
TXN_39580,USER_3142,143.52,1.0,100,1
TXN_17391,USER_1393,38.48,1.0,100,1
TXN_31809,USER_2369,182.82,1.0,100,1
TXN_20294,USER_6799,23.22,1.0,100,1
TXN_1276,USER_5675,219.31,1.0,100,1
TXN_28437,USER_4400,243.81,1.0,100,1
TXN_31489,USER_8609,169.19,1.0,100,1
TXN_12006,USER_5112,79.22,1.0,100,1
TXN_34694,USER_7033,311.56,1.0,100,1
TXN_49375,USER_1091,42.98,1.0,100,1
TXN_2360,USER_4831,802.34,1.0,100,1
TXN_21155,USER_4129,119.94,1.0,100,1
TXN_13326,USER_1551,42.06,1.0,100,1
TXN_20794,USER_8225,8.38,1.0,100,1
TXN_46226,USER_3912,103.01,1.0,100,1
TXN_31413,USER_1992,84.57,1.0,100,1
TXN_15868,USER_3251,18.49,1.0,100,1
TXN_34680,USER_4092,163.83,1.0,100,1
TXN_4459,USER_3842,129.39,1.0,100,1
TXN_4672,USER_8657,71.83,1.0,100,1
TXN_42699,USER_6040,10.83,1.0,100,1
TXN_41883,USER_9916,74.46,1.0,100,1
TXN_3037,USER_4644,87.82,1.0,100,1
TXN_19663,USER_3297,82.61,1.0,100,1
TXN_9763,USER_5798,18.55,1.0,100,1
TXN_24932,USER_1362,70.7,1.0,100,1
TXN_35664,USER_8254,349.57,1.0,100,1
TXN_48125,USER_4122,25.12,1.0,100,1
TXN_40523,USER_8229,169.79,1.0,100,1
TXN_38282,USER_3116,57.66,1.0,100,1
TXN_5929,USER_7784,61.22,1.0,100,1
TXN_21082,USER_4413,75.72,1.0,100,1
TXN_11948,USER_3164,129.23,1.0,100,1
TXN_22847,USER_3026,79.74,1.0,100,1
TXN_10989,USER_1337,54.8,1.0,100,1
TXN_32429,USER_6744,307.94,1.0,100,1
TXN_44491,USER_7250,7.71,1.0,100,1
TXN_39707,USER_5806,379.5,1.0,100,1
TXN_43816,USER_8458,38.48,1.0,100,1
TXN_10741,USER_9387,8.89,1.0,100,1
TXN_45271,USER_4134,272.53,1.0,100,1
TXN_21193,USER_7063,5.52,1.0,100,1
TXN_48074,USER_1108,29.94,1.0,100,1
TXN_39515,USER_5014,66.71,1.0,100,1
TXN_12581,USER_2634,83.65,1.0,100,1
TXN_30513,USER_9902,81.03,1.0,100,1
TXN_39072,USER_7977,89.12,1.0,100,1
TXN_33432,USER_7370,107.52,1.0,100,1
TXN_33449,USER_3670,40.89,1.0,100,1
TXN_21176,USER_6623,15.18,1.0,100,1
TXN_19646,USER_6372,33.49,1.0,100,1
TXN_27604,USER_6916,106.16,1.0,100,1
TXN_4233,USER_9378,129.16,1.0,100,1
TXN_46901,USER_1488,61.0,1.0,100,1
TXN_41113,USER_7694,293.41,1.0,100,1
TXN_4348,USER_5670,83.67,1.0,100,1
TXN_15712,USER_1024,112.07,1.0,100,1
TXN_25984,USER_9990,28.19,1.0,100,1
TXN_48315,USER_5371,18.58,1.0,100,1
TXN_28107,USER_4260,55.08,1.0,100,1
TXN_26941,USER_7199,14.57,1.0,100,1
TXN_46407,USER_6002,21.26,1.0,100,1
TXN_47541,USER_8265,48.75,1.0,100,1
TXN_1710,USER_4654,43.41,1.0,100,1
TXN_16781,USER_7590,114.93,1.0,100,1
TXN_21671,USER_5257,37.07,1.0,100,1
TXN_9531,USER_2563,72.44,1.0,100,1
TXN_33748,USER_4679,717.5,1.0,100,1
TXN_7365,USER_3138,25.39,1.0,100,1
TXN_842,USER_5820,18.33,1.0,100,1
TXN_13150,USER_5016,46.55,1.0,100,1
TXN_47486,USER_2023,37.56,1.0,100,1
TXN_2493,USER_9921,120.28,1.0,100,1
TXN_7949,USER_2741,5.43,1.0,100,1
TXN_42039,USER_1677,137.74,1.0,100,1
TXN_46683,USER_7541,28.64,1.0,100,1
TXN_27947,USER_9089,73.09,1.0,100,1
TXN_16754,USER_5113,134.82,1.0,100,1
TXN_4855,USER_7869,56.84,1.0,100,1
TXN_32459,USER_4100,92.82,1.0,100,1
TXN_48498,USER_8921,44.25,1.0,100,1
TXN_16828,USER_9482,35.36,1.0,100,1
TXN_9887,USER_6688,54.9,1.0,100,1
TXN_11070,USER_5176,454.53,1.0,100,1
TXN_3396,USER_2818,430.67,1.0,100,1
TXN_26574,USER_7640,11.91,1.0,100,1
TXN_3885,USER_4373,93.1,1.0,100,1
TXN_16071,USER_9532,57.87,1.0,100,1
TXN_4962,USER_8237,15.14,1.0,100,1
TXN_35955,USER_9711,118.87,1.0,100,1
TXN_14736,USER_2991,128.9,1.0,100,1
TXN_3698,USER_4940,177.46,1.0,100,1
TXN_34232,USER_8851,189.89,1.0,100,1
TXN_41376,USER_5756,7.29,1.0,100,1
TXN_22309,USER_8912,7.57,1.0,100,1
TXN_36557,USER_4786,235.07,1.0,100,1
TXN_33647,USER_1859,196.9,1.0,100,1
TXN_13632,USER_9464,43.23,1.0,100,1
TXN_1863,USER_5259,21.0,1.0,100,1
TXN_47008,USER_9526,71.93,1.0,100,1
TXN_19647,USER_7150,75.52,1.0,100,1
TXN_29050,USER_7052,20.7,1.0,100,1
TXN_36273,USER_6304,139.35,1.0,100,1
TXN_40906,USER_4444,7.47,1.0,100,1
TXN_37714,USER_3646,269.95,1.0,100,1
TXN_16861,USER_1433,31.11,1.0,100,1
TXN_34410,USER_7842,89.29,1.0,100,1
TXN_16522,USER_6408,81.68,1.0,100,1
TXN_48680,USER_4925,13.63,1.0,100,1
TXN_34796,USER_8373,23.88,1.0,100,1
TXN_29468,USER_9306,301.16,1.0,100,1
TXN_4805,USER_7256,516.91,1.0,100,1
TXN_25260,USER_8519,13.69,1.0,100,1
TXN_31023,USER_7740,85.51,1.0,100,1
TXN_47412,USER_1421,642.35,1.0,100,1
TXN_4315,USER_8905,52.38,1.0,100,1
TXN_13097,USER_7740,12.89,1.0,100,1
TXN_21824,USER_3607,106.93,1.0,100,1
TXN_9561,USER_4819,87.98,1.0,100,1
TXN_10439,USER_6420,509.76,1.0,100,1
TXN_24560,USER_4690,44.53,1.0,100,1
TXN_9620,USER_3456,24.49,1.0,100,1
TXN_38247,USER_3700,97.63,1.0,100,1
TXN_34029,USER_9932,155.86,1.0,100,1
TXN_19891,USER_9544,49.74,1.0,100,1
TXN_6429,USER_5350,68.83,1.0,100,1
TXN_28889,USER_4337,68.5,1.0,100,1
TXN_36296,USER_7981,124.6,1.0,100,1
TXN_45297,USER_1745,43.48,1.0,100,1
TXN_16107,USER_7365,68.33,1.0,100,1
TXN_20465,USER_4169,371.69,1.0,100,1
TXN_34515,USER_2653,38.88,1.0,100,1
TXN_32790,USER_5860,215.79,1.0,100,1
TXN_34975,USER_2684,43.35,1.0,100,1
TXN_144,USER_6575,55.96,1.0,100,1
TXN_6835,USER_7054,186.98,1.0,100,1
TXN_26473,USER_7749,41.5,1.0,100,1
TXN_7342,USER_5944,215.21,1.0,100,1
TXN_31122,USER_7630,119.12,1.0,100,1
TXN_7920,USER_8727,334.0,1.0,100,1
TXN_35071,USER_9397,96.31,1.0,100,1
TXN_31405,USER_8226,11.41,1.0,100,1
TXN_36560,USER_2338,121.59,1.0,100,1
TXN_24109,USER_9146,214.61,1.0,100,1
TXN_15953,USER_2229,38.59,1.0,100,1
TXN_4252,USER_3845,276.17,1.0,100,1
TXN_33180,USER_3343,96.41,1.0,100,1
TXN_6193,USER_3311,175.58,1.0,100,1
TXN_38472,USER_7360,72.33,1.0,100,1
TXN_46703,USER_5101,291.37,1.0,100,1
TXN_32605,USER_8661,14.9,1.0,100,1
TXN_35351,USER_1391,42.23,1.0,100,1
TXN_28452,USER_3375,103.52,1.0,100,1
TXN_24803,USER_3175,119.09,1.0,100,1
TXN_48745,USER_3709,39.43,1.0,100,1
TXN_17311,USER_3127,73.57,1.0,100,1
TXN_12123,USER_3742,166.68,1.0,100,1
TXN_28232,USER_1714,65.99,1.0,100,1
TXN_23379,USER_5813,241.22,1.0,100,1
TXN_40084,USER_9647,238.54,1.0,100,1
TXN_41840,USER_3077,1.27,1.0,100,1
TXN_17838,USER_9917,130.88,1.0,100,1
TXN_7143,USER_4523,93.57,1.0,100,1
TXN_28364,USER_5335,131.94,1.0,100,1
TXN_47234,USER_8955,183.17,1.0,100,1
TXN_17581,USER_2285,460.01,1.0,100,1
TXN_38358,USER_7193,31.16,1.0,100,1
TXN_12759,USER_2718,73.68,1.0,100,1
TXN_22494,USER_2519,284.43,1.0,100,1
TXN_28160,USER_5436,19.16,1.0,100,1
TXN_399,USER_7905,8.4,1.0,100,1
TXN_19012,USER_3673,229.69,1.0,100,1
TXN_45417,USER_9551,36.3,1.0,100,1
TXN_46168,USER_4602,214.51,1.0,100,1
TXN_32610,USER_4169,137.82,1.0,100,1
TXN_17832,USER_6826,58.01,1.0,100,1
TXN_7879,USER_6372,33.88,1.0,100,1
TXN_41619,USER_8738,97.36,1.0,100,1
TXN_22815,USER_1637,329.89,1.0,100,1
TXN_24526,USER_3154,385.86,1.0,100,1
TXN_10210,USER_1356,40.34,1.0,100,1
TXN_32897,USER_3560,139.27,1.0,100,1
TXN_2531,USER_6002,237.08,1.0,100,1
TXN_21102,USER_1125,166.13,1.0,100,1
TXN_8393,USER_8368,78.44,1.0,100,1
TXN_18377,USER_9144,234.66,1.0,100,1
TXN_38902,USER_9596,39.42,1.0,100,1
TXN_10536,USER_2385,149.81,1.0,100,1
TXN_6529,USER_2196,4.88,1.0,100,1
TXN_45578,USER_4093,127.17,1.0,100,1
TXN_22557,USER_6950,82.74,1.0,100,1
TXN_30245,USER_6349,130.43,1.0,100,1
TXN_24447,USER_8902,170.23,1.0,100,1
TXN_33657,USER_9174,166.22,1.0,100,1
TXN_20885,USER_9367,53.26,1.0,100,1
TXN_8318,USER_3708,168.62,1.0,100,1
TXN_35817,USER_4329,44.56,1.0,100,1
TXN_926,USER_4797,24.58,1.0,100,1
TXN_41320,USER_8254,166.12,1.0,100,1
TXN_27311,USER_1544,22.55,1.0,100,1
TXN_1911,USER_2382,34.53,1.0,100,1
TXN_29034,USER_1043,5.86,1.0,100,1
TXN_17498,USER_7125,115.13,1.0,100,1
TXN_7024,USER_9047,77.37,1.0,100,1
TXN_43713,USER_1323,199.89,1.0,100,1
TXN_46179,USER_6461,43.87,1.0,100,1
TXN_20718,USER_3586,23.08,1.0,100,1
TXN_18415,USER_8923,65.52,1.0,100,1
TXN_24470,USER_8887,324.19,1.0,100,1
TXN_35460,USER_8302,72.19,1.0,100,1
TXN_12283,USER_4190,23.63,1.0,100,1
TXN_15821,USER_6650,83.17,1.0,100,1
TXN_25057,USER_3179,208.56,1.0,100,1
TXN_33512,USER_3029,167.48,1.0,100,1
TXN_44288,USER_6866,256.6,1.0,100,1
TXN_30393,USER_5608,20.93,1.0,100,1
TXN_609,USER_5000,59.03,1.0,100,1
TXN_33871,USER_7003,161.77,1.0,100,1
TXN_5676,USER_2008,130.12,1.0,100,1
TXN_44362,USER_7166,39.89,1.0,100,1
TXN_20413,USER_3151,15.45,1.0,100,1
TXN_23314,USER_4651,441.53,1.0,100,1
TXN_14109,USER_1982,164.7,1.0,100,1
TXN_34444,USER_5701,10.16,1.0,100,1
TXN_43151,USER_3847,0.19,1.0,100,1
TXN_28241,USER_5462,260.11,1.0,100,1
TXN_31718,USER_2686,63.78,1.0,100,1
TXN_8006,USER_2682,21.62,1.0,100,1
TXN_18476,USER_8763,59.24,1.0,100,1
TXN_13253,USER_9499,82.82,1.0,100,1
TXN_1226,USER_4430,183.46,1.0,100,1
TXN_38232,USER_1275,86.87,1.0,100,1
TXN_25562,USER_3926,12.36,1.0,100,1
TXN_24429,USER_9630,91.51,1.0,100,1
TXN_38848,USER_5064,11.32,1.0,100,1
TXN_14829,USER_3753,4.23,1.0,100,1
TXN_8040,USER_3108,40.43,1.0,100,1
TXN_22181,USER_8928,6.82,1.0,100,1
TXN_48393,USER_5032,318.61,1.0,100,1
TXN_17679,USER_2272,41.38,1.0,100,1
TXN_30589,USER_6958,67.55,1.0,100,1
TXN_7976,USER_7131,6.07,1.0,100,1
TXN_48575,USER_1676,80.62,1.0,100,1
TXN_22051,USER_9693,28.49,1.0,100,1
TXN_22295,USER_4670,160.11,1.0,100,1
TXN_9289,USER_6914,176.52,1.0,100,1
TXN_28236,USER_5529,114.89,1.0,100,1
TXN_41923,USER_5016,139.54,1.0,100,1
TXN_49959,USER_7725,14.57,1.0,100,1
TXN_49861,USER_4201,118.5,1.0,100,1
TXN_14697,USER_4011,204.68,1.0,100,1
TXN_43915,USER_5363,133.63,1.0,100,1
TXN_36414,USER_8675,182.85,1.0,100,1
TXN_29970,USER_3856,12.24,1.0,100,1
TXN_27647,USER_9644,554.12,1.0,100,1
TXN_28139,USER_8998,92.05,1.0,100,1
TXN_33415,USER_5337,248.13,1.0,100,1
TXN_9403,USER_8822,53.03,1.0,100,1
TXN_29860,USER_9359,533.17,1.0,100,1
TXN_37312,USER_2675,103.9,1.0,100,1
TXN_20046,USER_3482,7.25,1.0,100,1
TXN_25665,USER_4572,107.25,1.0,100,1
TXN_48427,USER_7991,145.94,1.0,100,1
TXN_46248,USER_3603,114.54,1.0,100,1
TXN_37010,USER_3755,58.76,1.0,100,1
TXN_46022,USER_1058,34.94,1.0,100,1
TXN_4016,USER_8069,119.03,1.0,100,1
TXN_38059,USER_1559,6.39,1.0,100,1
TXN_30809,USER_4318,27.91,1.0,100,1
TXN_646,USER_5719,3.34,1.0,100,1
TXN_5966,USER_1087,65.57,1.0,100,1
TXN_17123,USER_7600,159.04,1.0,100,1
TXN_31854,USER_7521,189.73,1.0,100,1
TXN_22572,USER_4325,406.79,1.0,100,1
TXN_26934,USER_5490,57.9,1.0,100,1
TXN_25209,USER_5266,70.9,1.0,100,1
TXN_33762,USER_7657,17.5,1.0,100,1
TXN_23310,USER_4469,222.67,1.0,100,1
TXN_44070,USER_5077,170.11,1.0,100,1
TXN_12618,USER_4069,4.13,1.0,100,1
TXN_31570,USER_1881,114.2,1.0,100,1
TXN_17244,USER_5568,0.16,1.0,100,1
TXN_10045,USER_3417,64.63,1.0,100,1
TXN_20833,USER_4686,120.68,1.0,100,1
TXN_10268,USER_6563,146.85,1.0,100,1
TXN_17757,USER_6835,129.6,1.0,100,1
TXN_18175,USER_4837,24.26,1.0,100,1
TXN_31513,USER_4856,174.24,1.0,100,1
TXN_18583,USER_7344,16.98,1.0,100,1
TXN_49291,USER_7742,49.2,1.0,100,1
TXN_4057,USER_3105,225.02,1.0,100,1
TXN_37447,USER_7625,128.59,1.0,100,1
TXN_23791,USER_6261,53.68,1.0,100,1
TXN_44593,USER_4926,0.37,1.0,100,1
TXN_12758,USER_2000,61.42,1.0,100,1
TXN_25266,USER_5236,127.39,1.0,100,1
TXN_41768,USER_5523,85.8,1.0,100,1
TXN_45179,USER_9147,134.32,1.0,100,1
TXN_681,USER_7269,43.1,1.0,100,1
TXN_9242,USER_6556,27.26,1.0,100,1
TXN_25315,USER_1414,36.33,1.0,100,1
TXN_33931,USER_8559,124.91,1.0,100,1
TXN_34965,USER_2047,0.95,1.0,100,1
TXN_3840,USER_7774,14.23,1.0,100,1
TXN_41827,USER_4514,280.72,1.0,100,1
TXN_45673,USER_6752,196.51,1.0,100,1
TXN_47713,USER_9325,240.88,1.0,100,1
TXN_19819,USER_6057,2.88,1.0,100,1
TXN_44216,USER_1136,159.29,1.0,100,1
TXN_25326,USER_7636,83.15,1.0,100,1
TXN_48430,USER_1109,63.37,1.0,100,1
TXN_28448,USER_1658,6.38,1.0,100,1
TXN_27719,USER_2366,459.25,1.0,100,1
TXN_23514,USER_6860,79.41,1.0,100,1
TXN_27506,USER_8839,44.59,1.0,100,1
TXN_48859,USER_2866,52.71,1.0,100,1
TXN_37428,USER_7281,8.63,1.0,100,1
TXN_31684,USER_1972,21.14,1.0,100,1
TXN_13484,USER_7957,16.69,1.0,100,1
TXN_40551,USER_3441,80.46,1.0,100,1
TXN_23584,USER_5080,73.9,1.0,100,1
TXN_43785,USER_3886,17.78,1.0,100,1
TXN_36900,USER_1786,253.43,1.0,100,1
TXN_10460,USER_2744,16.42,1.0,100,1
TXN_44984,USER_3203,31.43,1.0,100,1
TXN_8474,USER_1623,184.72,1.0,100,1
TXN_27450,USER_9825,1.81,1.0,100,1
TXN_8909,USER_8933,173.11,1.0,100,1
TXN_40078,USER_6200,133.0,1.0,100,1
TXN_36207,USER_1177,188.79,1.0,100,1
TXN_19015,USER_6101,2.43,1.0,100,1
TXN_27152,USER_6470,65.9,1.0,100,1
TXN_21239,USER_3380,31.08,1.0,100,1
TXN_16545,USER_2602,1.91,1.0,100,1
TXN_37745,USER_2409,115.3,1.0,100,1
TXN_6916,USER_6127,385.63,1.0,100,1
TXN_40829,USER_9532,164.22,1.0,100,1
TXN_45677,USER_5340,60.05,1.0,100,1
TXN_12377,USER_6977,44.7,1.0,100,1
TXN_11427,USER_5870,0.34,1.0,100,1
TXN_34117,USER_7998,299.08,1.0,100,1
TXN_24384,USER_4625,9.49,1.0,100,1
TXN_22603,USER_4678,123.05,1.0,100,1
TXN_14181,USER_9167,70.8,1.0,100,1
TXN_482,USER_8651,254.17,1.0,100,1
TXN_22229,USER_3640,98.22,1.0,100,1
TXN_25715,USER_5994,67.5,1.0,100,1
TXN_45929,USER_8474,46.27,1.0,100,1
TXN_7780,USER_6868,518.14,1.0,100,1
TXN_40987,USER_7815,158.87,1.0,100,1
TXN_10496,USER_6803,20.72,1.0,100,1
TXN_43005,USER_7224,25.64,1.0,100,1
TXN_38831,USER_1257,56.8,1.0,100,1
TXN_322,USER_5780,9.52,1.0,100,1
TXN_28532,USER_7372,55.56,1.0,100,1
TXN_28079,USER_7306,104.78,1.0,100,1
TXN_28474,USER_2972,8.83,1.0,100,1
TXN_31937,USER_1318,115.79,1.0,100,1
TXN_29909,USER_1573,10.4,1.0,100,1
TXN_7892,USER_3377,52.74,1.0,100,1
TXN_12024,USER_5066,43.26,1.0,100,1
TXN_25109,USER_4812,311.93,1.0,100,1
TXN_62,USER_2016,96.67,1.0,100,1
TXN_45114,USER_8920,14.27,1.0,100,1
TXN_42129,USER_1058,95.37,1.0,100,1
TXN_13911,USER_5445,44.37,1.0,100,1
TXN_35498,USER_7579,106.04,1.0,100,1
TXN_12617,USER_9684,325.01,1.0,100,1
TXN_39392,USER_3052,61.49,1.0,100,1
TXN_21634,USER_2125,83.41,1.0,100,1
TXN_27088,USER_8792,45.35,1.0,100,1
TXN_38869,USER_9448,23.53,1.0,100,1
TXN_44340,USER_4878,181.81,1.0,100,1
TXN_13591,USER_2486,112.85,1.0,100,1
TXN_16842,USER_5018,255.08,1.0,100,1
TXN_20849,USER_9650,151.95,1.0,100,1
TXN_24211,USER_2518,158.67,1.0,100,1
TXN_43338,USER_3532,65.53,1.0,100,1
TXN_36165,USER_3473,6.33,1.0,100,1
TXN_45144,USER_1933,129.29,1.0,100,1
TXN_17020,USER_3806,71.42,1.0,100,1
TXN_3180,USER_6634,55.37,1.0,100,1
TXN_41364,USER_3092,52.76,1.0,100,1
TXN_36448,USER_1640,115.86,1.0,100,1
TXN_5373,USER_8127,7.22,1.0,100,1
TXN_6111,USER_4258,162.37,1.0,100,1
TXN_13734,USER_7264,91.94,1.0,100,1
TXN_45047,USER_7042,19.89,1.0,100,1
TXN_37218,USER_1441,121.61,1.0,100,1
TXN_25884,USER_7826,135.16,1.0,100,1
TXN_19136,USER_2075,102.12,1.0,100,1
TXN_29608,USER_2113,23.3,1.0,100,1
TXN_47078,USER_6384,32.67,1.0,100,1
TXN_48920,USER_2320,55.17,1.0,100,1
TXN_36078,USER_2186,78.34,1.0,100,1
TXN_5235,USER_7429,163.59,1.0,100,1
TXN_41257,USER_6257,125.27,1.0,100,1
TXN_40553,USER_1042,128.87,1.0,100,1
TXN_37087,USER_7151,101.75,1.0,100,1
TXN_13167,USER_8638,288.97,1.0,100,1
TXN_46762,USER_9908,191.28,1.0,100,1
TXN_36329,USER_4351,179.92,1.0,100,1
TXN_8171,USER_5695,12.02,1.0,100,1
TXN_7497,USER_8694,165.51,1.0,100,1
TXN_23186,USER_2290,22.22,1.0,100,1
TXN_9998,USER_2999,213.79,1.0,100,1
TXN_8920,USER_1331,37.21,1.0,100,1
TXN_46456,USER_3526,77.36,1.0,100,1
TXN_16765,USER_7974,79.58,1.0,100,1
TXN_46385,USER_8511,27.32,1.0,100,1
TXN_28780,USER_7594,74.54,1.0,100,1
TXN_2095,USER_3979,4.83,1.0,100,1
TXN_18892,USER_8908,114.12,1.0,100,1
TXN_39190,USER_1308,136.9,1.0,100,1
TXN_43931,USER_3115,137.9,1.0,100,1
TXN_32343,USER_6957,166.67,1.0,100,1
TXN_30420,USER_7070,140.19,1.0,100,1
TXN_22921,USER_6972,29.07,1.0,100,1
TXN_31230,USER_8135,100.25,1.0,100,1
TXN_10166,USER_7702,149.73,1.0,100,1
TXN_43030,USER_7099,47.16,1.0,100,1
TXN_9384,USER_8636,0.94,1.0,100,1
TXN_35962,USER_7206,16.18,1.0,100,1
TXN_6526,USER_9524,25.7,1.0,100,1
TXN_18126,USER_3984,121.97,1.0,100,1
TXN_18694,USER_7059,307.96,1.0,100,1
TXN_12130,USER_5562,212.01,1.0,100,1
TXN_17518,USER_7443,218.94,1.0,100,1
TXN_40170,USER_2675,0.05,1.0,100,1
TXN_898,USER_1094,346.72,1.0,100,1
TXN_36917,USER_4254,198.82,1.0,100,1
TXN_32656,USER_9003,67.88,1.0,100,1
TXN_19315,USER_4311,39.36,1.0,100,1
TXN_41927,USER_3081,339.53,1.0,100,1
TXN_26749,USER_5777,64.3,1.0,100,1
TXN_24065,USER_6930,7.52,1.0,100,1
TXN_23077,USER_2569,37.35,1.0,100,1
TXN_9064,USER_3911,176.48,1.0,100,1
TXN_44931,USER_1732,41.67,1.0,100,1
TXN_38330,USER_5937,274.36,1.0,100,1
TXN_49128,USER_2344,278.8,1.0,100,1
TXN_37638,USER_1944,64.88,1.0,100,1
TXN_44842,USER_4334,268.25,1.0,100,1
TXN_38366,USER_5459,7.99,1.0,100,1
TXN_47344,USER_6621,39.22,1.0,100,1
TXN_42513,USER_9376,14.94,1.0,100,1
TXN_28322,USER_8729,23.81,1.0,100,1
TXN_8615,USER_8342,154.19,1.0,100,1
TXN_38923,USER_1358,149.44,1.0,100,1
TXN_18253,USER_8147,17.88,1.0,100,1
TXN_18999,USER_2982,138.2,1.0,100,1
TXN_2372,USER_8950,21.79,1.0,100,1
TXN_11224,USER_2550,49.49,1.0,100,1
TXN_32290,USER_9153,60.04,1.0,100,1
TXN_30202,USER_6496,75.65,1.0,100,1
TXN_3804,USER_8389,41.52,1.0,100,1
TXN_29311,USER_6155,22.17,1.0,100,1
TXN_26533,USER_1382,30.68,1.0,100,1
TXN_10970,USER_7837,103.21,1.0,100,1
TXN_21210,USER_7115,62.21,1.0,100,1
TXN_48388,USER_7004,74.57,1.0,100,1
TXN_14417,USER_7125,145.34,1.0,100,1
TXN_2638,USER_6744,136.8,1.0,100,1
TXN_2893,USER_9043,25.25,1.0,100,1
TXN_23745,USER_5982,96.51,1.0,100,1
TXN_37518,USER_8658,31.08,1.0,100,1
TXN_6648,USER_5155,12.54,1.0,100,1
TXN_5977,USER_6315,358.75,1.0,100,1
TXN_41663,USER_9320,130.8,1.0,100,1
TXN_231,USER_5199,290.21,1.0,100,1
TXN_7789,USER_2789,4.4,1.0,100,1
TXN_1876,USER_1963,297.93,1.0,100,1
TXN_48815,USER_3739,230.54,1.0,100,1
TXN_34075,USER_8155,60.33,1.0,100,1
TXN_5715,USER_1654,63.65,1.0,100,1
TXN_18983,USER_4280,5.31,1.0,100,1
TXN_16695,USER_8280,262.18,1.0,100,1
TXN_30141,USER_3302,79.77,1.0,100,1
TXN_44475,USER_5223,108.08,1.0,100,1
TXN_3095,USER_3369,17.73,1.0,100,1
TXN_24847,USER_6252,55.94,1.0,100,1
TXN_20992,USER_1964,113.34,1.0,100,1
TXN_47029,USER_6877,127.17,1.0,100,1
TXN_21680,USER_9333,22.75,1.0,100,1
TXN_31466,USER_3983,197.92,1.0,100,1
TXN_25497,USER_1565,54.51,1.0,100,1
TXN_28680,USER_9862,52.54,1.0,100,1
TXN_26182,USER_7883,160.45,1.0,100,1
TXN_9733,USER_5621,292.22,1.0,100,1
TXN_480,USER_8192,144.26,1.0,100,1
TXN_20453,USER_9892,82.81,1.0,100,1
TXN_14458,USER_5075,46.29,1.0,100,1
TXN_35075,USER_1002,90.49,1.0,100,1
TXN_19371,USER_5757,651.89,1.0,100,1
TXN_39231,USER_7070,82.71,1.0,100,1
TXN_5610,USER_5497,60.89,1.0,100,1
TXN_48654,USER_1178,17.18,1.0,100,1
TXN_35630,USER_7250,230.92,1.0,100,1
TXN_41100,USER_4331,14.12,1.0,100,1
TXN_29897,USER_4487,6.56,1.0,100,1
TXN_30602,USER_8878,224.16,1.0,100,1
TXN_625,USER_7600,52.97,1.0,100,1
TXN_32836,USER_3631,1.7,1.0,100,1
TXN_44981,USER_8205,106.34,1.0,100,1
TXN_36895,USER_3255,10.2,1.0,100,1
TXN_13904,USER_7828,24.42,1.0,100,1
TXN_25812,USER_1085,124.61,1.0,100,1
TXN_758,USER_7168,12.99,1.0,100,1
TXN_38341,USER_8958,49.2,1.0,100,1
TXN_2174,USER_7900,28.55,1.0,100,1
TXN_42474,USER_7550,123.82,1.0,100,1
TXN_15108,USER_4283,236.16,1.0,100,1
TXN_23848,USER_6317,3.6,1.0,100,1
TXN_15039,USER_3122,15.05,1.0,100,1
TXN_273,USER_2069,46.1,1.0,100,1
TXN_26492,USER_2777,52.32,1.0,100,1
TXN_31255,USER_7521,82.43,1.0,100,1
TXN_45946,USER_6444,21.73,1.0,100,1
TXN_39608,USER_3030,45.44,1.0,100,1
TXN_41951,USER_3264,52.88,1.0,100,1
TXN_38938,USER_4140,195.01,1.0,100,1
TXN_44359,USER_5854,357.22,1.0,100,1
TXN_18124,USER_8168,23.71,1.0,100,1
TXN_13586,USER_7659,8.26,1.0,100,1
TXN_3539,USER_8178,316.94,1.0,100,1
TXN_15044,USER_7987,238.38,1.0,100,1
TXN_40432,USER_5313,78.66,1.0,100,1
TXN_12230,USER_1347,45.84,1.0,100,1
TXN_44527,USER_7006,75.68,1.0,100,1
TXN_48545,USER_4995,238.62,1.0,100,1
TXN_20500,USER_8161,33.45,1.0,100,1
TXN_17593,USER_7103,345.59,1.0,100,1
TXN_40184,USER_1939,13.92,1.0,100,1
TXN_29502,USER_3676,126.8,1.0,100,1
TXN_26137,USER_9882,61.72,1.0,100,1
TXN_12814,USER_2682,175.32,1.0,100,1
TXN_9666,USER_5710,398.02,1.0,100,1
TXN_29539,USER_1342,247.5,1.0,100,1
TXN_558,USER_9053,71.02,1.0,100,1
TXN_21051,USER_5941,12.13,1.0,100,1
TXN_37817,USER_2716,34.2,1.0,100,1
TXN_11476,USER_1151,449.75,1.0,100,1
TXN_17419,USER_1339,203.44,1.0,100,1
TXN_49473,USER_3084,89.55,1.0,100,1
TXN_35220,USER_4365,255.37,1.0,100,1
TXN_6788,USER_6275,222.38,1.0,100,1
TXN_30103,USER_7038,225.94,1.0,100,1
TXN_35415,USER_4647,149.48,1.0,100,1
TXN_44003,USER_1281,76.24,1.0,100,1
TXN_41289,USER_5121,48.35,1.0,100,1
TXN_16089,USER_8749,130.96,1.0,100,1
TXN_15013,USER_8347,61.9,1.0,100,1
TXN_33264,USER_7688,41.69,1.0,100,1
TXN_11208,USER_4832,48.64,1.0,100,1
TXN_4669,USER_9435,1.42,1.0,100,1
TXN_42184,USER_4180,13.33,1.0,100,1
TXN_47471,USER_8899,8.22,1.0,100,1
TXN_31986,USER_8257,13.48,1.0,100,1
TXN_702,USER_6585,64.79,1.0,100,1
TXN_7515,USER_7745,218.22,1.0,100,1
TXN_33384,USER_3037,42.18,1.0,100,1
TXN_12575,USER_1622,236.58,1.0,100,1
TXN_19635,USER_2582,122.63,1.0,100,1
TXN_16690,USER_1025,262.3,1.0,100,1
TXN_1480,USER_4389,16.77,1.0,100,1
TXN_33088,USER_8705,74.51,1.0,100,1
TXN_7982,USER_1559,39.28,1.0,100,1
TXN_41757,USER_2904,187.08,1.0,100,1
TXN_29364,USER_8470,32.37,1.0,100,1
TXN_15888,USER_9287,21.09,1.0,100,1
TXN_5428,USER_8011,87.45,1.0,100,1
TXN_49635,USER_7003,34.08,1.0,100,1
TXN_10901,USER_5158,25.1,1.0,100,1
TXN_4877,USER_5539,76.11,1.0,100,1
TXN_10746,USER_3304,21.1,1.0,100,1
TXN_46519,USER_3751,36.57,1.0,100,1
TXN_19150,USER_1955,54.05,1.0,100,1
TXN_13236,USER_9294,175.19,1.0,100,1
TXN_745,USER_4086,11.98,1.0,100,1
TXN_2055,USER_8003,68.94,1.0,100,1
TXN_6100,USER_6956,19.74,1.0,100,1
TXN_48552,USER_7684,331.89,1.0,100,1
TXN_16135,USER_3161,47.86,1.0,100,1
TXN_22348,USER_3394,215.73,1.0,100,1
TXN_11535,USER_9382,260.77,1.0,100,1
TXN_5348,USER_4565,186.19,1.0,100,1
TXN_5367,USER_5704,107.33,1.0,100,1
TXN_48818,USER_4121,139.59,1.0,100,1
TXN_6750,USER_4981,89.82,1.0,100,1
TXN_21081,USER_6456,86.57,1.0,100,1
TXN_7478,USER_4091,159.92,1.0,100,1
TXN_11872,USER_5297,118.76,1.0,100,1
TXN_40739,USER_2860,10.96,1.0,100,1
TXN_11749,USER_5939,281.52,1.0,100,1
TXN_30970,USER_8865,65.47,1.0,100,1
TXN_14960,USER_2217,75.77,1.0,100,1
TXN_31687,USER_6001,37.6,1.0,100,1
TXN_23316,USER_5749,58.48,1.0,100,1
TXN_8454,USER_5185,84.26,1.0,100,1
TXN_23442,USER_8884,44.42,1.0,100,1
TXN_25680,USER_4990,210.31,1.0,100,1
TXN_460,USER_9787,12.31,1.0,100,1
TXN_31118,USER_5536,127.61,1.0,100,1
TXN_34014,USER_4818,10.57,1.0,100,1
TXN_7667,USER_6985,136.84,1.0,100,1
TXN_18209,USER_3122,241.02,1.0,100,1
TXN_15191,USER_2935,20.89,1.0,100,1
TXN_6522,USER_6694,107.6,1.0,100,1
TXN_34429,USER_3543,62.37,1.0,100,1
TXN_22396,USER_2190,146.22,1.0,100,1
TXN_3265,USER_4922,8.4,1.0,100,1
TXN_27660,USER_2700,129.76,1.0,100,1
TXN_18233,USER_7698,36.18,1.0,100,1
TXN_10500,USER_8556,108.4,1.0,100,1
TXN_4504,USER_5769,88.52,1.0,100,1
TXN_20691,USER_2471,237.58,1.0,100,1
TXN_21547,USER_5234,23.2,1.0,100,1
TXN_30500,USER_1336,91.72,1.0,100,1
TXN_23894,USER_8171,204.81,1.0,100,1
TXN_29760,USER_4745,69.24,1.0,100,1
TXN_5187,USER_3365,5.2,1.0,100,1
TXN_39163,USER_2905,150.09,1.0,100,1
TXN_47724,USER_2474,250.94,1.0,100,1
TXN_24353,USER_9157,54.1,1.0,100,1
TXN_49385,USER_9696,171.34,1.0,100,1
TXN_46127,USER_6729,77.79,1.0,100,1
TXN_28426,USER_2434,0.36,1.0,100,1
TXN_4689,USER_8345,327.49,1.0,100,1
TXN_2135,USER_4390,4.66,1.0,100,1
TXN_13375,USER_5053,51.12,1.0,100,1
TXN_23231,USER_1610,246.65,1.0,100,1
TXN_8528,USER_1187,31.9,1.0,100,1
TXN_45401,USER_4904,105.34,1.0,100,1
TXN_890,USER_7359,132.19,1.0,100,1
TXN_45871,USER_4470,174.86,1.0,100,1
TXN_12831,USER_9565,39.32,1.0,100,1
TXN_16176,USER_2948,45.92,1.0,100,1
TXN_17239,USER_2847,261.5,1.0,100,1
TXN_9349,USER_8740,212.57,1.0,100,1
TXN_32884,USER_3990,81.66,1.0,100,1
TXN_20410,USER_9232,80.36,1.0,100,1
TXN_24294,USER_4570,118.55,1.0,100,1
TXN_45333,USER_1170,47.77,1.0,100,1
TXN_9846,USER_9093,189.1,1.0,100,1
TXN_6308,USER_2308,35.93,1.0,100,1
TXN_12957,USER_1377,15.16,1.0,100,1
TXN_17141,USER_8051,29.41,1.0,100,1
TXN_36346,USER_5670,224.08,1.0,100,1
TXN_38109,USER_9186,2.07,1.0,100,1
TXN_21674,USER_6957,104.01,1.0,100,1
TXN_17690,USER_4571,194.72,1.0,100,1
TXN_10783,USER_6492,5.73,1.0,100,1
TXN_37538,USER_6294,130.91,1.0,100,1
TXN_8517,USER_4659,282.11,1.0,100,1
TXN_10009,USER_8086,103.01,1.0,100,1
TXN_34882,USER_4816,204.05,1.0,100,1
TXN_11808,USER_1244,122.62,1.0,100,1
TXN_33416,USER_7572,45.36,1.0,100,1
TXN_49767,USER_7326,350.13,1.0,100,1
TXN_34713,USER_5497,41.74,1.0,100,1
TXN_36687,USER_5080,34.74,1.0,100,1
TXN_27497,USER_3340,29.58,1.0,100,1
TXN_35083,USER_8976,22.02,1.0,100,1
TXN_46204,USER_6772,9.63,1.0,100,1
TXN_30342,USER_2801,118.25,1.0,100,1
TXN_25704,USER_8834,337.5,1.0,100,1
TXN_43730,USER_2851,154.81,1.0,100,1
TXN_6585,USER_2400,42.51,1.0,100,1
TXN_22550,USER_1641,104.21,1.0,100,1
TXN_49876,USER_5336,2.07,1.0,100,1
TXN_2726,USER_6347,170.37,1.0,100,1
TXN_2515,USER_2968,85.84,1.0,100,1
TXN_26308,USER_2196,84.76,1.0,100,1
TXN_21720,USER_9118,78.69,1.0,100,1
TXN_4248,USER_2001,96.21,1.0,100,1
TXN_8617,USER_4157,50.72,1.0,100,1
TXN_8442,USER_2472,346.19,1.0,100,1
TXN_7677,USER_3709,65.04,1.0,100,1
TXN_46735,USER_3875,265.12,1.0,100,1
TXN_34088,USER_9205,30.52,1.0,100,1
TXN_20305,USER_5434,131.42,1.0,100,1
TXN_47120,USER_9406,89.87,1.0,100,1
TXN_1720,USER_6291,20.88,1.0,100,1
TXN_32193,USER_2451,21.48,1.0,100,1
TXN_40298,USER_2558,159.32,1.0,100,1
TXN_29519,USER_5122,7.37,1.0,100,1
TXN_27325,USER_6768,60.19,1.0,100,1
TXN_4704,USER_5399,6.97,1.0,100,1
TXN_42211,USER_7421,126.16,1.0,100,1
TXN_9743,USER_6434,98.65,1.0,100,1
TXN_2900,USER_2316,113.42,1.0,100,1
TXN_6793,USER_8450,15.33,1.0,100,1
TXN_37326,USER_3317,110.85,1.0,100,1
TXN_31623,USER_6292,247.16,1.0,100,1
TXN_4724,USER_8211,40.53,1.0,100,1
TXN_1278,USER_2380,33.79,1.0,100,1
TXN_12395,USER_1689,105.03,1.0,100,1
TXN_23494,USER_1514,6.92,1.0,100,1
TXN_45022,USER_7473,422.78,1.0,100,1
TXN_38042,USER_6752,215.66,1.0,100,1
TXN_16313,USER_8290,127.56,1.0,100,1
TXN_42970,USER_4224,127.48,1.0,100,1
TXN_19580,USER_4133,50.9,1.0,100,1
TXN_48858,USER_5317,77.41,1.0,100,1
TXN_30053,USER_9507,290.22,1.0,100,1
TXN_47648,USER_2222,15.49,1.0,100,1
TXN_16000,USER_7615,23.23,1.0,100,1
TXN_24975,USER_8606,23.66,1.0,100,1
TXN_7499,USER_8083,66.63,1.0,100,1
TXN_46606,USER_7052,61.76,1.0,100,1
TXN_10593,USER_4029,72.04,1.0,100,1
TXN_36616,USER_6721,30.02,1.0,100,1
TXN_47596,USER_4647,23.56,1.0,100,1
TXN_43632,USER_7735,313.5,1.0,100,1
TXN_22702,USER_1087,15.67,1.0,100,1
TXN_37636,USER_4529,31.45,1.0,100,1
TXN_26362,USER_4891,49.02,1.0,100,1
TXN_15296,USER_9852,64.93,1.0,100,1
TXN_9925,USER_1789,62.86,1.0,100,1
TXN_38485,USER_7723,149.17,1.0,100,1
TXN_38603,USER_1174,40.02,1.0,100,1
TXN_29102,USER_1976,158.42,1.0,100,1
TXN_17681,USER_2862,4.89,1.0,100,1
TXN_46231,USER_2263,246.36,1.0,100,1
TXN_18370,USER_1602,55.85,1.0,100,1
TXN_32825,USER_9018,141.66,1.0,100,1
TXN_25151,USER_9746,170.31,1.0,100,1
TXN_43800,USER_8300,87.37,1.0,100,1
TXN_16539,USER_3935,46.98,1.0,100,1
TXN_49276,USER_9889,746.84,1.0,100,1
TXN_5501,USER_1815,33.01,1.0,100,1
TXN_47206,USER_2139,47.26,1.0,100,1
TXN_1077,USER_9232,48.45,1.0,100,1
TXN_48397,USER_8442,25.78,1.0,100,1
TXN_37061,USER_4925,129.96,1.0,100,1
TXN_16581,USER_4052,145.99,1.0,100,1
TXN_41557,USER_2260,84.56,1.0,100,1
TXN_32529,USER_4309,294.12,1.0,100,1
TXN_16852,USER_5275,109.42,1.0,100,1
TXN_46330,USER_9229,74.91,1.0,100,1
TXN_3425,USER_6041,0.01,1.0,100,1
TXN_37423,USER_9887,162.87,1.0,100,1
TXN_35276,USER_1409,174.35,1.0,100,1
TXN_13826,USER_4403,8.78,1.0,100,1
TXN_37519,USER_4212,132.83,1.0,100,1
TXN_46556,USER_2429,160.25,1.0,100,1
TXN_38894,USER_9810,232.76,1.0,100,1
TXN_32817,USER_1304,186.27,1.0,100,1
TXN_34896,USER_7818,57.17,1.0,100,1
TXN_4120,USER_8531,39.23,1.0,100,1
TXN_10214,USER_5131,70.12,1.0,100,1
TXN_2417,USER_9472,271.29,1.0,100,1
TXN_12261,USER_4107,8.63,1.0,100,1
TXN_24988,USER_5953,7.53,1.0,100,1
TXN_9468,USER_5791,121.65,1.0,100,1
TXN_43422,USER_8050,1.02,1.0,100,1
TXN_14946,USER_8645,108.06,1.0,100,1
TXN_38150,USER_3793,87.94,1.0,100,1
TXN_25472,USER_5865,105.37,1.0,100,1
TXN_29982,USER_3825,122.55,1.0,100,1
TXN_17287,USER_4019,2.02,1.0,100,1
TXN_29065,USER_8639,101.96,1.0,100,1
TXN_12955,USER_8960,459.01,1.0,100,1
TXN_22897,USER_4283,446.88,1.0,100,1
TXN_43321,USER_8574,46.56,1.0,100,1
TXN_41441,USER_5683,6.57,1.0,100,1
TXN_46468,USER_8968,72.05,1.0,100,1
TXN_6653,USER_9624,46.71,1.0,100,1
TXN_34541,USER_1739,6.7,1.0,100,1
TXN_29601,USER_6812,43.38,1.0,100,1
TXN_32384,USER_8203,312.34,1.0,100,1
TXN_39162,USER_2544,133.78,1.0,100,1
TXN_24319,USER_3003,5.6,1.0,100,1
TXN_42389,USER_7747,56.19,1.0,100,1
TXN_37767,USER_2553,144.31,1.0,100,1
TXN_18137,USER_9448,51.06,1.0,100,1
TXN_27919,USER_6412,72.38,1.0,100,1
TXN_29995,USER_3090,171.5,1.0,100,1
TXN_41754,USER_2186,27.08,1.0,100,1
TXN_42858,USER_1456,127.04,1.0,100,1
TXN_26041,USER_4653,24.45,1.0,100,1
TXN_48417,USER_1287,10.45,1.0,100,1
TXN_48722,USER_4829,372.98,1.0,100,1
TXN_29273,USER_6231,62.99,1.0,100,1
TXN_29174,USER_2555,65.8,1.0,100,1
TXN_48806,USER_7688,28.28,1.0,100,1
TXN_46360,USER_2822,3.4,1.0,100,1
TXN_10869,USER_5869,140.66,1.0,100,1
TXN_32561,USER_7629,276.57,1.0,100,1
TXN_8960,USER_1264,16.18,1.0,100,1
TXN_25284,USER_2795,132.11,1.0,100,1
TXN_17196,USER_2370,91.07,1.0,100,1
TXN_30973,USER_3617,18.59,1.0,100,1
TXN_25162,USER_5946,24.1,1.0,100,1
TXN_43811,USER_2194,2.5,1.0,100,1
TXN_44116,USER_9747,29.99,1.0,100,1
TXN_46035,USER_1461,63.56,1.0,100,1
TXN_30036,USER_3612,61.84,1.0,100,1
TXN_38202,USER_8501,7.42,1.0,100,1
TXN_30837,USER_4708,55.88,1.0,100,1
TXN_11220,USER_7911,277.0,1.0,100,1
TXN_30364,USER_5497,7.9,1.0,100,1
TXN_42810,USER_5213,60.84,1.0,100,1
TXN_30365,USER_3867,80.1,1.0,100,1
TXN_41681,USER_1739,65.58,1.0,100,1
TXN_2081,USER_6995,120.45,1.0,100,1
TXN_48266,USER_6297,136.58,1.0,100,1
TXN_46339,USER_7704,137.79,1.0,100,1
TXN_28175,USER_3346,193.49,1.0,100,1
TXN_48582,USER_5862,17.11,1.0,100,1
TXN_10369,USER_8835,15.24,1.0,100,1
TXN_24066,USER_2058,24.43,1.0,100,1
TXN_11846,USER_5288,205.78,1.0,100,1
TXN_1484,USER_1207,264.84,1.0,100,1
TXN_2527,USER_6670,102.25,1.0,100,1
TXN_35238,USER_4943,93.47,1.0,100,1
TXN_33520,USER_8849,28.26,1.0,100,1
TXN_36440,USER_6276,70.19,1.0,100,1
TXN_16749,USER_8838,29.29,1.0,100,1
TXN_21564,USER_5295,73.21,1.0,100,1
TXN_1182,USER_2521,134.9,1.0,100,1
TXN_10742,USER_4275,12.41,1.0,100,1
TXN_1508,USER_1661,21.42,1.0,100,1
TXN_44157,USER_2177,37.9,1.0,100,1
TXN_10445,USER_3666,91.0,1.0,100,1
TXN_14761,USER_9632,75.6,1.0,100,1
TXN_23498,USER_9882,23.75,1.0,100,1
TXN_41547,USER_7140,12.77,1.0,100,1
TXN_46010,USER_2511,160.66,1.0,100,1
TXN_49171,USER_2547,25.88,1.0,100,1
TXN_41065,USER_2044,148.81,1.0,100,1
TXN_7474,USER_3756,2.03,1.0,100,1
TXN_7442,USER_5541,247.31,1.0,100,1
TXN_33789,USER_6518,33.0,1.0,100,1
TXN_41690,USER_2014,1.94,1.0,100,1
TXN_38332,USER_1663,59.93,1.0,100,1
TXN_45754,USER_6222,36.63,1.0,100,1
TXN_10758,USER_4591,144.67,1.0,100,1
TXN_25387,USER_1462,28.03,1.0,100,1
TXN_38741,USER_6048,54.67,1.0,100,1
TXN_39470,USER_6251,226.58,1.0,100,1
TXN_18972,USER_9428,240.27,1.0,100,1
TXN_9987,USER_6588,51.63,1.0,100,1
TXN_42857,USER_3312,41.7,1.0,100,1
TXN_11546,USER_6409,62.8,1.0,100,1
TXN_37082,USER_1389,168.14,1.0,100,1
TXN_27623,USER_7679,42.29,1.0,100,1
TXN_2624,USER_3606,280.16,1.0,100,1
TXN_49631,USER_3672,21.88,1.0,100,1
TXN_17457,USER_7077,26.73,1.0,100,1
TXN_5739,USER_2997,18.45,1.0,100,1
TXN_40771,USER_1580,33.23,1.0,100,1
TXN_27600,USER_2343,274.56,1.0,100,1
TXN_46615,USER_5164,229.25,1.0,100,1
TXN_17377,USER_6502,72.85,1.0,100,1
TXN_27393,USER_8058,147.04,1.0,100,1
TXN_47974,USER_6580,17.51,1.0,100,1
TXN_37273,USER_8191,34.55,1.0,100,1
TXN_14584,USER_9198,154.28,1.0,100,1
TXN_48979,USER_7690,100.29,1.0,100,1
TXN_49310,USER_7106,1.87,1.0,100,1
TXN_44790,USER_1056,21.04,1.0,100,1
TXN_5228,USER_4440,179.12,1.0,100,1
TXN_17897,USER_9819,25.4,1.0,100,1
TXN_10743,USER_5050,81.47,1.0,100,1
TXN_26366,USER_8553,29.44,1.0,100,1
TXN_48607,USER_3709,43.72,1.0,100,1
TXN_26164,USER_3171,6.93,1.0,100,1
TXN_38020,USER_4662,78.65,1.0,100,1
TXN_27451,USER_4499,73.17,1.0,100,1
TXN_3161,USER_7614,230.83,1.0,100,1
TXN_17874,USER_6704,125.29,1.0,100,1
TXN_19272,USER_8166,149.2,1.0,100,1
TXN_19557,USER_2952,36.39,1.0,100,1
TXN_862,USER_2997,41.72,1.0,100,1
TXN_43652,USER_9474,178.89,1.0,100,1
TXN_39900,USER_4149,0.08,1.0,100,1
TXN_26391,USER_8051,74.48,1.0,100,1
TXN_38463,USER_1150,129.03,1.0,100,1
TXN_12556,USER_2178,79.56,1.0,100,1
TXN_19721,USER_5887,139.07,1.0,100,1
TXN_34107,USER_3010,76.42,1.0,100,1
TXN_45949,USER_5482,217.86,1.0,100,1
TXN_32804,USER_1910,214.38,1.0,100,1
TXN_9118,USER_6775,28.93,1.0,100,1
TXN_7431,USER_5677,2.37,1.0,100,1
TXN_35263,USER_7703,37.06,1.0,100,1
TXN_24393,USER_5728,132.49,1.0,100,1
TXN_20015,USER_2376,66.46,1.0,100,1
TXN_8745,USER_9834,7.61,1.0,100,1
TXN_2742,USER_3819,31.38,1.0,100,1
TXN_40652,USER_8135,0.43,1.0,100,1
TXN_26753,USER_8510,46.42,1.0,100,1
TXN_39273,USER_6679,100.49,1.0,100,1
TXN_25030,USER_4655,53.64,1.0,100,1
TXN_15951,USER_1422,18.38,1.0,100,1
TXN_48943,USER_8686,65.71,1.0,100,1
TXN_35419,USER_3067,157.92,1.0,100,1
TXN_43063,USER_3597,106.96,1.0,100,1
TXN_31148,USER_7160,93.7,1.0,100,1
TXN_24564,USER_8023,34.15,1.0,100,1
TXN_1131,USER_6760,146.81,1.0,100,1
TXN_17227,USER_3177,6.19,1.0,100,1
TXN_38933,USER_9003,8.85,1.0,100,1
TXN_44729,USER_8882,29.31,1.0,100,1
TXN_23553,USER_6948,87.3,1.0,100,1
TXN_44276,USER_2967,296.54,1.0,100,1
TXN_10413,USER_4605,147.35,1.0,100,1
TXN_3243,USER_1174,39.24,1.0,100,1
TXN_30534,USER_3052,98.88,1.0,100,1
TXN_39624,USER_5561,75.89,1.0,100,1
TXN_5836,USER_8338,125.01,1.0,100,1
TXN_18698,USER_9050,159.79,1.0,100,1
TXN_29307,USER_7671,14.75,1.0,100,1
TXN_15800,USER_3480,20.67,1.0,100,1
TXN_13013,USER_8077,172.11,1.0,100,1
TXN_19901,USER_1478,126.21,1.0,100,1
TXN_39995,USER_8031,39.37,1.0,100,1
TXN_24569,USER_7473,46.41,1.0,100,1
TXN_24775,USER_9023,33.72,1.0,100,1
TXN_18686,USER_8585,21.66,1.0,100,1
TXN_48428,USER_7773,231.56,1.0,100,1
TXN_49196,USER_7925,63.11,1.0,100,1
TXN_25408,USER_6428,10.37,1.0,100,1
TXN_21609,USER_7998,187.54,1.0,100,1
TXN_28713,USER_3626,261.07,1.0,100,1
TXN_11014,USER_5789,85.85,1.0,100,1
TXN_33698,USER_2635,126.13,1.0,100,1
TXN_8468,USER_5995,71.15,1.0,100,1
TXN_3555,USER_6097,60.6,1.0,100,1
TXN_27612,USER_7980,45.29,1.0,100,1
TXN_40154,USER_8140,81.06,1.0,100,1
TXN_28956,USER_5744,49.64,1.0,100,1
TXN_3663,USER_4516,154.82,1.0,100,1
TXN_15798,USER_7208,160.67,1.0,100,1
TXN_1668,USER_2440,105.61,1.0,100,1
TXN_29833,USER_2384,48.53,1.0,100,1
TXN_48625,USER_3211,181.83,1.0,100,1
TXN_18496,USER_8909,112.76,1.0,100,1
TXN_46296,USER_3411,32.16,1.0,100,1
TXN_22892,USER_3218,7.28,1.0,100,1
TXN_21131,USER_1203,120.83,1.0,100,1
TXN_45054,USER_1201,121.18,1.0,100,1
TXN_21154,USER_5453,140.68,1.0,100,1
TXN_44596,USER_9680,81.32,1.0,100,1
TXN_31365,USER_2391,59.85,1.0,100,1
TXN_5275,USER_8329,115.41,1.0,100,1
TXN_42942,USER_9687,74.04,1.0,100,1
TXN_49246,USER_4461,70.64,1.0,100,1
TXN_25403,USER_6813,192.39,1.0,100,1
TXN_25598,USER_2610,38.32,1.0,100,1
TXN_5045,USER_2167,61.66,1.0,100,1
TXN_21296,USER_8333,298.08,1.0,100,1
TXN_22779,USER_8084,13.04,1.0,100,1
TXN_22264,USER_8048,145.23,1.0,100,1
TXN_38294,USER_6595,24.38,1.0,100,1
TXN_10476,USER_2753,197.68,1.0,100,1
TXN_10064,USER_8207,28.43,1.0,100,1
TXN_7852,USER_1352,122.5,1.0,100,1
TXN_354,USER_7799,108.36,1.0,100,1
TXN_20705,USER_3687,127.36,1.0,100,1
TXN_22952,USER_1718,9.86,1.0,100,1
TXN_29574,USER_8388,224.08,1.0,100,1
TXN_36251,USER_9185,379.89,1.0,100,1
TXN_49895,USER_8160,26.71,1.0,100,1
TXN_21043,USER_4738,78.74,1.0,100,1
TXN_38381,USER_1128,9.2,1.0,100,1
TXN_15207,USER_9508,47.26,1.0,100,1
TXN_6268,USER_4787,105.35,1.0,100,1
TXN_34613,USER_4881,26.06,1.0,100,1
TXN_9986,USER_9814,101.94,1.0,100,1
TXN_21377,USER_1167,186.27,1.0,100,1
TXN_41396,USER_9819,94.26,1.0,100,1
TXN_25673,USER_6728,49.57,1.0,100,1
TXN_18219,USER_9309,21.63,1.0,100,1
TXN_34976,USER_1869,174.63,1.0,100,1
TXN_28580,USER_8419,21.48,1.0,100,1
TXN_26822,USER_1871,148.09,1.0,100,1
TXN_37315,USER_7744,48.69,1.0,100,1
TXN_38925,USER_5386,64.18,1.0,100,1
TXN_38002,USER_6715,301.87,1.0,100,1
TXN_27619,USER_6379,47.59,1.0,100,1
TXN_35316,USER_7510,159.41,1.0,100,1
TXN_48344,USER_7704,122.41,1.0,100,1
TXN_15157,USER_9775,503.18,1.0,100,1
TXN_4336,USER_9622,21.07,1.0,100,1
TXN_22898,USER_2461,257.12,1.0,100,1
TXN_33492,USER_4294,32.21,1.0,100,1
TXN_11827,USER_1858,234.81,1.0,100,1
TXN_13290,USER_2364,222.64,1.0,100,1
TXN_24784,USER_9998,59.42,1.0,100,1
TXN_40804,USER_1748,439.49,1.0,100,1
TXN_15286,USER_2539,342.9,1.0,100,1
TXN_43832,USER_9693,155.88,1.0,100,1
TXN_32447,USER_2613,14.87,1.0,100,1
TXN_5089,USER_2754,114.74,1.0,100,1
TXN_22016,USER_4367,38.52,1.0,100,1
TXN_35406,USER_9386,190.1,1.0,100,1
TXN_43607,USER_7902,67.49,1.0,100,1
TXN_45267,USER_8254,44.54,1.0,100,1
TXN_26364,USER_6229,66.69,1.0,100,1
TXN_49204,USER_8517,149.37,1.0,100,1
TXN_11597,USER_6118,289.27,1.0,100,1
TXN_44648,USER_7079,164.01,1.0,100,1
TXN_11275,USER_6710,127.99,1.0,100,1
TXN_29288,USER_4063,255.29,1.0,100,1
TXN_5975,USER_7606,46.85,1.0,100,1
TXN_32878,USER_3485,187.62,1.0,100,1
TXN_13000,USER_1617,40.48,1.0,100,1
TXN_30385,USER_5423,202.76,1.0,100,1
TXN_39238,USER_5186,11.61,1.0,100,1
TXN_3912,USER_7094,75.23,1.0,100,1
TXN_25485,USER_9237,87.25,1.0,100,1
TXN_13700,USER_6161,217.97,1.0,100,1
TXN_38359,USER_4305,165.55,1.0,100,1
TXN_19820,USER_7810,10.8,1.0,100,1
TXN_45749,USER_4856,770.61,1.0,100,1
TXN_1397,USER_3255,114.75,1.0,100,1
TXN_37445,USER_7346,440.65,1.0,100,1
TXN_23969,USER_4966,14.19,1.0,100,1
TXN_21656,USER_3159,80.2,1.0,100,1
TXN_39438,USER_7017,120.67,1.0,100,1
TXN_41714,USER_3279,19.71,1.0,100,1
TXN_4538,USER_1615,93.56,1.0,100,1
TXN_46030,USER_5932,27.58,1.0,100,1
TXN_10926,USER_3357,65.88,1.0,100,1
TXN_19395,USER_1965,13.12,1.0,100,1
TXN_19888,USER_6442,38.04,1.0,100,1
TXN_42030,USER_4212,70.26,1.0,100,1
TXN_10814,USER_5260,108.02,1.0,100,1
TXN_27893,USER_6390,10.58,1.0,100,1
TXN_29557,USER_3538,70.45,1.0,100,1
TXN_33557,USER_2501,198.08,1.0,100,1
TXN_30796,USER_4459,6.12,1.0,100,1
TXN_1621,USER_5612,11.17,1.0,100,1
TXN_39246,USER_4973,88.89,1.0,100,1
TXN_47730,USER_6782,32.67,1.0,100,1
TXN_8880,USER_1144,99.28,1.0,100,1
TXN_45126,USER_8138,4.53,1.0,100,1
TXN_6939,USER_2721,17.73,1.0,100,1
TXN_33713,USER_4937,34.57,1.0,100,1
TXN_45566,USER_8739,15.83,1.0,100,1
TXN_26644,USER_2305,39.07,1.0,100,1
TXN_16030,USER_5505,18.49,1.0,100,1
TXN_1246,USER_1806,75.29,1.0,100,1
TXN_17309,USER_9275,35.4,1.0,100,1
TXN_37771,USER_5949,12.71,1.0,100,1
TXN_3705,USER_3581,52.17,1.0,100,1
TXN_15806,USER_3689,105.38,1.0,100,1
TXN_18841,USER_6752,191.51,1.0,100,1
TXN_17039,USER_4613,154.01,1.0,100,1
TXN_28970,USER_3983,30.11,1.0,100,1
TXN_18432,USER_6184,44.15,1.0,100,1
TXN_23945,USER_6477,58.54,1.0,100,1
TXN_5211,USER_5565,2.81,1.0,100,1
TXN_40877,USER_3670,53.99,1.0,100,1
TXN_16062,USER_9680,85.25,1.0,100,1
TXN_17566,USER_1675,154.2,1.0,100,1
TXN_39885,USER_3186,12.38,1.0,100,1
TXN_1784,USER_8397,49.57,1.0,100,1
TXN_34659,USER_2259,125.95,1.0,100,1
TXN_24913,USER_5418,216.47,1.0,100,1
TXN_8088,USER_2848,182.6,1.0,100,1
TXN_35633,USER_8003,264.52,1.0,100,1
TXN_16134,USER_4205,212.33,1.0,100,1
TXN_512,USER_6541,96.01,1.0,100,1
TXN_38260,USER_9732,8.79,1.0,100,1
TXN_12933,USER_7563,74.53,1.0,100,1
TXN_6072,USER_4990,0.06,1.0,100,1
TXN_17577,USER_2312,148.48,1.0,100,1
TXN_43900,USER_9022,83.24,1.0,100,1
TXN_46856,USER_4017,11.17,1.0,100,1
TXN_4550,USER_5054,104.66,1.0,100,1
TXN_11061,USER_5314,46.93,1.0,100,1
TXN_9134,USER_7283,58.25,1.0,100,1
TXN_5369,USER_5920,94.13,1.0,100,1
TXN_33446,USER_8688,103.78,1.0,100,1
TXN_47338,USER_6136,124.35,1.0,100,1
TXN_38365,USER_6467,55.43,1.0,100,1
TXN_5466,USER_6091,17.83,1.0,100,1
TXN_22114,USER_7286,2.7,1.0,100,1
TXN_2386,USER_1441,56.78,1.0,100,1
TXN_1841,USER_6435,82.81,1.0,100,1
TXN_729,USER_7809,11.4,1.0,100,1
TXN_36359,USER_8676,98.39,1.0,100,1
TXN_18719,USER_8739,202.24,1.0,100,1
TXN_3899,USER_8657,93.29,1.0,100,1
TXN_49785,USER_6891,142.01,1.0,100,1
TXN_28057,USER_2728,62.82,1.0,100,1
TXN_657,USER_7941,243.22,1.0,100,1
TXN_41399,USER_3174,76.51,1.0,100,1
TXN_23622,USER_4985,2.0,1.0,100,1
TXN_42452,USER_4098,125.0,1.0,100,1
TXN_33042,USER_6991,145.41,1.0,100,1
TXN_29628,USER_9852,76.54,1.0,100,1
TXN_40381,USER_8655,9.87,1.0,100,1
TXN_5936,USER_8194,197.09,1.0,100,1
TXN_26538,USER_7594,219.47,1.0,100,1
TXN_24380,USER_9113,8.15,1.0,100,1
TXN_23549,USER_3334,34.3,1.0,100,1
TXN_10436,USER_6907,15.82,1.0,100,1
TXN_17780,USER_4737,4.11,1.0,100,1
TXN_14632,USER_2693,64.64,1.0,100,1
TXN_24223,USER_9638,18.67,1.0,100,1
TXN_3002,USER_9707,161.18,1.0,100,1
TXN_14825,USER_5456,25.11,1.0,100,1
TXN_28697,USER_9166,108.83,1.0,100,1
TXN_9062,USER_3303,332.79,1.0,100,1
TXN_32741,USER_5854,115.0,1.0,100,1
TXN_5540,USER_9521,18.68,1.0,100,1
TXN_6367,USER_4936,28.12,1.0,100,1
TXN_18246,USER_7121,252.1,1.0,100,1
TXN_17324,USER_5929,33.91,1.0,100,1
TXN_23034,USER_7071,107.63,1.0,100,1
TXN_40418,USER_4029,135.2,1.0,100,1
TXN_14926,USER_5999,61.69,1.0,100,1
TXN_48332,USER_8835,120.01,1.0,100,1
TXN_5245,USER_9313,137.41,1.0,100,1
TXN_49497,USER_9002,251.13,1.0,100,1
TXN_13863,USER_8082,35.81,1.0,100,1
TXN_38690,USER_4432,20.66,1.0,100,1
TXN_6420,USER_3147,233.44,1.0,100,1
TXN_13717,USER_8127,149.9,1.0,100,1
TXN_14192,USER_8374,29.18,1.0,100,1
TXN_10153,USER_7057,104.19,1.0,100,1
TXN_32812,USER_6862,46.24,1.0,100,1
TXN_44315,USER_8653,411.2,1.0,100,1
TXN_20790,USER_7893,396.2,1.0,100,1
TXN_39446,USER_9736,215.51,1.0,100,1
TXN_19432,USER_2378,133.14,1.0,100,1
TXN_19075,USER_1393,3.99,1.0,100,1
TXN_4988,USER_3572,741.76,1.0,100,1
TXN_40377,USER_9491,98.17,1.0,100,1
TXN_19306,USER_7936,4.3,1.0,100,1
TXN_36501,USER_1123,358.25,1.0,100,1
TXN_11281,USER_3049,158.48,1.0,100,1
TXN_9055,USER_6370,59.0,1.0,100,1
TXN_32721,USER_2238,2.05,1.0,100,1
TXN_3028,USER_5781,60.0,1.0,100,1
TXN_28446,USER_8812,87.02,1.0,100,1
TXN_9656,USER_7163,3.11,1.0,100,1
TXN_40888,USER_7101,151.3,1.0,100,1
TXN_45286,USER_7320,10.13,1.0,100,1
TXN_20696,USER_6552,82.77,1.0,100,1
TXN_233,USER_3557,17.61,1.0,100,1
TXN_10339,USER_4587,50.97,1.0,100,1
TXN_49261,USER_9707,26.92,1.0,100,1
TXN_31011,USER_7649,0.7,1.0,100,1
TXN_30767,USER_2270,99.41,1.0,100,1
TXN_42179,USER_9081,52.46,1.0,100,1
TXN_31689,USER_8476,57.11,1.0,100,1
TXN_5165,USER_2449,239.51,1.0,100,1
TXN_5345,USER_1666,226.19,1.0,100,1
TXN_24656,USER_5680,145.17,1.0,100,1
TXN_40439,USER_3007,53.0,1.0,100,1
TXN_46651,USER_8917,115.07,1.0,100,1
TXN_45226,USER_3619,1.58,1.0,100,1
TXN_3077,USER_7976,42.48,1.0,100,1
TXN_10613,USER_9566,159.52,1.0,100,1
TXN_7831,USER_6105,62.76,1.0,100,1
TXN_22750,USER_7238,285.45,1.0,100,1
TXN_35813,USER_5492,256.19,1.0,100,1
TXN_5455,USER_1067,120.05,1.0,100,1
TXN_16338,USER_8782,17.86,1.0,100,1
TXN_20564,USER_4199,71.99,1.0,100,1
TXN_9693,USER_8370,256.36,1.0,100,1
TXN_14129,USER_7818,207.66,1.0,100,1
TXN_38903,USER_8549,178.48,1.0,100,1
TXN_30128,USER_3679,67.1,1.0,100,1
TXN_18129,USER_6043,13.67,1.0,100,1
TXN_27669,USER_7241,49.5,1.0,100,1
TXN_756,USER_7288,53.72,1.0,100,1
TXN_27211,USER_9811,126.98,1.0,100,1
TXN_36641,USER_7130,29.42,1.0,100,1
TXN_5879,USER_1848,110.35,1.0,100,1
TXN_12414,USER_7817,112.08,1.0,100,1
TXN_18809,USER_3364,314.57,1.0,100,1
TXN_116,USER_1863,98.36,1.0,100,1
TXN_49141,USER_9796,122.85,1.0,100,1
TXN_36082,USER_3719,128.4,1.0,100,1
TXN_24456,USER_1203,46.43,1.0,100,1
TXN_27737,USER_9782,60.99,1.0,100,1
TXN_17179,USER_9143,94.68,1.0,100,1
TXN_42726,USER_1141,24.24,1.0,100,1
TXN_32676,USER_1491,875.71,1.0,100,1
TXN_18806,USER_3667,194.58,1.0,100,1
TXN_19011,USER_8971,18.27,1.0,100,1
TXN_3022,USER_2072,59.49,1.0,100,1
TXN_43061,USER_8144,358.28,1.0,100,1
TXN_26689,USER_5134,109.86,1.0,100,1
TXN_46098,USER_5324,30.23,1.0,100,1
TXN_19219,USER_9311,9.92,1.0,100,1
TXN_194,USER_8098,289.26,1.0,100,1
TXN_17900,USER_7066,151.99,1.0,100,1
TXN_14579,USER_1440,140.06,1.0,100,1
TXN_47720,USER_8762,107.3,1.0,100,1
TXN_30081,USER_3076,89.99,1.0,100,1
TXN_30843,USER_5582,115.45,1.0,100,1
TXN_45755,USER_3179,15.73,1.0,100,1
TXN_35250,USER_2268,67.53,1.0,100,1
TXN_75,USER_8208,368.91,1.0,100,1
TXN_14982,USER_6147,0.26,1.0,100,1
TXN_16113,USER_5795,192.52,1.0,100,1
TXN_15695,USER_5695,72.31,1.0,100,1
TXN_48407,USER_1221,10.33,1.0,100,1
TXN_30392,USER_8252,455.77,1.0,100,1
TXN_30914,USER_3803,224.19,1.0,100,1
TXN_30633,USER_1449,158.47,1.0,100,1
TXN_24383,USER_9906,183.85,1.0,100,1
TXN_15814,USER_8838,176.24,1.0,100,1
TXN_6108,USER_1922,186.9,1.0,100,1
TXN_1631,USER_5909,62.91,1.0,100,1
TXN_36752,USER_2466,56.14,1.0,100,1
TXN_15632,USER_4299,105.84,1.0,100,1
TXN_45502,USER_4464,36.45,1.0,100,1
TXN_9237,USER_6896,18.07,1.0,100,1
TXN_16256,USER_9126,5.67,1.0,100,1
TXN_10533,USER_7208,11.79,1.0,100,1
TXN_45490,USER_9980,30.31,1.0,100,1
TXN_29338,USER_4844,39.47,1.0,100,1
TXN_45701,USER_8948,90.55,1.0,100,1
TXN_20370,USER_9794,161.0,1.0,100,1
TXN_20999,USER_2840,31.87,1.0,100,1
TXN_43330,USER_5052,162.3,1.0,100,1
TXN_30442,USER_4725,30.83,1.0,100,1
TXN_20137,USER_8988,83.47,1.0,100,1
TXN_22034,USER_1510,122.56,1.0,100,1
TXN_2888,USER_8094,28.37,1.0,100,1
TXN_30321,USER_6690,17.54,1.0,100,1
TXN_34913,USER_1877,99.55,1.0,100,1
TXN_23578,USER_3382,101.5,1.0,100,1
TXN_7029,USER_2531,11.13,1.0,100,1
TXN_19741,USER_8139,66.29,1.0,100,1
TXN_12594,USER_3779,24.03,1.0,100,1
TXN_27970,USER_9080,163.23,1.0,100,1
TXN_47048,USER_9392,48.2,1.0,100,1
TXN_35669,USER_9204,36.86,1.0,100,1
TXN_5733,USER_5753,108.06,1.0,100,1
TXN_17150,USER_9074,361.08,1.0,100,1
TXN_9186,USER_5513,194.25,1.0,100,1
TXN_25286,USER_9187,169.71,1.0,100,1
TXN_28964,USER_2781,13.11,1.0,100,1
TXN_45940,USER_2287,152.04,1.0,100,1
TXN_3489,USER_6059,30.39,1.0,100,1
TXN_41614,USER_3062,180.43,1.0,100,1
TXN_31942,USER_5393,93.88,1.0,100,1
TXN_22281,USER_7690,112.88,1.0,100,1
TXN_1808,USER_8446,33.95,1.0,100,1
TXN_10202,USER_3179,9.94,1.0,100,1
TXN_7779,USER_9855,36.15,1.0,100,1
TXN_12968,USER_3538,98.21,1.0,100,1
TXN_34267,USER_6160,13.47,1.0,100,1
TXN_5662,USER_2798,267.7,1.0,100,1
TXN_5200,USER_9617,46.97,1.0,100,1
TXN_38261,USER_8375,69.16,1.0,100,1
TXN_27700,USER_5255,40.99,1.0,100,1
TXN_35412,USER_9691,153.23,1.0,100,1
TXN_27963,USER_5690,197.04,1.0,100,1
TXN_36073,USER_3455,29.87,1.0,100,1
TXN_48619,USER_2108,30.41,1.0,100,1
TXN_11306,USER_6419,22.46,1.0,100,1
TXN_33010,USER_6018,94.51,1.0,100,1
TXN_31072,USER_1401,0.46,1.0,100,1
TXN_8825,USER_6353,140.42,1.0,100,1
TXN_34755,USER_8724,138.46,1.0,100,1
TXN_939,USER_6031,327.06,1.0,100,1
TXN_13431,USER_6106,65.11,1.0,100,1
TXN_46451,USER_2382,30.49,1.0,100,1
TXN_41987,USER_7642,94.9,1.0,100,1
TXN_35087,USER_3254,301.48,1.0,100,1
TXN_20916,USER_8456,7.39,1.0,100,1
TXN_36418,USER_4607,72.64,1.0,100,1
TXN_33254,USER_8166,48.45,1.0,100,1
TXN_8478,USER_6484,3.6,1.0,100,1
TXN_14673,USER_8184,19.73,1.0,100,1
TXN_46538,USER_7599,2.31,1.0,100,1
TXN_31611,USER_7026,213.72,1.0,100,1
TXN_19451,USER_8196,25.63,1.0,100,1
TXN_3929,USER_8185,29.05,1.0,100,1
TXN_45329,USER_6913,29.07,1.0,100,1
TXN_26348,USER_1089,33.01,1.0,100,1
TXN_36352,USER_6542,198.3,1.0,100,1
TXN_9731,USER_4957,45.44,1.0,100,1
TXN_48472,USER_4934,13.11,1.0,100,1
TXN_35927,USER_5426,46.05,1.0,100,1
TXN_150,USER_8994,76.23,1.0,100,1
TXN_36521,USER_8459,206.74,1.0,100,1
TXN_22132,USER_9886,99.63,1.0,100,1
TXN_30689,USER_7830,51.47,1.0,100,1
TXN_1697,USER_8151,38.67,1.0,100,1
TXN_3789,USER_2678,100.5,1.0,100,1
TXN_586,USER_2581,30.09,1.0,100,1
TXN_4609,USER_5306,200.01,1.0,100,1
TXN_33903,USER_6448,39.6,1.0,100,1
TXN_37786,USER_2291,114.76,1.0,100,1
TXN_8642,USER_1731,31.01,1.0,100,1
TXN_46491,USER_8303,16.75,1.0,100,1
TXN_28958,USER_4530,51.03,1.0,100,1
TXN_3633,USER_8291,139.7,1.0,100,1
TXN_23542,USER_6059,60.2,1.0,100,1
TXN_9410,USER_3429,21.81,1.0,100,1
TXN_29658,USER_5664,93.6,1.0,100,1
TXN_38857,USER_7537,82.66,1.0,100,1
TXN_25850,USER_7577,91.83,1.0,100,1
TXN_8781,USER_3268,153.45,1.0,100,1
TXN_29141,USER_7842,41.42,1.0,100,1
TXN_31586,USER_9632,53.91,1.0,100,1
TXN_6752,USER_2737,55.87,1.0,100,1
TXN_47343,USER_8585,37.96,1.0,100,1
TXN_16157,USER_1559,39.14,1.0,100,1
TXN_36250,USER_5177,6.51,1.0,100,1
TXN_7289,USER_6920,5.98,1.0,100,1
TXN_21430,USER_7557,106.45,1.0,100,1
TXN_6660,USER_8860,46.04,1.0,100,1
TXN_43091,USER_4114,5.26,1.0,100,1
TXN_36285,USER_8610,36.92,1.0,100,1
TXN_6974,USER_1191,21.68,1.0,100,1
TXN_36697,USER_1510,23.88,1.0,100,1
TXN_35831,USER_1287,8.93,1.0,100,1
TXN_25082,USER_2160,45.21,1.0,100,1
TXN_41826,USER_3053,51.85,1.0,100,1
TXN_31943,USER_2044,231.61,1.0,100,1
TXN_23861,USER_2873,142.09,1.0,100,1
TXN_24181,USER_7069,22.62,1.0,100,1
TXN_19386,USER_1592,50.68,1.0,100,1
TXN_43655,USER_7265,6.5,1.0,100,1
TXN_23141,USER_6862,25.19,1.0,100,1
TXN_24994,USER_1822,240.93,1.0,100,1
TXN_13069,USER_1105,118.91,1.0,100,1
TXN_19101,USER_2394,204.11,1.0,100,1
TXN_34176,USER_2531,278.34,1.0,100,1
TXN_34392,USER_2904,20.31,1.0,100,1
TXN_30481,USER_3272,160.27,1.0,100,1
TXN_5055,USER_2030,161.38,1.0,100,1
TXN_45875,USER_6981,8.77,1.0,100,1
TXN_8057,USER_2578,21.87,1.0,100,1
TXN_41496,USER_6266,51.67,1.0,100,1
TXN_48448,USER_7343,127.44,1.0,100,1
TXN_10835,USER_1749,148.06,1.0,100,1
TXN_25548,USER_1459,32.86,1.0,100,1
TXN_962,USER_4572,19.65,1.0,100,1
TXN_7324,USER_4475,82.99,1.0,100,1
TXN_49110,USER_8905,143.31,1.0,100,1
TXN_34857,USER_2272,255.18,1.0,100,1
TXN_45056,USER_4169,182.41,1.0,100,1
TXN_12505,USER_3612,9.93,1.0,100,1
TXN_34473,USER_3621,77.22,1.0,100,1
TXN_14712,USER_6182,67.2,1.0,100,1
TXN_24296,USER_8993,90.41,1.0,100,1
TXN_22777,USER_5834,122.23,1.0,100,1
TXN_19964,USER_3807,251.71,1.0,100,1
TXN_20847,USER_7734,66.24,1.0,100,1
TXN_37556,USER_8163,14.77,1.0,100,1
TXN_47550,USER_2706,84.93,1.0,100,1
TXN_18435,USER_7115,59.57,1.0,100,1
TXN_33509,USER_5621,12.4,1.0,100,1
TXN_42097,USER_7409,385.77,1.0,100,1
TXN_9988,USER_7104,22.89,1.0,100,1
TXN_38864,USER_7296,111.78,1.0,100,1
TXN_18092,USER_8691,146.01,1.0,100,1
TXN_39610,USER_2972,97.58,1.0,100,1
TXN_2762,USER_4420,12.26,1.0,100,1
TXN_49857,USER_5203,141.62,1.0,100,1
TXN_24517,USER_8987,253.73,1.0,100,1
TXN_20468,USER_4940,76.99,1.0,100,1
TXN_41940,USER_7157,107.83,1.0,100,1
TXN_49025,USER_6411,30.88,1.0,100,1
TXN_34490,USER_8312,15.17,1.0,100,1
TXN_14543,USER_4325,29.87,1.0,100,1
TXN_42005,USER_9825,11.0,1.0,100,1
TXN_20892,USER_8131,223.3,1.0,100,1
TXN_31451,USER_3945,108.66,1.0,100,1
TXN_12429,USER_2465,39.8,1.0,100,1
TXN_23347,USER_9870,31.63,1.0,100,1
TXN_31140,USER_1234,337.56,1.0,100,1
TXN_13909,USER_6919,241.17,1.0,100,1
TXN_11886,USER_2403,26.42,1.0,100,1
TXN_25055,USER_1782,93.78,1.0,100,1
TXN_2111,USER_1697,16.2,1.0,100,1
TXN_30088,USER_4659,44.98,1.0,100,1
TXN_1486,USER_1021,7.72,1.0,100,1
TXN_29130,USER_2459,30.37,1.0,100,1
TXN_14145,USER_4123,168.95,1.0,100,1
TXN_28042,USER_8154,546.75,1.0,100,1
TXN_30467,USER_3898,16.69,1.0,100,1
TXN_35607,USER_3035,44.57,1.0,100,1
TXN_17394,USER_6430,119.94,1.0,100,1
TXN_36581,USER_6343,83.86,1.0,100,1
TXN_24651,USER_5926,80.17,1.0,100,1
TXN_13606,USER_2130,155.67,1.0,100,1
TXN_41643,USER_8927,15.22,1.0,100,1
TXN_28908,USER_2862,24.61,1.0,100,1
TXN_17122,USER_8298,99.61,1.0,100,1
TXN_30207,USER_2047,58.64,1.0,100,1
TXN_11665,USER_9063,37.85,1.0,100,1
TXN_33028,USER_1349,64.47,1.0,100,1
TXN_19002,USER_9164,31.55,1.0,100,1
TXN_6433,USER_5920,66.03,1.0,100,1
TXN_1721,USER_6495,16.87,1.0,100,1
TXN_16658,USER_2057,68.59,1.0,100,1
TXN_46553,USER_2186,100.37,1.0,100,1
TXN_3214,USER_3800,325.98,1.0,100,1
TXN_20512,USER_9512,325.48,1.0,100,1
TXN_3455,USER_3817,148.59,1.0,100,1
TXN_40305,USER_6262,11.13,1.0,100,1
TXN_26991,USER_1735,229.78,1.0,100,1
TXN_33726,USER_8341,96.43,1.0,100,1
TXN_21956,USER_4920,3.02,1.0,100,1
TXN_27666,USER_2971,84.58,1.0,100,1
TXN_39968,USER_3665,11.65,1.0,100,1
TXN_40156,USER_1309,69.47,1.0,100,1
TXN_21562,USER_8691,4.68,1.0,100,1
TXN_2276,USER_7823,51.11,1.0,100,1
TXN_38803,USER_8381,96.11,1.0,100,1
TXN_6046,USER_1639,1.4,1.0,100,1
TXN_27093,USER_7634,68.96,1.0,100,1
TXN_49506,USER_2925,62.1,1.0,100,1
TXN_37222,USER_9465,13.08,1.0,100,1
TXN_39662,USER_3004,24.88,1.0,100,1
TXN_43609,USER_8009,18.75,1.0,100,1
TXN_6778,USER_4083,44.29,1.0,100,1
TXN_48291,USER_8280,51.61,1.0,100,1
TXN_27295,USER_1260,223.45,1.0,100,1
TXN_24029,USER_5541,111.03,1.0,100,1
TXN_30205,USER_1398,515.99,1.0,100,1
TXN_47281,USER_1530,32.23,1.0,100,1
TXN_14938,USER_9983,188.36,1.0,100,1
TXN_22029,USER_1542,110.67,1.0,100,1
TXN_2094,USER_3547,85.27,1.0,100,1
TXN_36808,USER_8831,78.88,1.0,100,1
TXN_29853,USER_7174,104.03,1.0,100,1
TXN_37353,USER_5390,147.57,1.0,100,1
TXN_10069,USER_7208,122.34,1.0,100,1
TXN_26988,USER_3900,184.77,1.0,100,1
TXN_33191,USER_9946,154.27,1.0,100,1
TXN_41776,USER_5501,142.93,1.0,100,1
TXN_18960,USER_3047,4.85,1.0,100,1
TXN_19193,USER_3823,4.35,1.0,100,1
TXN_31640,USER_6167,220.22,1.0,100,1
TXN_1731,USER_5815,89.56,1.0,100,1
TXN_28416,USER_2318,2.0,1.0,100,1
TXN_34035,USER_5750,58.0,1.0,100,1
TXN_1956,USER_8394,216.53,1.0,100,1
TXN_10629,USER_2922,7.0,1.0,100,1
TXN_4165,USER_2587,2.64,1.0,100,1
TXN_2864,USER_2884,157.44,1.0,100,1
TXN_12030,USER_1171,84.22,1.0,100,1
TXN_430,USER_9808,64.96,1.0,100,1
TXN_14720,USER_3680,63.46,1.0,100,1
TXN_26476,USER_3344,109.97,1.0,100,1
TXN_38173,USER_8923,122.51,1.0,100,1
TXN_9769,USER_8820,122.42,1.0,100,1
TXN_8370,USER_6041,39.57,1.0,100,1
TXN_9224,USER_2950,71.19,1.0,100,1
TXN_45208,USER_1883,110.69,1.0,100,1
TXN_26360,USER_6155,31.89,1.0,100,1
TXN_5407,USER_8950,83.47,1.0,100,1
TXN_24757,USER_9513,29.45,1.0,100,1
TXN_21847,USER_9554,107.54,1.0,100,1
TXN_24069,USER_6577,137.68,1.0,100,1
TXN_26794,USER_7028,74.33,1.0,100,1
TXN_1974,USER_9980,13.68,1.0,100,1
TXN_47524,USER_7612,142.55,1.0,100,1
TXN_37749,USER_7275,117.43,1.0,100,1
TXN_29453,USER_5202,29.1,1.0,100,1
TXN_39600,USER_1714,249.25,1.0,100,1
TXN_10595,USER_1063,2.07,1.0,100,1
TXN_8755,USER_1755,180.44,1.0,100,1
TXN_38901,USER_5303,99.65,1.0,100,1
TXN_17050,USER_7210,30.66,1.0,100,1
TXN_30950,USER_1538,8.06,1.0,100,1
TXN_13571,USER_7967,335.2,1.0,100,1
TXN_48974,USER_1577,32.48,1.0,100,1
TXN_15982,USER_6011,107.08,1.0,100,1
TXN_40077,USER_4965,20.75,1.0,100,1
TXN_7964,USER_2597,10.58,1.0,100,1
TXN_252,USER_5555,20.7,1.0,100,1
TXN_46169,USER_7083,130.01,1.0,100,1
TXN_18104,USER_6363,245.4,1.0,100,1
TXN_16895,USER_1829,165.06,1.0,100,1
TXN_26326,USER_5841,31.49,1.0,100,1
TXN_686,USER_8830,21.49,1.0,100,1
TXN_9667,USER_1561,171.14,1.0,100,1
TXN_18067,USER_7667,70.0,1.0,100,1
TXN_12475,USER_5587,2.27,1.0,100,1
TXN_47059,USER_9477,27.7,1.0,100,1
TXN_38919,USER_3132,60.72,1.0,100,1
TXN_18457,USER_5210,23.93,1.0,100,1
TXN_13469,USER_6279,30.74,1.0,100,1
TXN_20558,USER_2586,6.41,1.0,100,1
TXN_16231,USER_5585,17.91,1.0,100,1
TXN_21993,USER_9513,7.7,1.0,100,1
TXN_42653,USER_7589,102.06,1.0,100,1
TXN_26967,USER_5358,111.6,1.0,100,1
TXN_38269,USER_4510,40.83,1.0,100,1
TXN_1673,USER_3989,13.73,1.0,100,1
TXN_46290,USER_8353,16.39,1.0,100,1
TXN_6231,USER_9505,623.09,1.0,100,1
TXN_16992,USER_2504,230.29,1.0,100,1
TXN_48023,USER_1072,208.89,1.0,100,1
TXN_499,USER_7731,81.82,1.0,100,1
TXN_35194,USER_5360,113.45,1.0,100,1
TXN_44801,USER_2412,1.76,1.0,100,1
TXN_24962,USER_6475,142.89,1.0,100,1
TXN_9351,USER_4495,19.87,1.0,100,1
TXN_14933,USER_7143,236.04,1.0,100,1
TXN_44831,USER_9846,114.99,1.0,100,1
TXN_22589,USER_5778,42.03,1.0,100,1
TXN_624,USER_8245,7.03,1.0,100,1
TXN_11905,USER_3093,126.23,1.0,100,1
TXN_30185,USER_5815,40.73,1.0,100,1
TXN_29695,USER_1334,507.97,1.0,100,1
TXN_23927,USER_6297,74.47,1.0,100,1
TXN_28065,USER_7880,141.27,1.0,100,1
TXN_27784,USER_9051,150.64,1.0,100,1
TXN_41759,USER_2954,358.19,1.0,100,1
TXN_18491,USER_1239,48.8,1.0,100,1
TXN_24422,USER_5572,8.6,1.0,100,1
TXN_31483,USER_7167,35.44,1.0,100,1
TXN_13852,USER_6684,48.37,1.0,100,1
TXN_24379,USER_3719,290.16,1.0,100,1
TXN_41771,USER_6826,211.7,1.0,100,1
TXN_20713,USER_7538,87.32,1.0,100,1
TXN_45344,USER_8764,3.86,1.0,100,1
TXN_32411,USER_3299,51.66,1.0,100,1
TXN_9679,USER_1288,143.88,1.0,100,1
TXN_38391,USER_5746,16.11,1.0,100,1
TXN_9366,USER_2797,47.93,1.0,100,1
TXN_32194,USER_9641,237.84,1.0,100,1
TXN_45457,USER_9571,75.9,1.0,100,1
TXN_33579,USER_1005,140.75,1.0,100,1
TXN_15578,USER_4948,19.66,1.0,100,1
TXN_47404,USER_9594,199.84,1.0,100,1
TXN_12341,USER_5142,41.15,1.0,100,1
TXN_44660,USER_9532,13.26,1.0,100,1
TXN_11099,USER_5278,71.47,1.0,100,1
TXN_38950,USER_7575,16.0,1.0,100,1
TXN_28056,USER_1165,49.36,1.0,100,1
TXN_35021,USER_7105,128.61,1.0,100,1
TXN_20290,USER_5773,16.81,1.0,100,1
TXN_18400,USER_2417,144.87,1.0,100,1
TXN_49702,USER_9034,6.68,1.0,100,1
TXN_33912,USER_5132,23.35,1.0,100,1
TXN_15016,USER_2622,24.62,1.0,100,1
TXN_1819,USER_5895,348.54,1.0,100,1
TXN_4537,USER_7998,160.41,1.0,100,1
TXN_873,USER_6788,313.28,1.0,100,1
TXN_4766,USER_5524,186.67,1.0,100,1
TXN_21126,USER_7226,141.79,1.0,100,1
TXN_5604,USER_3276,101.14,1.0,100,1
TXN_7451,USER_3001,11.32,1.0,100,1
TXN_34769,USER_3339,152.61,1.0,100,1
TXN_11734,USER_3291,108.25,1.0,100,1
TXN_37096,USER_5298,544.83,1.0,100,1
TXN_27554,USER_3006,272.17,1.0,100,1
TXN_34465,USER_6520,118.66,1.0,100,1
TXN_44499,USER_1167,338.67,1.0,100,1
TXN_47976,USER_4331,44.49,1.0,100,1
TXN_43198,USER_6747,52.64,1.0,100,1
TXN_4981,USER_8987,50.26,1.0,100,1
TXN_35480,USER_2396,89.55,1.0,100,1
TXN_8470,USER_4080,129.78,1.0,100,1
TXN_9167,USER_1039,91.49,1.0,100,1
TXN_26286,USER_6870,127.94,1.0,100,1
TXN_39054,USER_7777,96.83,1.0,100,1
TXN_5068,USER_8090,29.69,1.0,100,1
TXN_12604,USER_1594,287.91,1.0,100,1
TXN_20065,USER_3609,34.29,1.0,100,1
TXN_1661,USER_3772,126.35,1.0,100,1
TXN_37183,USER_9113,185.83,1.0,100,1
TXN_43951,USER_1901,67.28,1.0,100,1
TXN_27905,USER_4667,36.76,1.0,100,1
TXN_13294,USER_7597,49.76,1.0,100,1
TXN_4741,USER_9938,24.95,1.0,100,1
TXN_5747,USER_3793,26.47,1.0,100,1
TXN_23270,USER_7800,137.73,1.0,100,1
TXN_12555,USER_9122,399.99,1.0,100,1
TXN_24867,USER_7959,23.94,1.0,100,1
TXN_12895,USER_3890,33.62,1.0,100,1
TXN_47289,USER_6010,11.26,1.0,100,1
TXN_18236,USER_2803,12.81,1.0,100,1
TXN_37404,USER_1959,307.08,1.0,100,1
TXN_5326,USER_4644,104.8,1.0,100,1
TXN_13094,USER_7618,250.86,1.0,100,1
TXN_37559,USER_1614,94.55,1.0,100,1
TXN_14493,USER_3810,35.03,1.0,100,1
TXN_18365,USER_2984,192.97,1.0,100,1
TXN_9928,USER_2885,141.28,1.0,100,1
TXN_43224,USER_6690,20.39,1.0,100,1
TXN_17795,USER_1434,155.1,1.0,100,1
TXN_6431,USER_5987,13.97,1.0,100,1
TXN_18475,USER_2787,230.54,1.0,100,1
TXN_20285,USER_2046,13.69,1.0,100,1
TXN_11235,USER_8970,123.72,1.0,100,1
TXN_31518,USER_8197,251.5,1.0,100,1
TXN_48672,USER_9057,57.11,1.0,100,1
TXN_5382,USER_3708,36.2,1.0,100,1
TXN_10735,USER_6361,156.59,1.0,100,1
TXN_25609,USER_1698,40.52,1.0,100,1
TXN_46667,USER_6167,202.38,1.0,100,1
TXN_13732,USER_2871,253.85,1.0,100,1
TXN_20348,USER_9030,170.86,1.0,100,1
TXN_22969,USER_9287,83.88,1.0,100,1
TXN_38758,USER_5350,180.26,1.0,100,1
TXN_49937,USER_8002,41.31,1.0,100,1
TXN_47691,USER_5756,8.98,1.0,100,1
TXN_23149,USER_8227,28.18,1.0,100,1
TXN_7339,USER_2834,20.16,1.0,100,1
TXN_23330,USER_1520,266.12,1.0,100,1
TXN_30059,USER_7334,19.13,1.0,100,1
TXN_7321,USER_5566,245.0,1.0,100,1
TXN_17161,USER_5240,100.19,1.0,100,1
TXN_14401,USER_6945,20.77,1.0,100,1
TXN_32653,USER_3718,239.17,1.0,100,1
TXN_21070,USER_3327,78.05,1.0,100,1
TXN_32588,USER_4501,128.18,1.0,100,1
TXN_217,USER_3049,14.65,1.0,100,1
TXN_31793,USER_1753,58.29,1.0,100,1
TXN_45846,USER_8356,22.66,1.0,100,1
TXN_1430,USER_1583,37.98,1.0,100,1
TXN_14871,USER_5192,39.36,1.0,100,1
TXN_14944,USER_1066,2.24,1.0,100,1
TXN_22955,USER_1305,70.92,1.0,100,1
TXN_39113,USER_1768,28.0,1.0,100,1
TXN_1850,USER_4138,233.55,1.0,100,1
TXN_48613,USER_7919,135.21,1.0,100,1
TXN_8321,USER_1456,11.26,1.0,100,1
TXN_14682,USER_2238,72.71,1.0,100,1
TXN_27507,USER_7859,43.72,1.0,100,1
TXN_4152,USER_5006,29.96,1.0,100,1
TXN_28508,USER_5876,140.76,1.0,100,1
TXN_40001,USER_4398,12.4,1.0,100,1
TXN_5697,USER_9388,194.62,1.0,100,1
TXN_24247,USER_4552,55.24,1.0,100,1
TXN_38930,USER_7675,141.33,1.0,100,1
TXN_43161,USER_2356,20.6,1.0,100,1
TXN_42922,USER_7715,189.68,1.0,100,1
TXN_42914,USER_3509,18.39,1.0,100,1
TXN_14540,USER_6271,8.84,1.0,100,1
TXN_34572,USER_5067,25.39,1.0,100,1
TXN_34507,USER_9697,29.0,1.0,100,1
TXN_11521,USER_6255,17.58,1.0,100,1
TXN_22774,USER_1173,59.98,1.0,100,1
TXN_41704,USER_7981,3.47,1.0,100,1
TXN_21616,USER_8885,114.44,1.0,100,1
TXN_48862,USER_6927,148.21,1.0,100,1
TXN_32122,USER_1092,17.44,1.0,100,1
TXN_39083,USER_5202,5.43,1.0,100,1
TXN_36299,USER_9861,260.12,1.0,100,1
TXN_22049,USER_8549,91.74,1.0,100,1
TXN_16927,USER_4696,129.62,1.0,100,1
TXN_23242,USER_4984,109.85,1.0,100,1
TXN_7390,USER_5287,68.29,1.0,100,1
TXN_35764,USER_7924,224.85,1.0,100,1
TXN_32901,USER_9132,72.87,1.0,100,1
TXN_5411,USER_1153,95.84,1.0,100,1
TXN_20510,USER_2286,225.73,1.0,100,1
TXN_48350,USER_9876,97.93,1.0,100,1
TXN_34757,USER_9438,24.25,1.0,100,1
TXN_21456,USER_6538,72.92,1.0,100,1
TXN_3916,USER_4103,17.52,1.0,100,1
TXN_10388,USER_8073,352.08,1.0,100,1
TXN_46238,USER_4009,2.96,1.0,100,1
TXN_2034,USER_5941,52.49,1.0,100,1
TXN_28569,USER_7069,204.11,1.0,100,1
TXN_14603,USER_9509,16.77,1.0,100,1
TXN_35644,USER_3906,128.54,1.0,100,1
TXN_1183,USER_2500,76.06,1.0,100,1
TXN_41749,USER_5171,52.22,1.0,100,1
TXN_24250,USER_5496,75.54,1.0,100,1
TXN_42629,USER_3739,34.4,1.0,100,1
TXN_10393,USER_3823,24.97,1.0,100,1
TXN_15516,USER_2080,8.07,1.0,100,1
TXN_43938,USER_8588,89.48,1.0,100,1
TXN_20082,USER_6208,105.47,1.0,100,1
TXN_30040,USER_5688,7.33,1.0,100,1
TXN_34340,USER_9376,24.98,1.0,100,1
TXN_6390,USER_8925,66.08,1.0,100,1
TXN_36597,USER_5383,95.6,1.0,100,1
TXN_35513,USER_7711,309.82,1.0,100,1
TXN_43697,USER_6596,40.56,1.0,100,1
TXN_30324,USER_6458,127.29,1.0,100,1
TXN_14240,USER_2501,39.52,1.0,100,1
TXN_11210,USER_8957,346.78,1.0,100,1
TXN_19243,USER_4214,17.01,1.0,100,1
TXN_49380,USER_4669,181.71,1.0,100,1
TXN_44774,USER_4112,200.89,1.0,100,1
TXN_46419,USER_4102,100.76,1.0,100,1
TXN_16147,USER_7236,256.53,1.0,100,1
TXN_38375,USER_6306,246.44,1.0,100,1
TXN_49094,USER_9526,167.61,1.0,100,1
TXN_7406,USER_2490,77.11,1.0,100,1
TXN_30922,USER_1180,4.52,1.0,100,1
TXN_5994,USER_9177,1.25,1.0,100,1
TXN_48917,USER_8243,539.55,1.0,100,1
TXN_48303,USER_4570,3.01,1.0,100,1
TXN_35041,USER_4591,102.65,1.0,100,1
TXN_20775,USER_4501,65.62,1.0,100,1
TXN_579,USER_8102,52.62,1.0,100,1
TXN_11682,USER_5907,190.62,1.0,100,1
TXN_48685,USER_7865,161.72,1.0,100,1
TXN_48425,USER_9834,170.38,1.0,100,1
TXN_19591,USER_8928,87.89,1.0,100,1
TXN_15142,USER_2195,47.92,1.0,100,1
TXN_43827,USER_4778,31.84,1.0,100,1
TXN_2731,USER_2946,29.33,1.0,100,1
TXN_21888,USER_3698,69.18,1.0,100,1
TXN_5115,USER_3939,23.76,1.0,100,1
TXN_29043,USER_4638,25.36,1.0,100,1
TXN_17689,USER_7890,168.64,1.0,100,1
TXN_14695,USER_6319,60.44,1.0,100,1
TXN_40105,USER_9797,21.21,1.0,100,1
TXN_43356,USER_7062,57.1,1.0,100,1
TXN_25311,USER_3702,49.93,1.0,100,1
TXN_43775,USER_9368,150.84,1.0,100,1
TXN_18159,USER_2554,82.23,1.0,100,1
TXN_43610,USER_4080,86.3,1.0,100,1
TXN_20712,USER_2279,46.94,1.0,100,1
TXN_38495,USER_7658,82.28,1.0,100,1
TXN_19438,USER_4764,66.11,1.0,100,1
TXN_42841,USER_2307,118.8,1.0,100,1
TXN_6415,USER_7841,46.9,1.0,100,1
TXN_49019,USER_1828,30.94,1.0,100,1
TXN_36120,USER_2668,191.17,1.0,100,1
TXN_6839,USER_3001,85.66,1.0,100,1
TXN_30380,USER_3216,169.79,1.0,100,1
TXN_25050,USER_8664,59.62,1.0,100,1
TXN_26690,USER_5268,99.76,1.0,100,1
TXN_42331,USER_2178,450.54,1.0,100,1
TXN_24936,USER_2706,267.74,1.0,100,1
TXN_49832,USER_2516,15.95,1.0,100,1
TXN_25962,USER_5238,51.57,1.0,100,1
TXN_7359,USER_1105,80.78,1.0,100,1
TXN_40027,USER_1623,39.17,1.0,100,1
TXN_19969,USER_4993,72.6,1.0,100,1
TXN_33568,USER_4015,189.02,1.0,100,1
TXN_26805,USER_9821,80.81,1.0,100,1
TXN_43160,USER_7485,41.69,1.0,100,1
TXN_31142,USER_5770,200.69,1.0,100,1
TXN_41056,USER_8608,372.42,1.0,100,1
TXN_31247,USER_4503,54.21,1.0,100,1
TXN_21488,USER_4721,3.99,1.0,100,1
TXN_47813,USER_2327,145.85,1.0,100,1
TXN_29029,USER_7671,156.11,1.0,100,1
TXN_43294,USER_8535,115.02,1.0,100,1
TXN_2680,USER_1946,319.67,1.0,100,1
TXN_16810,USER_9432,64.09,1.0,100,1
TXN_40010,USER_5218,43.89,1.0,100,1
TXN_15334,USER_8802,123.74,1.0,100,1
TXN_24772,USER_3540,96.45,1.0,100,1
TXN_39481,USER_4591,25.86,1.0,100,1
TXN_29640,USER_6643,46.31,1.0,100,1
TXN_7330,USER_4003,99.91,1.0,100,1
TXN_41600,USER_9892,78.82,1.0,100,1
TXN_28628,USER_8307,3.81,1.0,100,1
TXN_41085,USER_1835,175.03,1.0,100,1
TXN_40240,USER_3456,59.44,1.0,100,1
TXN_13040,USER_7441,18.14,1.0,100,1
TXN_32799,USER_3921,32.11,1.0,100,1
TXN_35486,USER_4148,47.68,1.0,100,1
TXN_1681,USER_5399,148.65,1.0,100,1
TXN_9722,USER_8076,38.03,1.0,100,1
TXN_35246,USER_5841,0.1,1.0,100,1
TXN_15236,USER_5321,35.06,1.0,100,1
TXN_27110,USER_2482,35.42,1.0,100,1
TXN_2362,USER_2715,270.47,1.0,100,1
TXN_5360,USER_3121,134.01,1.0,100,1
TXN_14740,USER_7775,50.79,1.0,100,1
TXN_23651,USER_5137,42.47,1.0,100,1
TXN_47461,USER_3572,106.81,1.0,100,1
TXN_41816,USER_5512,2.35,1.0,100,1
TXN_36763,USER_5507,14.92,1.0,100,1
TXN_35115,USER_9717,220.86,1.0,100,1
TXN_28744,USER_9475,34.18,1.0,100,1
TXN_29679,USER_7176,377.29,1.0,100,1
TXN_3946,USER_4262,37.95,1.0,100,1
TXN_28977,USER_3828,150.28,1.0,100,1
TXN_49325,USER_5742,62.08,1.0,100,1
TXN_21669,USER_9710,22.29,1.0,100,1
TXN_11960,USER_8321,404.75,1.0,100,1
TXN_40,USER_8513,167.98,1.0,100,1
TXN_30961,USER_1014,179.5,1.0,100,1
TXN_29083,USER_2987,53.44,1.0,100,1
TXN_9205,USER_9357,22.7,1.0,100,1
TXN_5139,USER_2990,78.25,1.0,100,1
TXN_12900,USER_2528,12.09,1.0,100,1
TXN_27080,USER_1586,78.55,1.0,100,1
TXN_6927,USER_8246,142.77,1.0,100,1
TXN_14840,USER_5539,76.1,1.0,100,1
TXN_21688,USER_2334,55.75,1.0,100,1
TXN_20392,USER_6300,54.96,1.0,100,1
TXN_25455,USER_8214,9.27,1.0,100,1
TXN_1583,USER_2925,109.1,1.0,100,1
TXN_2817,USER_8355,76.04,1.0,100,1
TXN_17009,USER_5660,52.27,1.0,100,1
TXN_20518,USER_9974,41.55,1.0,100,1
TXN_15262,USER_8782,267.72,1.0,100,1
TXN_32625,USER_7363,44.02,1.0,100,1
TXN_38461,USER_9387,112.0,1.0,100,1
TXN_3933,USER_2932,84.64,1.0,100,1
TXN_47695,USER_7890,160.27,1.0,100,1
TXN_35101,USER_3341,161.2,1.0,100,1
TXN_6166,USER_6820,228.43,1.0,100,1
TXN_14861,USER_1387,375.45,1.0,100,1
TXN_39301,USER_1100,63.72,1.0,100,1
TXN_4518,USER_5218,73.61,1.0,100,1
TXN_46174,USER_5970,274.68,1.0,100,1
TXN_6432,USER_9733,194.5,1.0,100,1
TXN_40179,USER_6163,284.77,1.0,100,1
TXN_39314,USER_9262,83.19,1.0,100,1
TXN_11638,USER_2519,404.4,1.0,100,1
TXN_33466,USER_4123,25.22,1.0,100,1
TXN_1680,USER_6252,330.05,1.0,100,1
TXN_20090,USER_2020,223.87,1.0,100,1
TXN_20546,USER_5780,225.87,1.0,100,1
TXN_35833,USER_1516,35.42,1.0,100,1
TXN_5478,USER_8489,120.54,1.0,100,1
TXN_48593,USER_1355,125.03,1.0,100,1
TXN_7217,USER_5086,51.55,1.0,100,1
TXN_14029,USER_3039,31.05,1.0,100,1
TXN_19983,USER_9482,19.8,1.0,100,1
TXN_15664,USER_1419,88.42,1.0,100,1
TXN_40798,USER_8587,432.23,1.0,100,1
TXN_14005,USER_5835,42.93,1.0,100,1
TXN_13972,USER_8683,19.66,1.0,100,1
TXN_36072,USER_2896,154.51,1.0,100,1
TXN_41630,USER_4036,67.84,1.0,100,1
TXN_32699,USER_5002,130.9,1.0,100,1
TXN_31662,USER_5968,45.19,1.0,100,1
TXN_37280,USER_7576,70.09,1.0,100,1
TXN_9520,USER_7849,9.26,1.0,100,1
TXN_19354,USER_7356,58.94,1.0,100,1
TXN_10463,USER_9713,577.8,1.0,100,1
TXN_2344,USER_9004,119.39,1.0,100,1
TXN_42971,USER_2240,70.35,1.0,100,1
TXN_22493,USER_3042,204.07,1.0,100,1
TXN_16629,USER_9758,21.36,1.0,100,1
TXN_2007,USER_8504,3.58,1.0,100,1
TXN_27853,USER_4100,103.78,1.0,100,1
TXN_27688,USER_2086,137.63,1.0,100,1
TXN_24093,USER_7031,91.7,1.0,100,1
TXN_39979,USER_7025,37.29,1.0,100,1
TXN_13129,USER_3526,131.79,1.0,100,1
TXN_36305,USER_9883,228.3,1.0,100,1
TXN_22530,USER_2195,59.35,1.0,100,1
TXN_42042,USER_3446,22.61,1.0,100,1
TXN_8035,USER_6845,310.61,1.0,100,1
TXN_32051,USER_6674,49.82,1.0,100,1
TXN_28103,USER_3074,229.73,1.0,100,1
TXN_3609,USER_6991,68.98,1.0,100,1
TXN_8451,USER_7112,204.09,1.0,100,1
TXN_49912,USER_4244,52.2,1.0,100,1
TXN_23484,USER_7441,5.41,1.0,100,1
TXN_3125,USER_4162,110.16,1.0,100,1
TXN_2457,USER_1778,196.19,1.0,100,1
TXN_14365,USER_8701,46.14,1.0,100,1
TXN_48827,USER_6695,66.61,1.0,100,1
TXN_37308,USER_1045,172.6,1.0,100,1
TXN_22716,USER_3611,214.7,1.0,100,1
TXN_6541,USER_2238,60.08,1.0,100,1
TXN_29207,USER_8037,105.33,1.0,100,1
TXN_23912,USER_3177,16.37,1.0,100,1
TXN_16243,USER_3189,140.38,1.0,100,1
TXN_33515,USER_9587,19.85,1.0,100,1
TXN_37103,USER_1836,25.3,1.0,100,1
TXN_30891,USER_8655,204.3,1.0,100,1
TXN_9790,USER_1761,52.71,1.0,100,1
TXN_9447,USER_2860,106.35,1.0,100,1
TXN_46532,USER_5183,107.41,1.0,100,1
TXN_29396,USER_3525,238.1,1.0,100,1
TXN_15614,USER_5898,116.41,1.0,100,1
TXN_40750,USER_9471,40.11,1.0,100,1
TXN_7680,USER_7722,96.16,1.0,100,1
TXN_43210,USER_5120,46.86,1.0,100,1
TXN_30479,USER_4807,27.68,1.0,100,1
TXN_28657,USER_7018,314.84,1.0,100,1
TXN_13656,USER_7222,24.35,1.0,100,1
TXN_35540,USER_2331,213.91,1.0,100,1
TXN_45347,USER_9459,133.06,1.0,100,1
TXN_30379,USER_2146,25.19,1.0,100,1
TXN_6747,USER_4345,82.71,1.0,100,1
TXN_8692,USER_9015,21.61,1.0,100,1
TXN_1895,USER_5737,25.25,1.0,100,1
TXN_13099,USER_7958,30.42,1.0,100,1
TXN_5457,USER_2537,204.63,1.0,100,1
TXN_8647,USER_9326,214.87,1.0,100,1
TXN_16264,USER_9953,19.49,1.0,100,1
TXN_47569,USER_4532,32.3,1.0,100,1
TXN_7364,USER_1307,48.93,1.0,100,1
TXN_7277,USER_4264,6.88,1.0,100,1
TXN_41580,USER_7540,87.61,1.0,100,1
TXN_44348,USER_1922,38.61,1.0,100,1
TXN_44850,USER_8210,49.04,1.0,100,1
TXN_40562,USER_9122,79.67,1.0,100,1
TXN_29735,USER_1452,80.32,1.0,100,1
TXN_33299,USER_1029,173.74,1.0,100,1
TXN_15796,USER_2759,56.08,1.0,100,1
TXN_36565,USER_5738,28.41,1.0,100,1
TXN_9367,USER_1784,72.44,1.0,100,1
TXN_33834,USER_6967,26.85,1.0,100,1
TXN_5688,USER_5452,59.84,1.0,100,1
TXN_34498,USER_7885,86.39,1.0,100,1
TXN_35119,USER_3265,118.87,1.0,100,1
TXN_12616,USER_1094,48.85,1.0,100,1
TXN_47176,USER_7412,74.76,1.0,100,1
TXN_16305,USER_5369,19.66,1.0,100,1
TXN_2755,USER_7980,189.74,1.0,100,1
TXN_42017,USER_5720,27.15,1.0,100,1
TXN_26608,USER_4557,56.07,1.0,100,1
TXN_18446,USER_2674,5.72,1.0,100,1
TXN_7540,USER_9872,232.74,1.0,100,1
TXN_40990,USER_5533,13.17,1.0,100,1
TXN_36230,USER_9004,45.8,1.0,100,1
TXN_11578,USER_4727,55.38,1.0,100,1
TXN_13477,USER_8121,1.99,1.0,100,1
TXN_48269,USER_4061,53.94,1.0,100,1
TXN_2601,USER_9566,66.64,1.0,100,1
TXN_28316,USER_7254,74.66,1.0,100,1
TXN_9961,USER_9400,207.71,1.0,100,1
TXN_109,USER_1206,113.05,1.0,100,1
TXN_44561,USER_8320,57.35,1.0,100,1
TXN_49681,USER_4762,11.64,1.0,100,1
TXN_16483,USER_9165,244.9,1.0,100,1
TXN_21544,USER_4015,77.54,1.0,100,1
TXN_2836,USER_8570,180.01,1.0,100,1
TXN_23900,USER_5757,32.21,1.0,100,1
TXN_47015,USER_8774,106.13,1.0,100,1
TXN_36528,USER_1068,119.82,1.0,100,1
TXN_22901,USER_3423,289.93,1.0,100,1
TXN_1671,USER_8010,134.43,1.0,100,1
TXN_742,USER_7949,4.07,1.0,100,1
TXN_40104,USER_1927,82.37,1.0,100,1
TXN_28493,USER_9637,62.58,1.0,100,1
TXN_18182,USER_3075,112.71,1.0,100,1
TXN_23002,USER_7256,219.97,1.0,100,1
TXN_44876,USER_5378,117.11,1.0,100,1
TXN_22311,USER_2309,41.38,1.0,100,1
TXN_26503,USER_4162,46.8,1.0,100,1
TXN_9301,USER_2480,2.96,1.0,100,1
TXN_49037,USER_3226,55.4,1.0,100,1
TXN_10817,USER_8746,158.48,1.0,100,1
TXN_37031,USER_7922,132.73,1.0,100,1
TXN_43140,USER_6084,12.05,1.0,100,1
TXN_5881,USER_9695,241.96,1.0,100,1
TXN_13997,USER_3046,5.08,1.0,100,1
TXN_41078,USER_1748,14.2,1.0,100,1
TXN_37838,USER_3214,141.45,1.0,100,1
TXN_8844,USER_1081,62.68,1.0,100,1
TXN_12701,USER_7476,53.85,1.0,100,1
TXN_1786,USER_9258,1.94,1.0,100,1
TXN_31767,USER_4546,8.58,1.0,100,1
TXN_31485,USER_7546,149.59,1.0,100,1
TXN_9207,USER_5443,29.6,1.0,100,1
TXN_22726,USER_2560,35.33,1.0,100,1
TXN_2289,USER_3426,180.04,1.0,100,1
TXN_42415,USER_9164,91.61,1.0,100,1
TXN_6407,USER_8734,66.13,1.0,100,1
TXN_10855,USER_7997,45.02,1.0,100,1
TXN_8161,USER_3464,30.51,1.0,100,1
TXN_2992,USER_7919,39.92,1.0,100,1
TXN_26030,USER_8121,125.18,1.0,100,1
TXN_38788,USER_4665,40.43,1.0,100,1
TXN_17385,USER_3256,60.87,1.0,100,1
TXN_46082,USER_4606,212.16,1.0,100,1
TXN_1106,USER_6415,245.91,1.0,100,1
TXN_7625,USER_5640,140.92,1.0,100,1
TXN_1803,USER_4083,24.7,1.0,100,1
TXN_2541,USER_1987,310.33,1.0,100,1
TXN_39053,USER_1330,96.48,1.0,100,1
TXN_34144,USER_9926,17.3,1.0,100,1
TXN_21039,USER_8554,78.97,1.0,100,1
TXN_32465,USER_4579,147.91,1.0,100,1
TXN_6181,USER_1437,9.03,1.0,100,1
TXN_2778,USER_8537,95.42,1.0,100,1
TXN_6524,USER_7865,76.26,1.0,100,1
TXN_37944,USER_3305,3.89,1.0,100,1
TXN_1068,USER_2301,72.37,1.0,100,1
TXN_39746,USER_1413,1.99,1.0,100,1
TXN_44759,USER_5901,60.66,1.0,100,1
TXN_31683,USER_3691,26.49,1.0,100,1
TXN_2325,USER_3307,16.65,1.0,100,1
TXN_23144,USER_2818,9.76,1.0,100,1
TXN_3510,USER_1661,16.74,1.0,100,1
TXN_43101,USER_7693,206.17,1.0,100,1
TXN_19766,USER_6368,6.32,1.0,100,1
TXN_18590,USER_3605,76.41,1.0,100,1
TXN_29747,USER_9493,11.25,1.0,100,1
TXN_26332,USER_6685,241.81,1.0,100,1
TXN_29599,USER_8123,50.69,1.0,100,1
TXN_29347,USER_6198,114.87,1.0,100,1
TXN_42114,USER_9223,22.93,1.0,100,1
TXN_42175,USER_3889,8.66,1.0,100,1
TXN_3798,USER_6162,146.01,1.0,100,1
TXN_19092,USER_7602,144.67,1.0,100,1
TXN_44579,USER_7010,1.86,1.0,100,1
TXN_1635,USER_4291,95.3,1.0,100,1
TXN_48071,USER_8909,17.1,1.0,100,1
TXN_27336,USER_9725,27.02,1.0,100,1
TXN_20971,USER_8146,78.2,1.0,100,1
TXN_31686,USER_3923,416.99,1.0,100,1
TXN_39457,USER_1982,174.57,1.0,100,1
TXN_22330,USER_8997,8.7,1.0,100,1
TXN_26343,USER_9660,105.96,1.0,100,1
TXN_17516,USER_6320,36.77,1.0,100,1
TXN_37013,USER_7570,95.93,1.0,100,1
TXN_41415,USER_8299,102.96,1.0,100,1
TXN_39584,USER_3415,267.9,1.0,100,1
TXN_39322,USER_1279,160.74,1.0,100,1
TXN_47616,USER_2187,79.83,1.0,100,1
TXN_22529,USER_3373,13.5,1.0,100,1
TXN_20375,USER_9992,165.42,1.0,100,1
TXN_30455,USER_5226,44.5,1.0,100,1
TXN_46072,USER_5399,13.85,1.0,100,1
TXN_28353,USER_5375,253.2,1.0,100,1
TXN_36096,USER_3480,41.9,1.0,100,1
TXN_10506,USER_8965,225.99,1.0,100,1
TXN_12338,USER_4343,256.19,1.0,100,1
TXN_9420,USER_1051,2.99,1.0,100,1
TXN_49992,USER_8143,135.57,1.0,100,1
TXN_46536,USER_4892,27.13,1.0,100,1
TXN_30915,USER_1888,172.99,1.0,100,1
TXN_44354,USER_7641,107.87,1.0,100,1
TXN_38036,USER_7296,11.2,1.0,100,1
TXN_3755,USER_8082,0.41,1.0,100,1
TXN_17808,USER_8280,229.18,1.0,100,1
TXN_24410,USER_7563,106.9,1.0,100,1
TXN_48935,USER_9050,104.33,1.0,100,1
TXN_31221,USER_8523,167.58,1.0,100,1
TXN_44188,USER_1231,70.01,1.0,100,1
TXN_47020,USER_2112,146.85,1.0,100,1
TXN_36669,USER_2136,23.17,1.0,100,1
TXN_45231,USER_8593,248.6,1.0,100,1
TXN_7563,USER_8842,795.62,1.0,100,1
TXN_9084,USER_9150,96.36,1.0,100,1
TXN_35317,USER_2014,92.1,1.0,100,1
TXN_14883,USER_4898,19.61,1.0,100,1
TXN_15853,USER_9160,39.03,1.0,100,1
TXN_26353,USER_8496,30.44,1.0,100,1
TXN_29570,USER_2220,344.71,1.0,100,1
TXN_4903,USER_4159,12.13,1.0,100,1
TXN_40681,USER_5759,0.24,1.0,100,1
TXN_6758,USER_6330,3.04,1.0,100,1
TXN_46176,USER_2651,18.25,1.0,100,1
TXN_4283,USER_8263,78.1,1.0,100,1
TXN_12287,USER_5482,40.53,1.0,100,1
TXN_45501,USER_8632,297.69,1.0,100,1
TXN_22832,USER_7124,15.2,1.0,100,1
TXN_6605,USER_1012,34.65,1.0,100,1
TXN_37214,USER_6446,149.33,1.0,100,1
TXN_5533,USER_8288,200.33,1.0,100,1
TXN_14283,USER_3671,0.21,1.0,100,1
TXN_41175,USER_8076,259.62,1.0,100,1
TXN_48716,USER_9133,11.58,1.0,100,1
TXN_17418,USER_4887,159.39,1.0,100,1
TXN_25697,USER_3642,27.87,1.0,100,1
TXN_724,USER_1055,58.31,1.0,100,1
TXN_2627,USER_8611,171.82,1.0,100,1
TXN_12757,USER_5768,224.44,1.0,100,1
TXN_22691,USER_8355,47.97,1.0,100,1
TXN_7193,USER_1091,92.9,1.0,100,1
TXN_44443,USER_2926,26.76,1.0,100,1
TXN_12216,USER_2500,8.28,1.0,100,1
TXN_2029,USER_1521,48.59,1.0,100,1
TXN_26776,USER_5655,20.77,1.0,100,1
TXN_47959,USER_5407,158.41,1.0,100,1
TXN_8675,USER_9090,152.84,1.0,100,1
TXN_44259,USER_4937,28.25,1.0,100,1
TXN_41421,USER_8659,4.04,1.0,100,1
TXN_29417,USER_2244,204.0,1.0,100,1
TXN_31995,USER_6839,19.92,1.0,100,1
TXN_42404,USER_7775,83.83,1.0,100,1
TXN_5548,USER_2674,4.08,1.0,100,1
TXN_48892,USER_9279,10.0,1.0,100,1
TXN_3356,USER_7163,37.63,1.0,100,1
TXN_46453,USER_8095,377.37,1.0,100,1
TXN_4237,USER_6313,10.64,1.0,100,1
TXN_27697,USER_5467,47.26,1.0,100,1
TXN_16675,USER_3966,16.32,1.0,100,1
TXN_28442,USER_7741,138.85,1.0,100,1
TXN_14741,USER_9783,21.97,1.0,100,1
TXN_32678,USER_4501,31.62,1.0,100,1
TXN_29194,USER_8216,288.16,1.0,100,1
TXN_21229,USER_5357,19.89,1.0,100,1
TXN_16647,USER_2017,37.99,1.0,100,1
TXN_12971,USER_4526,42.2,1.0,100,1
TXN_19740,USER_1224,67.86,1.0,100,1
TXN_18618,USER_7294,22.17,1.0,100,1
TXN_45390,USER_8866,120.51,1.0,100,1
TXN_1653,USER_8761,1.03,1.0,100,1
TXN_2304,USER_9078,21.77,1.0,100,1
TXN_26176,USER_9190,58.93,1.0,100,1
TXN_29847,USER_8002,234.49,1.0,100,1
TXN_46442,USER_6736,37.33,1.0,100,1
TXN_42597,USER_2184,121.66,1.0,100,1
TXN_4337,USER_9430,65.74,1.0,100,1
TXN_21898,USER_9918,3.06,1.0,100,1
TXN_36762,USER_7722,16.74,1.0,100,1
TXN_47861,USER_3150,58.19,1.0,100,1
TXN_33558,USER_5688,63.96,1.0,100,1
TXN_45868,USER_4470,51.52,1.0,100,1
TXN_42074,USER_6075,473.67,1.0,100,1
TXN_16177,USER_7306,67.77,1.0,100,1
TXN_7947,USER_6006,88.84,1.0,100,1
TXN_41507,USER_7482,89.83,1.0,100,1
TXN_37925,USER_8893,153.33,1.0,100,1
TXN_42522,USER_3021,148.57,1.0,100,1
TXN_46794,USER_2554,96.9,1.0,100,1
TXN_16085,USER_7756,41.25,1.0,100,1
TXN_30051,USER_8829,135.22,1.0,100,1
TXN_7956,USER_4006,84.79,1.0,100,1
TXN_39659,USER_6397,84.7,1.0,100,1
TXN_15499,USER_5633,224.96,1.0,100,1
TXN_29002,USER_2595,121.68,1.0,100,1
TXN_9287,USER_4822,105.35,1.0,100,1
TXN_10477,USER_2612,43.79,1.0,100,1
TXN_14182,USER_5780,355.63,1.0,100,1
TXN_41205,USER_2038,64.05,1.0,100,1
TXN_29496,USER_5907,91.99,1.0,100,1
TXN_24780,USER_9221,39.25,1.0,100,1
TXN_34799,USER_3628,49.57,1.0,100,1
TXN_27089,USER_7604,36.19,1.0,100,1
TXN_3507,USER_2029,6.49,1.0,100,1
TXN_11026,USER_5216,65.37,1.0,100,1
TXN_31193,USER_2737,7.88,1.0,100,1
TXN_47688,USER_8140,138.34,1.0,100,1
TXN_10656,USER_9204,244.34,1.0,100,1
TXN_1395,USER_6390,163.5,1.0,100,1
TXN_40347,USER_2628,69.02,1.0,100,1
TXN_14084,USER_8749,101.23,1.0,100,1
TXN_1544,USER_2646,66.72,1.0,100,1
TXN_5225,USER_4199,62.41,1.0,100,1
TXN_17052,USER_4976,138.48,1.0,100,1
TXN_45064,USER_1376,120.32,1.0,100,1
TXN_4589,USER_8269,440.8,1.0,100,1
TXN_17571,USER_8004,108.18,1.0,100,1
TXN_6708,USER_6086,19.46,1.0,100,1
TXN_7173,USER_1572,41.51,1.0,100,1
TXN_39352,USER_8617,22.12,1.0,100,1
TXN_32985,USER_6893,318.54,1.0,100,1
TXN_9584,USER_4928,131.19,1.0,100,1
TXN_29337,USER_7657,218.47,1.0,100,1
TXN_30772,USER_1064,104.38,1.0,100,1
TXN_40310,USER_5242,80.23,1.0,100,1
TXN_40434,USER_2340,26.9,1.0,100,1
TXN_20206,USER_1424,145.14,1.0,100,1
TXN_24633,USER_5906,19.46,1.0,100,1
TXN_27061,USER_3993,39.88,1.0,100,1
TXN_37349,USER_8083,23.45,1.0,100,1
TXN_4009,USER_2647,129.38,1.0,100,1
TXN_34280,USER_9549,618.85,1.0,100,1
TXN_34471,USER_5220,5.81,1.0,100,1
TXN_19850,USER_6661,52.32,1.0,100,1
TXN_36748,USER_5682,163.34,1.0,100,1
TXN_21478,USER_5474,33.86,1.0,100,1
TXN_26328,USER_6351,58.11,1.0,100,1
TXN_48235,USER_1640,101.54,1.0,100,1
TXN_36003,USER_6909,126.69,1.0,100,1
TXN_22624,USER_1552,177.55,1.0,100,1
TXN_1647,USER_1488,197.71,1.0,100,1
TXN_2824,USER_5727,50.81,1.0,100,1
TXN_46021,USER_2275,26.67,1.0,100,1
TXN_17479,USER_1239,12.13,1.0,100,1
TXN_48894,USER_4185,258.31,1.0,100,1
TXN_32425,USER_5655,4.95,1.0,100,1
TXN_25790,USER_2635,54.7,1.0,100,1
TXN_17446,USER_3134,60.27,1.0,100,1
TXN_35147,USER_2119,151.24,1.0,100,1
TXN_1977,USER_1775,8.71,1.0,100,1
TXN_40666,USER_2558,24.99,1.0,100,1
TXN_15368,USER_3416,96.3,1.0,100,1
TXN_22395,USER_5888,125.55,1.0,100,1
TXN_28118,USER_1560,218.69,1.0,100,1
TXN_11666,USER_4861,42.77,1.0,100,1
TXN_28759,USER_9398,166.7,1.0,100,1
TXN_20403,USER_7241,27.46,1.0,100,1
TXN_27677,USER_1592,42.86,1.0,100,1
TXN_6863,USER_6193,147.22,1.0,100,1
TXN_18091,USER_9003,94.58,1.0,100,1
TXN_34930,USER_2823,95.65,1.0,100,1
TXN_47167,USER_3354,17.48,1.0,100,1
TXN_32908,USER_5596,62.82,1.0,100,1
TXN_38147,USER_9673,71.64,1.0,100,1
TXN_7745,USER_7287,211.22,1.0,100,1
TXN_22389,USER_3209,1.71,1.0,100,1
TXN_34982,USER_3203,193.57,1.0,100,1
TXN_45590,USER_9235,62.92,1.0,100,1
TXN_33033,USER_5170,48.03,1.0,100,1
TXN_37475,USER_6215,109.3,1.0,100,1
TXN_11457,USER_4071,289.15,1.0,100,1
TXN_48486,USER_3902,18.79,1.0,100,1
TXN_3945,USER_4258,83.79,1.0,100,1
TXN_43504,USER_6674,56.89,1.0,100,1
TXN_34995,USER_3691,2.39,1.0,100,1
TXN_15653,USER_1673,162.79,1.0,100,1
TXN_1984,USER_4926,2.33,1.0,100,1
TXN_1052,USER_6619,5.22,1.0,100,1
TXN_49727,USER_9962,45.0,1.0,100,1
TXN_8908,USER_4148,90.31,1.0,100,1
TXN_516,USER_8494,30.75,1.0,100,1
TXN_3416,USER_6119,128.67,1.0,100,1
TXN_45857,USER_3982,30.6,1.0,100,1
TXN_24672,USER_7291,201.5,1.0,100,1
TXN_21334,USER_1202,116.36,1.0,100,1
TXN_43926,USER_7209,75.78,1.0,100,1
TXN_45098,USER_1260,69.78,1.0,100,1
TXN_8582,USER_2198,81.15,1.0,100,1
TXN_9024,USER_6920,87.42,1.0,100,1
TXN_3076,USER_4423,34.24,1.0,100,1
TXN_9590,USER_4275,341.48,1.0,100,1
TXN_9830,USER_9955,222.88,1.0,100,1
TXN_23285,USER_7184,323.82,1.0,100,1
TXN_25555,USER_1997,12.01,1.0,100,1
TXN_16248,USER_3945,5.61,1.0,100,1
TXN_45643,USER_9763,19.05,1.0,100,1
TXN_46806,USER_7043,66.24,1.0,100,1
TXN_30747,USER_5718,271.48,1.0,100,1
TXN_36042,USER_1733,84.47,1.0,100,1
TXN_3753,USER_4521,87.41,1.0,100,1
TXN_48250,USER_9103,33.93,1.0,100,1
TXN_25837,USER_5889,190.86,1.0,100,1
TXN_7911,USER_6733,51.26,1.0,100,1
TXN_34643,USER_1003,38.72,1.0,100,1
TXN_33425,USER_4452,143.89,1.0,100,1
TXN_32910,USER_6502,58.68,1.0,100,1
TXN_98,USER_3731,87.89,1.0,100,1
TXN_20145,USER_9947,306.45,1.0,100,1
TXN_9266,USER_4807,92.84,1.0,100,1
TXN_14188,USER_1615,226.27,1.0,100,1
TXN_49600,USER_9816,11.46,1.0,100,1
TXN_45277,USER_4676,148.99,1.0,100,1
TXN_26168,USER_6238,49.79,1.0,100,1
TXN_33263,USER_3317,36.18,1.0,100,1
TXN_953,USER_9666,158.93,1.0,100,1
TXN_23394,USER_4860,273.16,1.0,100,1
TXN_40360,USER_9987,42.69,1.0,100,1
TXN_5742,USER_5524,217.06,1.0,100,1
TXN_4253,USER_9849,24.49,1.0,100,1
TXN_39513,USER_4089,312.89,1.0,100,1
TXN_20272,USER_7986,144.9,1.0,100,1
TXN_2507,USER_2325,133.31,1.0,100,1
TXN_21247,USER_7020,49.13,1.0,100,1
TXN_9006,USER_6202,118.37,1.0,100,1
TXN_16635,USER_8274,102.73,1.0,100,1
TXN_34186,USER_5237,3.25,1.0,100,1
TXN_24120,USER_8934,12.8,1.0,100,1
TXN_31278,USER_7992,71.02,1.0,100,1
TXN_46331,USER_6825,368.93,1.0,100,1
TXN_14555,USER_5935,89.34,1.0,100,1
TXN_16511,USER_1141,57.88,1.0,100,1
TXN_30709,USER_1101,118.32,1.0,100,1
TXN_49776,USER_2912,336.91,1.0,100,1
TXN_31838,USER_8697,82.48,1.0,100,1
TXN_17356,USER_1565,3.78,1.0,100,1
TXN_20401,USER_7115,90.48,1.0,100,1
TXN_12351,USER_8343,43.69,1.0,100,1
TXN_44692,USER_7707,103.42,1.0,100,1
TXN_48128,USER_3926,19.41,1.0,100,1
TXN_25334,USER_4272,150.18,1.0,100,1
TXN_41569,USER_3301,236.36,1.0,100,1
TXN_42718,USER_2810,33.47,1.0,100,1
TXN_4615,USER_2802,104.58,1.0,100,1
TXN_30918,USER_3169,1.25,1.0,100,1
TXN_46378,USER_6505,148.88,1.0,100,1
TXN_31069,USER_7170,32.05,1.0,100,1
TXN_41721,USER_9368,67.95,1.0,100,1
TXN_1453,USER_9032,12.19,1.0,100,1
TXN_21122,USER_6720,170.43,1.0,100,1
TXN_9480,USER_5155,40.22,1.0,100,1
TXN_10399,USER_4664,26.73,1.0,100,1
TXN_39736,USER_3155,250.12,1.0,100,1
TXN_49290,USER_4771,21.21,1.0,100,1
TXN_18295,USER_8208,19.3,1.0,100,1
TXN_6119,USER_1350,38.16,1.0,100,1
TXN_20027,USER_1106,141.22,1.0,100,1
TXN_8132,USER_9146,16.91,1.0,100,1
TXN_47755,USER_1527,148.31,1.0,100,1
TXN_43749,USER_7699,108.69,1.0,100,1
TXN_16420,USER_7195,146.1,1.0,100,1
TXN_18673,USER_2161,89.57,1.0,100,1
TXN_152,USER_4304,122.35,1.0,100,1
TXN_25250,USER_7559,24.07,1.0,100,1
TXN_32091,USER_9641,174.39,1.0,100,1
TXN_14362,USER_3224,274.74,1.0,100,1
TXN_32138,USER_5627,153.36,1.0,100,1
TXN_10676,USER_6510,287.1,1.0,100,1
TXN_5787,USER_9779,17.98,1.0,100,1
TXN_26752,USER_8057,33.22,1.0,100,1
TXN_29789,USER_7661,39.25,1.0,100,1
TXN_18469,USER_5100,16.19,1.0,100,1
TXN_27254,USER_5847,124.01,1.0,100,1
TXN_28266,USER_1190,167.27,1.0,100,1
TXN_8538,USER_1832,239.05,1.0,100,1
TXN_23403,USER_2650,25.74,1.0,100,1
TXN_44436,USER_6794,21.39,1.0,100,1
TXN_26769,USER_4493,108.6,1.0,100,1
TXN_28815,USER_7281,140.57,1.0,100,1
TXN_4832,USER_9514,164.08,1.0,100,1
TXN_37024,USER_3112,21.63,1.0,100,1
TXN_46266,USER_2927,111.96,1.0,100,1
TXN_14443,USER_4613,90.49,1.0,100,1
TXN_8694,USER_9494,46.41,1.0,100,1
TXN_10417,USER_4574,73.6,1.0,100,1
TXN_20412,USER_8043,6.34,1.0,100,1
TXN_17802,USER_5852,2.66,1.0,100,1
TXN_22639,USER_5708,44.99,1.0,100,1
TXN_21023,USER_4162,14.81,1.0,100,1
TXN_45564,USER_8080,46.69,1.0,100,1
TXN_1418,USER_1526,194.31,1.0,100,1
TXN_16178,USER_9251,53.31,1.0,100,1
TXN_35678,USER_9609,57.72,1.0,100,1
TXN_38874,USER_3648,2.39,1.0,100,1
TXN_35942,USER_2883,9.46,1.0,100,1
TXN_15257,USER_9425,10.4,1.0,100,1
TXN_41675,USER_7917,150.55,1.0,100,1
TXN_25586,USER_7028,112.34,1.0,100,1
TXN_43277,USER_7833,151.39,1.0,100,1
TXN_19433,USER_7503,157.74,1.0,100,1
TXN_3628,USER_7239,176.88,1.0,100,1
TXN_20582,USER_4017,10.07,1.0,100,1
TXN_5352,USER_5734,43.48,1.0,100,1
TXN_19353,USER_9145,69.32,1.0,100,1
TXN_21421,USER_9911,87.69,1.0,100,1
TXN_37918,USER_3225,35.33,1.0,100,1
TXN_10981,USER_9915,234.62,1.0,100,1
TXN_25660,USER_1466,170.3,1.0,100,1
TXN_31832,USER_2310,13.6,1.0,100,1
TXN_26263,USER_4669,45.99,1.0,100,1
TXN_43659,USER_8289,207.53,1.0,100,1
TXN_491,USER_5729,128.68,1.0,100,1
TXN_30882,USER_4091,29.49,1.0,100,1
TXN_41647,USER_8413,73.08,1.0,100,1
TXN_12347,USER_9142,11.6,1.0,100,1
TXN_17474,USER_6173,16.87,1.0,100,1
TXN_18461,USER_3083,25.69,1.0,100,1
TXN_25686,USER_1298,65.93,1.0,100,1
TXN_22775,USER_4532,18.66,1.0,100,1
TXN_45700,USER_8247,4.73,1.0,100,1
TXN_13623,USER_1098,143.11,1.0,100,1
TXN_16470,USER_2362,48.96,1.0,100,1
TXN_34354,USER_1266,151.78,1.0,100,1
TXN_41443,USER_1308,161.84,1.0,100,1
TXN_17515,USER_9441,96.34,1.0,100,1
TXN_41677,USER_4785,18.34,1.0,100,1
TXN_1043,USER_5841,274.46,1.0,100,1
TXN_13297,USER_4086,98.97,1.0,100,1
TXN_47901,USER_1350,3.41,1.0,100,1
TXN_35056,USER_1569,29.9,1.0,100,1
TXN_14858,USER_6131,172.42,1.0,100,1
TXN_13602,USER_6849,174.4,1.0,100,1
TXN_5170,USER_8509,109.83,1.0,100,1
TXN_35332,USER_8710,73.68,1.0,100,1
TXN_34719,USER_8724,96.62,1.0,100,1
TXN_19713,USER_7446,284.36,1.0,100,1
TXN_22012,USER_3753,62.56,1.0,100,1
TXN_42983,USER_9243,174.38,1.0,100,1
TXN_7718,USER_4688,162.18,1.0,100,1
TXN_37105,USER_1641,91.18,1.0,100,1
TXN_20091,USER_4844,44.38,1.0,100,1
TXN_18924,USER_8377,55.41,1.0,100,1
TXN_25713,USER_4508,35.29,1.0,100,1
TXN_41728,USER_9359,81.03,1.0,100,1
TXN_46467,USER_2629,159.36,1.0,100,1
TXN_20207,USER_4051,219.72,1.0,100,1
TXN_14768,USER_2112,179.01,1.0,100,1
TXN_30331,USER_4376,72.02,1.0,100,1
TXN_3229,USER_4664,17.84,1.0,100,1
TXN_1190,USER_2466,23.73,1.0,100,1
TXN_15188,USER_1244,10.76,1.0,100,1
TXN_39430,USER_9666,102.11,1.0,100,1
TXN_36152,USER_5388,224.96,1.0,100,1
TXN_28638,USER_4475,446.34,1.0,100,1
TXN_15884,USER_7068,75.42,1.0,100,1
TXN_6803,USER_3321,137.26,1.0,100,1
TXN_46777,USER_2433,39.3,1.0,100,1
TXN_943,USER_4507,232.87,1.0,100,1
TXN_4156,USER_8036,128.85,1.0,100,1
TXN_3056,USER_8160,52.17,1.0,100,1
TXN_3309,USER_8236,95.42,1.0,100,1
TXN_7886,USER_4756,30.82,1.0,100,1
TXN_46435,USER_7652,130.05,1.0,100,1
TXN_8871,USER_2203,92.62,1.0,100,1
TXN_14532,USER_2854,45.79,1.0,100,1
TXN_12691,USER_9107,46.12,1.0,100,1
TXN_369,USER_2664,100.32,1.0,100,1
TXN_6885,USER_1224,205.08,1.0,100,1
TXN_24742,USER_2672,5.04,1.0,100,1
TXN_21399,USER_9688,12.63,1.0,100,1
TXN_16570,USER_3407,30.99,1.0,100,1
TXN_46372,USER_5355,351.35,1.0,100,1
TXN_27133,USER_5926,3.92,1.0,100,1
TXN_1127,USER_2524,91.87,1.0,100,1
TXN_6081,USER_4932,117.95,1.0,100,1
TXN_38983,USER_2264,1.3,1.0,100,1
TXN_46875,USER_4499,47.04,1.0,100,1
TXN_32823,USER_9906,18.91,1.0,100,1
TXN_26842,USER_5470,340.31,1.0,100,1
TXN_43767,USER_9021,101.76,1.0,100,1
TXN_22968,USER_6491,78.97,1.0,100,1
TXN_11636,USER_6285,123.47,1.0,100,1
TXN_37137,USER_7200,38.52,1.0,100,1
TXN_29081,USER_2429,9.6,1.0,100,1
TXN_5116,USER_6969,90.04,1.0,100,1
TXN_32279,USER_8446,76.27,1.0,100,1
TXN_45621,USER_6103,376.95,1.0,100,1
TXN_10263,USER_4626,37.25,1.0,100,1
TXN_27562,USER_3045,216.46,1.0,100,1
TXN_22956,USER_6430,61.19,1.0,100,1
TXN_42082,USER_2624,1.44,1.0,100,1
TXN_14865,USER_2838,8.72,1.0,100,1
TXN_20385,USER_8623,63.17,1.0,100,1
TXN_10591,USER_7116,0.1,1.0,100,1
TXN_5286,USER_7943,74.51,1.0,100,1
TXN_38292,USER_2172,89.29,1.0,100,1
TXN_23638,USER_9928,193.26,1.0,100,1
TXN_1464,USER_4041,15.7,1.0,100,1
TXN_42308,USER_7570,175.26,1.0,100,1
TXN_6245,USER_6335,101.56,1.0,100,1
TXN_26262,USER_7684,35.31,1.0,100,1
TXN_38449,USER_6965,48.06,1.0,100,1
TXN_15022,USER_9928,98.62,1.0,100,1
TXN_46607,USER_3804,41.77,1.0,100,1
TXN_25201,USER_4687,106.8,1.0,100,1
TXN_2990,USER_3207,372.54,1.0,100,1
TXN_9123,USER_7859,267.18,1.0,100,1
TXN_6988,USER_7284,191.0,1.0,100,1
TXN_44607,USER_6292,92.28,1.0,100,1
TXN_13298,USER_1629,4.69,1.0,100,1
TXN_4548,USER_6229,12.18,1.0,100,1
TXN_6394,USER_6073,8.14,1.0,100,1
TXN_21799,USER_7812,159.54,1.0,100,1
TXN_29253,USER_6135,142.79,1.0,100,1
TXN_22747,USER_1071,202.09,1.0,100,1
TXN_41468,USER_9305,110.27,1.0,100,1
TXN_19231,USER_8847,157.74,1.0,100,1
TXN_15486,USER_1757,60.56,1.0,100,1
TXN_38998,USER_4554,18.38,1.0,100,1
TXN_12993,USER_7739,68.41,1.0,100,1
TXN_11168,USER_6984,60.31,1.0,100,1
TXN_10079,USER_3276,68.95,1.0,100,1
TXN_36532,USER_9457,13.0,1.0,100,1
TXN_2772,USER_7337,5.8,1.0,100,1
TXN_7462,USER_1539,53.57,1.0,100,1
TXN_10229,USER_6024,248.89,1.0,100,1
TXN_21124,USER_3788,145.7,1.0,100,1
TXN_47240,USER_8713,445.61,1.0,100,1
TXN_26003,USER_6029,12.95,1.0,100,1
TXN_25528,USER_8693,5.03,1.0,100,1
TXN_19869,USER_8552,74.7,1.0,100,1
TXN_22824,USER_9856,50.55,1.0,100,1
TXN_17534,USER_3573,46.58,1.0,100,1
TXN_9264,USER_4279,107.36,1.0,100,1
TXN_49294,USER_2523,228.4,1.0,100,1
TXN_32321,USER_2017,58.8,1.0,100,1
TXN_20450,USER_4505,57.9,1.0,100,1
TXN_34798,USER_5517,70.64,1.0,100,1
TXN_10146,USER_9600,84.39,1.0,100,1
TXN_22466,USER_2898,3.49,1.0,100,1
TXN_3269,USER_9112,425.31,1.0,100,1
TXN_11921,USER_1679,101.68,1.0,100,1
TXN_19227,USER_4894,15.74,1.0,100,1
TXN_48336,USER_5879,23.73,1.0,100,1
TXN_12865,USER_5693,2.34,1.0,100,1
TXN_9270,USER_7169,56.56,1.0,100,1
TXN_8153,USER_8972,210.37,1.0,100,1
TXN_9654,USER_8013,61.33,1.0,100,1
TXN_18937,USER_8500,311.43,1.0,100,1
TXN_31022,USER_3023,348.37,1.0,100,1
TXN_30398,USER_6281,68.17,1.0,100,1
TXN_3126,USER_2105,51.11,1.0,100,1
TXN_15520,USER_2325,118.84,1.0,100,1
TXN_15505,USER_2746,278.61,1.0,100,1
TXN_48333,USER_9095,94.04,1.0,100,1
TXN_17644,USER_4324,14.6,1.0,100,1
TXN_11119,USER_7786,139.6,1.0,100,1
TXN_18173,USER_9551,49.39,1.0,100,1
TXN_34709,USER_9878,38.14,1.0,100,1
TXN_16935,USER_1101,8.0,1.0,100,1
TXN_39511,USER_9690,28.37,1.0,100,1
TXN_48606,USER_6051,225.65,1.0,100,1
TXN_14321,USER_7205,30.68,1.0,100,1
TXN_38924,USER_2562,10.13,1.0,100,1
TXN_42164,USER_2361,29.0,1.0,100,1
TXN_5904,USER_2992,47.04,1.0,100,1
TXN_35902,USER_6435,445.22,1.0,100,1
TXN_45669,USER_2793,394.6,1.0,100,1
TXN_44287,USER_4103,82.49,1.0,100,1
TXN_2635,USER_1929,43.83,1.0,100,1
TXN_42278,USER_7584,16.36,1.0,100,1
TXN_1501,USER_2927,105.07,1.0,100,1
TXN_11426,USER_7083,339.5,1.0,100,1
TXN_36197,USER_4145,86.01,1.0,100,1
TXN_11335,USER_8472,152.77,1.0,100,1
TXN_21402,USER_9876,7.63,1.0,100,1
TXN_4520,USER_6874,187.89,1.0,100,1
TXN_11380,USER_4892,91.13,1.0,100,1
TXN_8842,USER_1493,44.46,1.0,100,1
TXN_45356,USER_5921,100.6,1.0,100,1
TXN_16100,USER_1632,128.4,1.0,100,1
TXN_45031,USER_7545,240.8,1.0,100,1
TXN_19489,USER_1830,41.39,1.0,100,1
TXN_27227,USER_3607,4.3,1.0,100,1
TXN_10123,USER_1521,203.01,1.0,100,1
TXN_3289,USER_5408,426.44,1.0,100,1
TXN_16298,USER_2268,37.45,1.0,100,1
TXN_15666,USER_6593,92.63,1.0,100,1
TXN_6301,USER_8848,13.2,1.0,100,1
TXN_47123,USER_4210,43.03,1.0,100,1
TXN_1344,USER_8059,143.53,1.0,100,1
TXN_22876,USER_6221,159.11,1.0,100,1
TXN_588,USER_4324,95.16,1.0,100,1
TXN_20832,USER_1291,175.98,1.0,100,1
TXN_457,USER_3914,134.52,1.0,100,1
TXN_1884,USER_4036,131.41,1.0,100,1
TXN_11100,USER_2844,45.59,1.0,100,1
TXN_20685,USER_7589,9.63,1.0,100,1
TXN_40490,USER_4300,40.43,1.0,100,1
TXN_21666,USER_4062,242.5,1.0,100,1
TXN_10648,USER_8962,150.38,1.0,100,1
TXN_25336,USER_4701,365.84,1.0,100,1
TXN_29285,USER_8880,35.31,1.0,100,1
TXN_12946,USER_3087,14.69,1.0,100,1
TXN_10761,USER_6030,133.0,1.0,100,1
TXN_36619,USER_3728,109.85,1.0,100,1
TXN_20186,USER_8362,299.54,1.0,100,1
TXN_9113,USER_3696,494.14,1.0,100,1
TXN_12945,USER_8426,0.0,1.0,100,1
TXN_27735,USER_7601,15.89,1.0,100,1
TXN_2993,USER_9835,88.46,1.0,100,1
TXN_35542,USER_1356,97.04,1.0,100,1
TXN_40580,USER_7915,142.09,1.0,100,1
TXN_27512,USER_7325,5.77,1.0,100,1
TXN_19676,USER_1917,20.57,1.0,100,1
TXN_34009,USER_9418,75.16,1.0,100,1
TXN_21837,USER_6096,193.18,1.0,100,1
TXN_8249,USER_3690,113.27,1.0,100,1
TXN_5579,USER_9119,2.9,1.0,100,1
TXN_21127,USER_3976,113.2,1.0,100,1
TXN_27847,USER_3978,5.22,1.0,100,1
TXN_40968,USER_1479,116.08,1.0,100,1
TXN_45668,USER_8921,89.8,1.0,100,1
TXN_15480,USER_7905,43.73,1.0,100,1
TXN_41524,USER_4628,29.18,1.0,100,1
TXN_13497,USER_3636,0.97,1.0,100,1
TXN_36995,USER_5963,81.57,1.0,100,1
TXN_20292,USER_8300,213.42,1.0,100,1
TXN_32801,USER_8023,103.8,1.0,100,1
TXN_20755,USER_7406,97.07,1.0,100,1
TXN_33797,USER_9091,21.23,1.0,100,1
TXN_29923,USER_7339,45.01,1.0,100,1
TXN_30606,USER_9765,54.14,1.0,100,1
TXN_49064,USER_8226,8.19,1.0,100,1
TXN_7725,USER_3653,217.62,1.0,100,1
TXN_33420,USER_8485,23.21,1.0,100,1
TXN_26678,USER_4809,192.09,1.0,100,1
TXN_35462,USER_5881,70.25,1.0,100,1
TXN_11541,USER_6378,102.24,1.0,100,1
TXN_21194,USER_9861,267.54,1.0,100,1
TXN_42007,USER_3386,114.77,1.0,100,1
TXN_1565,USER_6897,145.25,1.0,100,1
TXN_7247,USER_3855,150.35,1.0,100,1
TXN_2743,USER_1364,34.82,1.0,100,1
TXN_20912,USER_7801,121.2,1.0,100,1
TXN_41221,USER_4651,57.37,1.0,100,1
TXN_13084,USER_8087,48.34,1.0,100,1
TXN_31057,USER_4014,112.57,1.0,100,1
TXN_7586,USER_8844,95.65,1.0,100,1
TXN_11619,USER_6951,63.85,1.0,100,1
TXN_41299,USER_8334,8.29,1.0,100,1
TXN_29449,USER_2412,299.67,1.0,100,1
TXN_6282,USER_7199,210.11,1.0,100,1
TXN_37009,USER_2377,20.61,1.0,100,1
TXN_45870,USER_3395,297.21,1.0,100,1
TXN_49869,USER_4648,22.53,1.0,100,1
TXN_29681,USER_7041,42.65,1.0,100,1
TXN_18555,USER_4953,5.6,1.0,100,1
TXN_32350,USER_2442,139.29,1.0,100,1
TXN_47288,USER_1382,161.85,1.0,100,1
TXN_37484,USER_4305,12.07,1.0,100,1
TXN_18192,USER_1787,117.56,1.0,100,1
TXN_43809,USER_6664,11.33,1.0,100,1
TXN_49239,USER_5245,98.67,1.0,100,1
TXN_22328,USER_8429,99.76,1.0,100,1
TXN_35824,USER_8647,612.35,1.0,100,1
TXN_1800,USER_3493,71.43,1.0,100,1
TXN_4262,USER_9069,25.31,1.0,100,1
TXN_11547,USER_9753,98.15,1.0,100,1
TXN_25374,USER_4700,22.98,1.0,100,1
TXN_5749,USER_3911,27.66,1.0,100,1
TXN_4393,USER_2909,88.88,1.0,100,1
TXN_7516,USER_5240,20.45,1.0,100,1
TXN_12487,USER_3415,45.9,1.0,100,1
TXN_45554,USER_6874,3.99,1.0,100,1
TXN_28735,USER_3078,154.6,1.0,100,1
TXN_2989,USER_5552,91.54,1.0,100,1
TXN_17370,USER_2231,141.71,1.0,100,1
TXN_11262,USER_6358,47.97,1.0,100,1
TXN_3579,USER_2788,55.45,1.0,100,1
TXN_36311,USER_3401,16.06,1.0,100,1
TXN_24755,USER_9411,98.95,1.0,100,1
TXN_12181,USER_7787,38.15,1.0,100,1
TXN_30219,USER_7776,4.51,1.0,100,1
TXN_13653,USER_5221,82.77,1.0,100,1
TXN_25079,USER_9664,157.64,1.0,100,1
TXN_26859,USER_2821,6.54,1.0,100,1
TXN_29598,USER_1305,8.45,1.0,100,1
TXN_33984,USER_7852,48.54,1.0,100,1
TXN_6942,USER_5210,34.13,1.0,100,1
TXN_38854,USER_3501,65.04,1.0,100,1
TXN_40110,USER_4973,58.41,1.0,100,1
TXN_42408,USER_5584,177.25,1.0,100,1
TXN_29239,USER_5682,38.35,1.0,100,1
TXN_44244,USER_6348,247.42,1.0,100,1
TXN_17267,USER_2208,14.52,1.0,100,1
TXN_45250,USER_7388,45.83,1.0,100,1
TXN_30665,USER_9410,150.55,1.0,100,1
TXN_43347,USER_9307,12.29,1.0,100,1
TXN_938,USER_7514,19.59,1.0,100,1
TXN_24037,USER_7502,132.83,1.0,100,1
TXN_16072,USER_4375,399.06,1.0,100,1
TXN_7104,USER_4985,212.84,1.0,100,1
TXN_44987,USER_6666,47.4,1.0,100,1
TXN_17930,USER_6017,83.54,1.0,100,1
TXN_42802,USER_6960,90.17,1.0,100,1
TXN_43052,USER_1147,34.82,1.0,100,1
TXN_30903,USER_8214,60.55,1.0,100,1
TXN_35449,USER_1570,53.66,1.0,100,1
TXN_14832,USER_9481,53.52,1.0,100,1
TXN_17567,USER_3439,13.23,1.0,100,1
TXN_48649,USER_3867,132.65,1.0,100,1
TXN_25639,USER_1380,158.98,1.0,100,1
TXN_28826,USER_5176,18.33,1.0,100,1
TXN_31565,USER_2296,47.22,1.0,100,1
TXN_37858,USER_7888,8.19,1.0,100,1
TXN_6493,USER_1600,11.61,1.0,100,1
TXN_27743,USER_7743,83.42,1.0,100,1
TXN_7487,USER_4531,101.46,1.0,100,1
TXN_20850,USER_1103,188.39,1.0,100,1
TXN_37229,USER_7516,53.01,1.0,100,1
TXN_28243,USER_6948,6.61,1.0,100,1
TXN_498,USER_5846,18.12,1.0,100,1
TXN_41140,USER_6637,84.39,1.0,100,1
TXN_49622,USER_3925,25.08,1.0,100,1
TXN_26459,USER_1361,35.63,1.0,100,1
TXN_44127,USER_5358,34.55,1.0,100,1
TXN_28486,USER_8644,53.11,1.0,100,1
TXN_29137,USER_2111,264.43,1.0,100,1
TXN_39718,USER_2571,40.13,1.0,100,1
TXN_27557,USER_3599,62.92,1.0,100,1
TXN_30282,USER_4592,388.01,1.0,100,1
TXN_49384,USER_4052,18.87,1.0,100,1
TXN_11398,USER_9302,85.85,1.0,100,1
TXN_43430,USER_2077,74.94,1.0,100,1
TXN_33436,USER_1785,209.24,1.0,100,1
TXN_3018,USER_8006,176.71,1.0,100,1
TXN_29016,USER_6694,2.16,1.0,100,1
TXN_45530,USER_1577,24.34,1.0,100,1
TXN_42216,USER_5326,13.18,1.0,100,1
TXN_11532,USER_5917,0.21,1.0,100,1
TXN_6912,USER_9118,80.99,1.0,100,1
TXN_28800,USER_8676,138.33,1.0,100,1
TXN_48323,USER_8236,102.18,1.0,100,1
TXN_39559,USER_5957,70.84,1.0,100,1
TXN_17473,USER_6566,317.51,1.0,100,1
TXN_4811,USER_5056,161.58,1.0,100,1
TXN_2923,USER_3016,24.99,1.0,100,1
TXN_4230,USER_8023,33.75,1.0,100,1
TXN_25618,USER_6407,36.11,1.0,100,1
TXN_682,USER_4818,23.98,1.0,100,1
TXN_30923,USER_4878,70.76,1.0,100,1
TXN_3578,USER_9442,61.67,1.0,100,1
TXN_41229,USER_8775,208.19,1.0,100,1
TXN_10118,USER_4650,17.35,1.0,100,1
TXN_16948,USER_9174,349.74,1.0,100,1
TXN_9701,USER_1372,12.22,1.0,100,1
TXN_24959,USER_7857,313.91,1.0,100,1
TXN_3723,USER_6669,145.36,1.0,100,1
TXN_18421,USER_9621,96.21,1.0,100,1
TXN_47996,USER_9548,242.35,1.0,100,1
TXN_44374,USER_4371,5.69,1.0,100,1
TXN_37632,USER_9438,86.82,1.0,100,1
TXN_37983,USER_7888,45.72,1.0,100,1
TXN_33472,USER_4110,62.8,1.0,100,1
TXN_35827,USER_5778,81.22,1.0,100,1
TXN_19753,USER_4701,40.48,1.0,100,1
TXN_3110,USER_4743,102.71,1.0,100,1
TXN_3529,USER_5757,211.42,1.0,100,1
TXN_48569,USER_8404,230.04,1.0,100,1
TXN_22514,USER_3319,78.07,1.0,100,1
TXN_108,USER_5488,210.24,1.0,100,1
TXN_1231,USER_9567,63.35,1.0,100,1
TXN_48929,USER_6380,84.08,1.0,100,1
TXN_44439,USER_7308,1.85,1.0,100,1
TXN_19908,USER_4612,33.11,1.0,100,1
TXN_42517,USER_2750,97.86,1.0,100,1
TXN_10421,USER_2088,291.88,1.0,100,1
TXN_6753,USER_4554,52.82,1.0,100,1
TXN_24735,USER_8825,38.87,1.0,100,1
TXN_39035,USER_2770,46.25,1.0,100,1
TXN_38008,USER_1519,48.48,1.0,100,1
TXN_31488,USER_1282,272.38,1.0,100,1
TXN_34822,USER_2268,67.21,1.0,100,1
TXN_36710,USER_6765,4.23,1.0,100,1
TXN_38065,USER_8904,79.7,1.0,100,1
TXN_34437,USER_5152,74.37,1.0,100,1
TXN_7336,USER_8705,152.42,1.0,100,1
TXN_46545,USER_6432,41.6,1.0,100,1
TXN_3141,USER_2132,62.54,1.0,100,1
TXN_15557,USER_8861,18.53,1.0,100,1
TXN_475,USER_6486,14.32,1.0,100,1
TXN_22848,USER_2547,16.51,1.0,100,1
TXN_37429,USER_6862,205.89,1.0,100,1
TXN_32310,USER_5423,123.07,1.0,100,1
TXN_41118,USER_5296,13.74,1.0,100,1
TXN_17082,USER_9977,12.99,1.0,100,1
TXN_13047,USER_4094,127.36,1.0,100,1
TXN_44465,USER_4245,78.76,1.0,100,1
TXN_42707,USER_4160,146.93,1.0,100,1
TXN_10688,USER_3696,166.25,1.0,100,1
TXN_6149,USER_2074,42.43,1.0,100,1
TXN_4546,USER_9976,38.62,1.0,100,1
TXN_34127,USER_6317,14.03,1.0,100,1
TXN_42370,USER_7564,53.88,1.0,100,1
TXN_42217,USER_6570,69.48,1.0,100,1
TXN_16170,USER_8660,221.73,1.0,100,1
TXN_24626,USER_6517,53.44,1.0,100,1
TXN_14881,USER_5782,204.03,1.0,100,1
TXN_39070,USER_8751,227.69,1.0,100,1
TXN_40075,USER_4358,303.08,1.0,100,1
TXN_39782,USER_8703,59.44,1.0,100,1
TXN_8541,USER_9953,120.73,1.0,100,1
TXN_41872,USER_7438,66.94,1.0,100,1
TXN_20903,USER_3559,9.51,1.0,100,1
TXN_42202,USER_2969,74.27,1.0,100,1
TXN_6868,USER_1212,149.57,1.0,100,1
TXN_3875,USER_9828,4.73,1.0,100,1
TXN_20458,USER_8406,146.63,1.0,100,1
TXN_6342,USER_2129,31.16,1.0,100,1
TXN_36897,USER_4881,22.25,1.0,100,1
TXN_7600,USER_7651,77.78,1.0,100,1
TXN_14019,USER_9799,194.35,1.0,100,1
TXN_15274,USER_5507,17.17,1.0,100,1
TXN_1398,USER_4610,11.41,1.0,100,1
TXN_48586,USER_1187,54.42,1.0,100,1
TXN_2357,USER_5079,5.85,1.0,100,1
TXN_37658,USER_2780,69.12,1.0,100,1
TXN_7989,USER_1037,18.76,1.0,100,1
TXN_27996,USER_8301,2.33,1.0,100,1
TXN_43474,USER_1174,28.37,1.0,100,1
TXN_47761,USER_7732,126.53,1.0,100,1
TXN_41823,USER_3645,26.99,1.0,100,1
TXN_18349,USER_5338,74.84,1.0,100,1
TXN_47224,USER_1623,85.01,1.0,100,1
TXN_41687,USER_9388,27.83,1.0,100,1
TXN_14664,USER_4484,3.86,1.0,100,1
TXN_39562,USER_7122,8.78,1.0,100,1
TXN_45886,USER_3747,106.71,1.0,100,1
TXN_49198,USER_4713,72.83,1.0,100,1
TXN_181,USER_3327,175.7,1.0,100,1
TXN_11632,USER_3024,48.87,1.0,100,1
TXN_17180,USER_1325,224.34,1.0,100,1
TXN_25237,USER_1841,85.8,1.0,100,1
TXN_9392,USER_5650,49.3,1.0,100,1
TXN_34914,USER_9738,30.79,1.0,100,1
TXN_27844,USER_7270,139.51,1.0,100,1
TXN_33614,USER_7303,8.15,1.0,100,1
TXN_3643,USER_4792,91.44,1.0,100,1
TXN_30779,USER_5255,103.69,1.0,100,1
TXN_43737,USER_1817,68.1,1.0,100,1
TXN_37401,USER_5665,560.16,1.0,100,1
TXN_45349,USER_2497,275.65,1.0,100,1
TXN_37467,USER_8202,99.07,1.0,100,1
TXN_9279,USER_4838,21.07,1.0,100,1
TXN_12736,USER_9342,80.2,1.0,100,1
TXN_20667,USER_3762,262.12,1.0,100,1
TXN_45302,USER_5813,116.57,1.0,100,1
TXN_13443,USER_7333,94.39,1.0,100,1
TXN_23587,USER_2328,60.03,1.0,100,1
TXN_41325,USER_7255,31.6,1.0,100,1
TXN_25098,USER_2672,71.86,1.0,100,1
TXN_18821,USER_1696,83.64,1.0,100,1
TXN_8147,USER_3176,1.56,1.0,100,1
TXN_24362,USER_1466,159.83,1.0,100,1
TXN_30388,USER_7520,191.43,1.0,100,1
TXN_46917,USER_4733,14.87,1.0,100,1
TXN_38219,USER_9178,213.29,1.0,100,1
TXN_20021,USER_5409,54.13,1.0,100,1
TXN_29225,USER_5640,100.02,1.0,100,1
TXN_14766,USER_1553,93.34,1.0,100,1
TXN_31341,USER_7280,45.01,1.0,100,1
TXN_39269,USER_4473,24.25,1.0,100,1
TXN_3704,USER_7718,81.64,1.0,100,1
TXN_10178,USER_8257,340.65,1.0,100,1
TXN_38566,USER_8398,174.17,1.0,100,1
TXN_40894,USER_2108,149.94,1.0,100,1
TXN_2877,USER_6738,17.0,1.0,100,1
TXN_16467,USER_1333,173.18,1.0,100,1
TXN_20623,USER_3088,27.59,1.0,100,1
TXN_7609,USER_9297,33.1,1.0,100,1
TXN_8134,USER_5019,23.27,1.0,100,1
TXN_38430,USER_1583,71.64,1.0,100,1
TXN_33207,USER_5909,178.5,1.0,100,1
TXN_41499,USER_9714,80.8,1.0,100,1
TXN_37495,USER_4464,23.4,1.0,100,1
TXN_4285,USER_1808,46.81,1.0,100,1
TXN_28631,USER_4712,38.59,1.0,100,1
TXN_40051,USER_2464,271.14,1.0,100,1
TXN_8672,USER_5975,244.41,1.0,100,1
TXN_25919,USER_9130,14.07,1.0,100,1
TXN_4400,USER_4406,569.07,1.0,100,1
TXN_33531,USER_8974,13.55,1.0,100,1
TXN_29223,USER_9626,183.25,1.0,100,1
TXN_23787,USER_1968,46.02,1.0,100,1
TXN_28822,USER_1854,19.4,1.0,100,1
TXN_28852,USER_9327,2.09,1.0,100,1
TXN_44018,USER_6074,310.83,1.0,100,1
TXN_34071,USER_5769,0.81,1.0,100,1
TXN_27522,USER_4481,46.18,1.0,100,1
TXN_9232,USER_3924,58.63,1.0,100,1
TXN_44090,USER_1289,7.1,1.0,100,1
TXN_1335,USER_5543,32.14,1.0,100,1
TXN_10890,USER_5253,32.1,1.0,100,1
TXN_6197,USER_6785,377.98,1.0,100,1
TXN_46141,USER_1092,222.93,1.0,100,1
TXN_38767,USER_7087,54.25,1.0,100,1
TXN_23982,USER_6693,121.11,1.0,100,1
TXN_7275,USER_9444,7.2,1.0,100,1
TXN_17541,USER_2459,22.37,1.0,100,1
TXN_45147,USER_4023,59.19,1.0,100,1
TXN_36066,USER_9377,459.01,1.0,100,1
TXN_26891,USER_4523,3.97,1.0,100,1
TXN_27945,USER_7470,95.44,1.0,100,1
TXN_47779,USER_8574,321.35,1.0,100,1
TXN_10059,USER_5654,106.74,1.0,100,1
TXN_49427,USER_2419,66.03,1.0,100,1
TXN_22019,USER_9360,133.79,1.0,100,1
TXN_3833,USER_7231,7.26,1.0,100,1
TXN_31908,USER_5566,38.23,1.0,100,1
TXN_6237,USER_2235,61.13,1.0,100,1
TXN_37317,USER_4023,70.88,1.0,100,1
TXN_31664,USER_5547,12.17,1.0,100,1
TXN_13424,USER_3304,190.5,1.0,100,1
TXN_37092,USER_3514,124.72,1.0,100,1
TXN_11463,USER_3415,39.6,1.0,100,1
TXN_32986,USER_8400,1.79,1.0,100,1
TXN_20924,USER_7979,8.69,1.0,100,1
TXN_44058,USER_4873,211.73,1.0,100,1
TXN_26124,USER_2196,463.66,1.0,100,1
TXN_2633,USER_9767,189.61,1.0,100,1
TXN_32270,USER_3447,34.31,1.0,100,1
TXN_19469,USER_8127,155.03,1.0,100,1
TXN_43640,USER_1541,14.87,1.0,100,1
TXN_15215,USER_8871,140.89,1.0,100,1
TXN_12009,USER_1498,16.26,1.0,100,1
TXN_8091,USER_4741,46.06,1.0,100,1
TXN_30681,USER_8198,54.59,1.0,100,1
TXN_34705,USER_5699,8.13,1.0,100,1
TXN_27572,USER_8775,77.89,1.0,100,1
TXN_31609,USER_8740,47.57,1.0,100,1
TXN_28796,USER_8467,234.87,1.0,100,1
TXN_49874,USER_7219,1.13,1.0,100,1
TXN_12712,USER_7953,7.06,1.0,100,1
TXN_9288,USER_4389,25.4,1.0,100,1
TXN_43606,USER_8965,84.66,1.0,100,1
TXN_10842,USER_3098,31.21,1.0,100,1
TXN_42052,USER_4993,21.79,1.0,100,1
TXN_11153,USER_2128,23.74,1.0,100,1
TXN_13464,USER_7905,204.7,1.0,100,1
TXN_29518,USER_6336,318.94,1.0,100,1
TXN_36109,USER_7016,117.45,1.0,100,1
TXN_12335,USER_3438,58.06,1.0,100,1
TXN_46349,USER_4257,5.44,1.0,100,1
TXN_20248,USER_8297,85.78,1.0,100,1
TXN_36306,USER_4108,11.27,1.0,100,1
TXN_9398,USER_3593,242.49,1.0,100,1
TXN_24095,USER_2132,141.8,1.0,100,1
TXN_29205,USER_5974,72.18,1.0,100,1
TXN_14065,USER_6861,50.74,1.0,100,1
TXN_37318,USER_3790,87.98,1.0,100,1
TXN_27501,USER_6985,66.41,1.0,100,1
TXN_18911,USER_1275,4.79,1.0,100,1
TXN_43870,USER_1425,65.86,1.0,100,1
TXN_39945,USER_5719,40.85,1.0,100,1
TXN_19490,USER_9380,121.19,1.0,100,1
TXN_14036,USER_3418,164.36,1.0,100,1
TXN_45252,USER_6576,31.97,1.0,100,1
TXN_10007,USER_4339,197.08,1.0,100,1
TXN_34220,USER_2028,168.62,1.0,100,1
TXN_20177,USER_6671,117.65,1.0,100,1
TXN_1410,USER_7342,1.63,1.0,100,1
TXN_17726,USER_4726,10.62,1.0,100,1
TXN_17224,USER_4240,99.58,1.0,100,1
TXN_33565,USER_1967,208.39,1.0,100,1
TXN_21104,USER_3934,238.63,1.0,100,1
TXN_15363,USER_5517,47.03,1.0,100,1
TXN_19460,USER_2264,39.72,1.0,100,1
TXN_17295,USER_4962,122.58,1.0,100,1
TXN_36774,USER_7632,4.47,1.0,100,1
TXN_10999,USER_8082,7.98,1.0,100,1
TXN_4029,USER_6048,119.98,1.0,100,1
TXN_47371,USER_8219,76.54,1.0,100,1
TXN_34150,USER_9809,69.03,1.0,100,1
TXN_25588,USER_9978,195.09,1.0,100,1
TXN_26612,USER_6937,10.15,1.0,100,1
TXN_27271,USER_4750,66.5,1.0,100,1
TXN_1698,USER_9564,135.1,1.0,100,1
TXN_48209,USER_9753,116.49,1.0,100,1
TXN_21441,USER_1774,113.36,1.0,100,1
TXN_21539,USER_3241,130.13,1.0,100,1
TXN_49630,USER_9403,39.02,1.0,100,1
TXN_20482,USER_3808,34.95,1.0,100,1
TXN_23980,USER_7867,13.5,1.0,100,1
TXN_7901,USER_2717,152.92,1.0,100,1
TXN_1174,USER_8124,178.11,1.0,100,1
TXN_48436,USER_6556,153.98,1.0,100,1
TXN_21882,USER_5991,40.83,1.0,100,1
TXN_5053,USER_2577,31.95,1.0,100,1
TXN_6865,USER_5419,173.21,1.0,100,1
TXN_35750,USER_6366,175.77,1.0,100,1
TXN_19110,USER_9199,4.3,1.0,100,1
TXN_20516,USER_1476,645.11,1.0,100,1
TXN_41599,USER_7024,72.53,1.0,100,1
TXN_12370,USER_5988,1.51,1.0,100,1
TXN_19408,USER_1436,71.85,1.0,100,1
TXN_30506,USER_9352,77.85,1.0,100,1
TXN_39055,USER_6401,137.41,1.0,100,1
TXN_3282,USER_2481,74.3,1.0,100,1
TXN_11821,USER_6281,11.59,1.0,100,1
TXN_1497,USER_4638,103.47,1.0,100,1
TXN_6036,USER_9919,16.56,1.0,100,1
TXN_31638,USER_3162,48.1,1.0,100,1
TXN_34279,USER_9104,253.39,1.0,100,1
TXN_21565,USER_8479,175.33,1.0,100,1
TXN_25869,USER_2931,23.22,1.0,100,1
TXN_47507,USER_1736,19.88,1.0,100,1
TXN_25932,USER_4069,221.02,1.0,100,1
TXN_46927,USER_5117,143.4,1.0,100,1
TXN_33376,USER_4128,42.75,1.0,100,1
TXN_33061,USER_7777,54.24,1.0,100,1
TXN_41572,USER_5450,55.99,1.0,100,1
TXN_31231,USER_2240,75.1,1.0,100,1
TXN_46100,USER_6942,215.48,1.0,100,1
TXN_36994,USER_8418,109.28,1.0,100,1
TXN_34205,USER_6214,11.28,1.0,100,1
TXN_47825,USER_3871,5.74,1.0,100,1
TXN_22070,USER_2878,35.8,1.0,100,1
TXN_48481,USER_5711,17.21,1.0,100,1
TXN_12169,USER_3200,121.79,1.0,100,1
TXN_49716,USER_7892,51.18,1.0,100,1
TXN_8202,USER_5001,152.44,1.0,100,1
TXN_47654,USER_5983,40.27,1.0,100,1
TXN_32765,USER_7133,159.62,1.0,100,1
TXN_18647,USER_4636,33.83,1.0,100,1
TXN_43999,USER_5683,101.81,1.0,100,1
TXN_43297,USER_1178,48.1,1.0,100,1
TXN_22014,USER_1305,38.9,1.0,100,1
TXN_31787,USER_1221,411.31,1.0,100,1
TXN_47773,USER_5795,90.83,1.0,100,1
TXN_5809,USER_7571,2.88,1.0,100,1
TXN_28597,USER_7510,141.61,1.0,100,1
TXN_23815,USER_2923,65.81,1.0,100,1
TXN_40748,USER_8834,174.1,1.0,100,1
TXN_21115,USER_3274,7.12,1.0,100,1
TXN_32116,USER_6660,2.94,1.0,100,1
TXN_5771,USER_5022,449.6,1.0,100,1
TXN_18778,USER_6983,172.9,1.0,100,1
TXN_24056,USER_1678,126.53,1.0,100,1
TXN_34453,USER_2335,292.64,1.0,100,1
TXN_40126,USER_4577,149.56,1.0,100,1
TXN_21396,USER_5274,219.13,1.0,100,1
TXN_37111,USER_9834,214.4,1.0,100,1
TXN_28219,USER_7562,108.28,1.0,100,1
TXN_33310,USER_9932,26.51,1.0,100,1
TXN_42536,USER_4784,42.21,1.0,100,1
TXN_43378,USER_6050,231.98,1.0,100,1
TXN_2927,USER_2751,58.95,1.0,100,1
TXN_23643,USER_7828,108.63,1.0,100,1
TXN_4559,USER_5603,59.45,1.0,100,1
TXN_23389,USER_5332,38.99,1.0,100,1
TXN_11247,USER_3228,4.54,1.0,100,1
TXN_37470,USER_3078,24.27,1.0,100,1
TXN_1213,USER_1545,82.0,1.0,100,1
TXN_38433,USER_1119,7.16,1.0,100,1
TXN_24017,USER_1166,75.62,1.0,100,1
TXN_13814,USER_1061,34.68,1.0,100,1
TXN_13552,USER_9306,38.78,1.0,100,1
TXN_47470,USER_6405,40.83,1.0,100,1
TXN_47824,USER_4791,228.57,1.0,100,1
TXN_40948,USER_9438,80.16,1.0,100,1
TXN_29353,USER_9873,17.16,1.0,100,1
TXN_8721,USER_6740,58.96,1.0,100,1
TXN_35100,USER_3856,337.36,1.0,100,1
TXN_8090,USER_7338,53.03,1.0,100,1
TXN_15938,USER_3574,56.59,1.0,100,1
TXN_180,USER_5389,21.06,1.0,100,1
TXN_22909,USER_9751,132.09,1.0,100,1
TXN_49898,USER_1640,105.07,1.0,100,1
TXN_40071,USER_7464,238.85,1.0,100,1
TXN_32523,USER_1943,88.77,1.0,100,1
TXN_48670,USER_5829,65.51,1.0,100,1
TXN_39154,USER_1850,12.18,1.0,100,1
TXN_22204,USER_2558,3.4,1.0,100,1
TXN_25549,USER_8982,12.45,1.0,100,1
TXN_44336,USER_4602,91.12,1.0,100,1
TXN_44891,USER_5198,6.76,1.0,100,1
TXN_48878,USER_5042,257.67,1.0,100,1
TXN_23210,USER_9846,224.55,1.0,100,1
TXN_47192,USER_2978,99.68,1.0,100,1
TXN_14045,USER_9220,279.41,1.0,100,1
TXN_17003,USER_3223,16.93,1.0,100,1
TXN_10287,USER_6977,1.03,1.0,100,1
TXN_11550,USER_1301,43.45,1.0,100,1
TXN_33831,USER_5551,25.67,1.0,100,1
TXN_596,USER_9989,63.48,1.0,100,1
TXN_5073,USER_8389,90.49,1.0,100,1
TXN_4325,USER_7197,172.95,1.0,100,1
TXN_46258,USER_2287,66.63,1.0,100,1
TXN_44496,USER_1783,9.17,1.0,100,1
TXN_26433,USER_5472,133.44,1.0,100,1
TXN_32071,USER_6315,34.34,1.0,100,1
TXN_27628,USER_4614,45.78,1.0,100,1
TXN_32235,USER_8806,131.39,1.0,100,1
TXN_4219,USER_2635,26.23,1.0,100,1
TXN_31857,USER_3647,134.54,1.0,100,1
TXN_20037,USER_8217,155.26,1.0,100,1
TXN_45503,USER_7980,20.22,1.0,100,1
TXN_9545,USER_6425,53.84,1.0,100,1
TXN_47884,USER_3766,47.65,1.0,100,1
TXN_41062,USER_2900,248.39,1.0,100,1
TXN_37830,USER_9069,146.73,1.0,100,1
TXN_9240,USER_9495,46.89,1.0,100,1
TXN_45198,USER_9925,197.29,1.0,100,1
TXN_42883,USER_7781,261.06,1.0,100,1
TXN_13360,USER_6950,290.51,1.0,100,1
TXN_18335,USER_7565,284.8,1.0,100,1
TXN_41682,USER_5295,228.34,1.0,100,1
TXN_39878,USER_8102,29.43,1.0,100,1
TXN_12680,USER_7903,7.08,1.0,100,1
TXN_32497,USER_8684,55.67,1.0,100,1
TXN_47979,USER_7443,13.54,1.0,100,1
TXN_1478,USER_6383,40.29,1.0,100,1
TXN_48134,USER_2170,37.77,1.0,100,1
TXN_16468,USER_4596,58.06,1.0,100,1
TXN_22081,USER_7023,164.93,1.0,100,1
TXN_49288,USER_6913,121.35,1.0,100,1
TXN_49792,USER_4919,179.5,1.0,100,1
TXN_24628,USER_9018,169.55,1.0,100,1
TXN_37192,USER_1257,226.78,1.0,100,1
TXN_5401,USER_8543,18.52,1.0,100,1
TXN_37832,USER_5830,50.72,1.0,100,1
TXN_38390,USER_6722,5.58,1.0,100,1
TXN_31886,USER_4414,70.14,1.0,100,1
TXN_8620,USER_4688,142.56,1.0,100,1
TXN_19260,USER_6507,98.73,1.0,100,1
TXN_27138,USER_5254,7.57,1.0,100,1
TXN_1339,USER_2435,105.49,1.0,100,1
TXN_15742,USER_4400,7.92,1.0,100,1
TXN_42365,USER_5570,38.37,1.0,100,1
TXN_36542,USER_7464,111.29,1.0,100,1
TXN_15278,USER_2486,60.27,1.0,100,1
TXN_15382,USER_5930,73.27,1.0,100,1
TXN_18248,USER_4371,20.15,1.0,100,1
TXN_28165,USER_2581,84.14,1.0,100,1
TXN_19660,USER_1949,82.51,1.0,100,1
TXN_3835,USER_6630,118.73,1.0,100,1
TXN_12223,USER_7055,3.33,1.0,100,1
TXN_44358,USER_2280,24.15,1.0,100,1
TXN_42851,USER_3429,59.91,1.0,100,1
TXN_32468,USER_5528,17.33,1.0,100,1
TXN_3113,USER_4824,17.45,1.0,100,1
TXN_18805,USER_7829,128.45,1.0,100,1
TXN_14009,USER_5318,102.29,1.0,100,1
TXN_24482,USER_1813,18.98,1.0,100,1
TXN_42085,USER_8303,199.76,1.0,100,1
TXN_26656,USER_4250,41.52,1.0,100,1
TXN_34000,USER_5061,160.94,1.0,100,1
TXN_22336,USER_4821,108.23,1.0,100,1
TXN_44566,USER_6821,2.74,1.0,100,1
TXN_6042,USER_7496,78.01,1.0,100,1
TXN_14763,USER_3705,131.75,1.0,100,1
TXN_7350,USER_7574,80.47,1.0,100,1
TXN_35756,USER_1075,29.47,1.0,100,1
TXN_41849,USER_2394,163.29,1.0,100,1
TXN_10277,USER_5313,39.06,1.0,100,1
TXN_9981,USER_5735,221.36,1.0,100,1
TXN_35943,USER_1540,39.52,1.0,100,1
TXN_7049,USER_5598,1.12,1.0,100,1
TXN_39398,USER_1389,34.67,1.0,100,1
TXN_39052,USER_7870,225.41,1.0,100,1
TXN_40188,USER_2461,61.44,1.0,100,1
TXN_27673,USER_6124,3.88,1.0,100,1
TXN_45527,USER_2555,30.03,1.0,100,1
TXN_47568,USER_8289,115.07,1.0,100,1
TXN_17933,USER_3971,31.4,1.0,100,1
TXN_22136,USER_2408,92.17,1.0,100,1
TXN_44916,USER_8478,0.49,1.0,100,1
TXN_32740,USER_9283,294.47,1.0,100,1
TXN_44044,USER_4508,68.77,1.0,100,1
TXN_2715,USER_1475,1.96,1.0,100,1
TXN_45040,USER_4488,1.4,1.0,100,1
TXN_21707,USER_9312,586.94,1.0,100,1
TXN_23835,USER_5509,230.84,1.0,100,1
TXN_41868,USER_3551,40.9,1.0,100,1
TXN_35887,USER_2413,23.75,1.0,100,1
TXN_37413,USER_1719,9.38,1.0,100,1
TXN_86,USER_7736,54.84,1.0,100,1
TXN_32846,USER_5135,340.51,1.0,100,1
TXN_33023,USER_3497,51.52,1.0,100,1
TXN_40625,USER_4597,65.57,1.0,100,1
TXN_6686,USER_3850,19.6,1.0,100,1
TXN_25828,USER_1350,110.04,1.0,100,1
TXN_2650,USER_7591,31.53,1.0,100,1
TXN_40057,USER_5066,94.77,1.0,100,1
TXN_48290,USER_5771,45.16,1.0,100,1
TXN_42347,USER_8210,107.31,1.0,100,1
TXN_12248,USER_3451,17.21,1.0,100,1
TXN_26782,USER_6048,31.45,1.0,100,1
TXN_28450,USER_5046,0.31,1.0,100,1
TXN_28711,USER_1134,45.66,1.0,100,1
TXN_46841,USER_3163,37.59,1.0,100,1
TXN_39630,USER_5436,14.71,1.0,100,1
TXN_44854,USER_8733,72.69,1.0,100,1
TXN_24582,USER_5989,124.23,1.0,100,1
TXN_263,USER_5893,239.94,1.0,100,1
TXN_45321,USER_7210,234.02,1.0,100,1
TXN_2052,USER_9789,160.61,1.0,100,1
TXN_31701,USER_5666,99.3,1.0,100,1
TXN_4420,USER_6953,216.84,1.0,100,1
TXN_39171,USER_9365,17.61,1.0,100,1
TXN_31196,USER_4395,361.39,1.0,100,1
TXN_28915,USER_8235,87.66,1.0,100,1
TXN_41794,USER_4078,31.81,1.0,100,1
TXN_14857,USER_3953,171.19,1.0,100,1
TXN_10333,USER_7391,21.96,1.0,100,1
TXN_13758,USER_8630,7.33,1.0,100,1
TXN_30407,USER_5416,55.34,1.0,100,1
TXN_45387,USER_3674,62.77,1.0,100,1
TXN_35319,USER_6848,193.16,1.0,100,1
TXN_33530,USER_9794,41.93,1.0,100,1
TXN_42099,USER_7703,178.51,1.0,100,1
TXN_45569,USER_3086,63.66,1.0,100,1
TXN_38766,USER_1918,6.05,1.0,100,1
TXN_1274,USER_8287,154.76,1.0,100,1
TXN_44497,USER_8066,101.54,1.0,100,1
TXN_494,USER_9924,42.02,1.0,100,1
TXN_25648,USER_2739,190.23,1.0,100,1
TXN_18367,USER_1003,64.35,1.0,100,1
TXN_31550,USER_9983,14.14,1.0,100,1
TXN_33991,USER_7546,128.56,1.0,100,1
TXN_19316,USER_7751,11.88,1.0,100,1
TXN_1817,USER_7549,170.13,1.0,100,1
TXN_13004,USER_6905,10.83,1.0,100,1
TXN_45404,USER_8096,20.74,1.0,100,1
TXN_21289,USER_9484,61.6,1.0,100,1
TXN_46858,USER_6457,111.18,1.0,100,1
TXN_14872,USER_7452,27.08,1.0,100,1
TXN_46773,USER_7902,56.75,1.0,100,1
TXN_48966,USER_6323,58.72,1.0,100,1
TXN_48152,USER_9120,46.56,1.0,100,1
TXN_34187,USER_4051,78.37,1.0,100,1
TXN_14090,USER_3416,184.46,1.0,100,1
TXN_24870,USER_1133,6.16,1.0,100,1
TXN_24720,USER_1813,0.18,1.0,100,1
TXN_517,USER_5312,12.28,1.0,100,1
TXN_19273,USER_1721,283.59,1.0,100,1
TXN_2308,USER_7971,40.94,1.0,100,1
TXN_9294,USER_7319,75.55,1.0,100,1
TXN_810,USER_4744,11.75,1.0,100,1
TXN_8268,USER_5512,71.22,1.0,100,1
TXN_28111,USER_7048,57.08,1.0,100,1
TXN_4439,USER_4398,140.3,1.0,100,1
TXN_27776,USER_6171,7.97,1.0,100,1
TXN_44749,USER_1255,15.1,1.0,100,1
TXN_43788,USER_6147,13.32,1.0,100,1
TXN_4608,USER_5232,322.58,1.0,100,1
TXN_46610,USER_7012,32.85,1.0,100,1
TXN_16106,USER_1360,171.26,1.0,100,1
TXN_25584,USER_8491,357.18,1.0,100,1
TXN_21963,USER_7805,250.84,1.0,100,1
TXN_33833,USER_2004,77.86,1.0,100,1
TXN_31327,USER_2660,255.45,1.0,100,1
TXN_20237,USER_6042,443.07,1.0,100,1
TXN_11583,USER_4221,151.4,1.0,100,1
TXN_9037,USER_6935,65.55,1.0,100,1
TXN_42400,USER_3636,50.02,1.0,100,1
TXN_28819,USER_5731,78.25,1.0,100,1
TXN_48744,USER_3537,76.1,1.0,100,1
TXN_16541,USER_8506,65.02,1.0,100,1
TXN_41531,USER_5636,83.87,1.0,100,1
TXN_30311,USER_2427,55.96,1.0,100,1
TXN_6112,USER_3500,78.76,1.0,100,1
TXN_9298,USER_7999,141.68,1.0,100,1
TXN_14576,USER_5329,180.42,1.0,100,1
TXN_21450,USER_7780,11.33,1.0,100,1
TXN_28443,USER_2837,19.54,1.0,100,1
TXN_25478,USER_8477,100.3,1.0,100,1
TXN_18352,USER_3423,207.75,1.0,100,1
TXN_40004,USER_1078,124.26,1.0,100,1
TXN_2867,USER_7352,38.57,1.0,100,1
TXN_42486,USER_1680,12.34,1.0,100,1
TXN_35229,USER_5451,40.16,1.0,100,1
TXN_5298,USER_2067,440.31,1.0,100,1
TXN_23568,USER_5345,58.97,1.0,100,1
TXN_43232,USER_8408,170.66,1.0,100,1
TXN_18868,USER_9659,30.67,1.0,100,1
TXN_12668,USER_5543,4.46,1.0,100,1
TXN_9739,USER_2137,11.93,1.0,100,1
TXN_2858,USER_5945,36.51,1.0,100,1
TXN_29274,USER_9890,205.02,1.0,100,1
TXN_30876,USER_9396,39.68,1.0,100,1
TXN_45953,USER_1562,228.47,1.0,100,1
TXN_26764,USER_3183,58.12,1.0,100,1
TXN_2043,USER_5875,42.13,1.0,100,1
TXN_19813,USER_6510,14.74,1.0,100,1
TXN_16841,USER_9876,6.92,1.0,100,1
TXN_37227,USER_9639,41.0,1.0,100,1
TXN_20485,USER_9479,192.79,1.0,100,1
TXN_18948,USER_5886,1.58,1.0,100,1
TXN_1179,USER_8686,163.68,1.0,100,1
TXN_31716,USER_5954,107.66,1.0,100,1
TXN_22910,USER_9820,196.06,1.0,100,1
TXN_43065,USER_2894,127.14,1.0,100,1
TXN_7900,USER_8313,44.11,1.0,100,1
TXN_23665,USER_9329,116.27,1.0,100,1
TXN_37575,USER_1523,95.02,1.0,100,1
TXN_14014,USER_6288,50.18,1.0,100,1
TXN_46935,USER_4312,10.94,1.0,100,1
TXN_48215,USER_6861,101.95,1.0,100,1
TXN_14558,USER_2157,430.32,1.0,100,1
TXN_16742,USER_9956,233.61,1.0,100,1
TXN_49552,USER_5908,179.12,1.0,100,1
TXN_29159,USER_6339,128.47,1.0,100,1
TXN_3102,USER_2196,13.64,1.0,100,1
TXN_9377,USER_3428,29.31,1.0,100,1
TXN_27023,USER_6142,3.55,1.0,100,1
TXN_2087,USER_3520,39.16,1.0,100,1
TXN_15599,USER_5778,27.55,1.0,100,1
TXN_37824,USER_1535,128.83,1.0,100,1
TXN_23335,USER_3134,19.38,1.0,100,1
TXN_13902,USER_4283,174.13,1.0,100,1
TXN_6646,USER_5241,8.44,1.0,100,1
TXN_46012,USER_3032,39.27,1.0,100,1
TXN_15159,USER_2648,40.31,1.0,100,1
TXN_1332,USER_2136,2.14,1.0,100,1
TXN_21327,USER_8261,20.33,1.0,100,1
TXN_33601,USER_5528,114.68,1.0,100,1
TXN_43540,USER_6751,34.13,1.0,100,1
TXN_31211,USER_8334,180.12,1.0,100,1
TXN_30144,USER_1328,55.44,1.0,100,1
TXN_8508,USER_9370,233.11,1.0,100,1
TXN_35025,USER_3800,65.98,1.0,100,1
TXN_19175,USER_6435,325.05,1.0,100,1
TXN_12623,USER_9590,53.35,1.0,100,1
TXN_26032,USER_8954,14.72,1.0,100,1
TXN_396,USER_7665,83.35,1.0,100,1
TXN_39355,USER_2046,150.18,1.0,100,1
TXN_7281,USER_3763,152.53,1.0,100,1
TXN_10700,USER_4597,226.22,1.0,100,1
TXN_47655,USER_5138,165.88,1.0,100,1
TXN_44835,USER_3108,197.97,1.0,100,1
TXN_24534,USER_5025,116.24,1.0,100,1
TXN_1146,USER_7960,67.69,1.0,100,1
TXN_26885,USER_5085,259.06,1.0,100,1
TXN_45239,USER_1482,105.81,1.0,100,1
TXN_19079,USER_9862,170.79,1.0,100,1
TXN_25049,USER_8740,59.29,1.0,100,1
TXN_38500,USER_6287,27.97,1.0,100,1
TXN_3602,USER_3607,43.89,1.0,100,1
TXN_4571,USER_4966,117.48,1.0,100,1
TXN_43042,USER_3814,56.54,1.0,100,1
TXN_4815,USER_8080,113.93,1.0,100,1
TXN_6987,USER_7273,97.06,1.0,100,1
TXN_49100,USER_1080,121.83,1.0,100,1
TXN_398,USER_8390,24.9,1.0,100,1
TXN_35082,USER_4122,96.59,1.0,100,1
TXN_11778,USER_7261,57.65,1.0,100,1
TXN_29514,USER_9369,195.71,1.0,100,1
TXN_45924,USER_5744,2.12,1.0,100,1
TXN_43124,USER_5124,346.96,1.0,100,1
TXN_37989,USER_9552,154.39,1.0,100,1
TXN_32710,USER_6430,115.04,1.0,100,1
TXN_4148,USER_6898,95.21,1.0,100,1
TXN_13391,USER_5758,43.09,1.0,100,1
TXN_40618,USER_5539,103.65,1.0,100,1
TXN_8768,USER_6789,308.42,1.0,100,1
TXN_41373,USER_7609,31.63,1.0,100,1
TXN_38522,USER_8489,22.99,1.0,100,1
TXN_47883,USER_9285,17.89,1.0,100,1
TXN_31579,USER_7903,5.63,1.0,100,1
TXN_3388,USER_8817,110.69,1.0,100,1
TXN_25272,USER_1136,301.19,1.0,100,1
TXN_8993,USER_5377,37.86,1.0,100,1
TXN_19832,USER_5198,5.48,1.0,100,1
TXN_32744,USER_6557,40.6,1.0,100,1
TXN_32892,USER_6998,352.96,1.0,100,1
TXN_34128,USER_8246,58.83,1.0,100,1
TXN_43046,USER_5133,42.11,1.0,100,1
TXN_47460,USER_6477,182.99,1.0,100,1
TXN_566,USER_9549,221.43,1.0,100,1
TXN_15561,USER_2835,91.19,1.0,100,1
TXN_23045,USER_1892,5.92,1.0,100,1
TXN_2505,USER_5796,136.59,1.0,100,1
TXN_36889,USER_2139,7.92,1.0,100,1
TXN_7375,USER_3047,84.6,1.0,100,1
TXN_48691,USER_4834,116.94,1.0,100,1
TXN_9103,USER_4705,27.42,1.0,100,1
TXN_23038,USER_9896,34.05,1.0,100,1
TXN_7236,USER_6781,93.66,1.0,100,1
TXN_30047,USER_4162,67.37,1.0,100,1
TXN_42245,USER_7538,163.46,1.0,100,1
TXN_22613,USER_2376,235.94,1.0,100,1
TXN_4048,USER_7999,49.96,1.0,100,1
TXN_19926,USER_7686,180.05,1.0,100,1
TXN_30395,USER_7640,62.17,1.0,100,1
TXN_29494,USER_9833,13.72,1.0,100,1
TXN_43578,USER_2661,27.62,1.0,100,1
TXN_9409,USER_9554,123.79,1.0,100,1
TXN_27239,USER_3369,8.28,1.0,100,1
TXN_17510,USER_6600,33.37,1.0,100,1
TXN_20763,USER_6193,74.4,1.0,100,1
TXN_29117,USER_8105,277.23,1.0,100,1
TXN_44792,USER_8226,7.17,1.0,100,1
TXN_4235,USER_5524,42.57,1.0,100,1
TXN_4471,USER_2384,123.09,1.0,100,1
TXN_26770,USER_4972,170.44,1.0,100,1
TXN_43478,USER_9739,91.81,1.0,100,1
TXN_15249,USER_9843,203.91,1.0,100,1
TXN_19664,USER_2307,78.26,1.0,100,1
TXN_42244,USER_5555,6.7,1.0,100,1
TXN_4770,USER_6673,279.72,1.0,100,1
TXN_9697,USER_5791,84.64,1.0,100,1
TXN_46641,USER_4965,50.38,1.0,100,1
TXN_18136,USER_9874,8.15,1.0,100,1
TXN_14658,USER_8176,207.03,1.0,100,1
TXN_39445,USER_1768,49.02,1.0,100,1
TXN_35106,USER_4490,18.53,1.0,100,1
TXN_7573,USER_9210,103.92,1.0,100,1
TXN_41787,USER_1593,4.42,1.0,100,1
TXN_32433,USER_9879,5.98,1.0,100,1
TXN_46688,USER_1916,62.83,1.0,100,1
TXN_11671,USER_9801,58.0,1.0,100,1
TXN_36434,USER_8637,197.5,1.0,100,1
TXN_14206,USER_2005,151.54,1.0,100,1
TXN_34952,USER_5216,88.75,1.0,100,1
TXN_35905,USER_1052,456.16,1.0,100,1
TXN_37354,USER_3139,146.68,1.0,100,1
TXN_37703,USER_9838,6.7,1.0,100,1
TXN_40713,USER_8521,120.0,1.0,100,1
TXN_38715,USER_8316,291.53,1.0,100,1
TXN_42879,USER_4032,26.4,1.0,100,1
TXN_3011,USER_1025,15.27,1.0,100,1
TXN_13983,USER_2904,263.15,1.0,100,1
TXN_22513,USER_8199,66.77,1.0,100,1
TXN_32000,USER_7138,7.41,1.0,100,1
TXN_44380,USER_5444,11.56,1.0,100,1
TXN_48226,USER_2612,12.79,1.0,100,1
TXN_42046,USER_1934,35.15,1.0,100,1
TXN_28738,USER_2637,204.02,1.0,100,1
TXN_9658,USER_4281,46.38,1.0,100,1
TXN_13595,USER_9284,290.69,1.0,100,1
TXN_44852,USER_6804,27.62,1.0,100,1
TXN_15388,USER_5865,32.59,1.0,100,1
TXN_2496,USER_4451,62.67,1.0,100,1
TXN_28667,USER_5380,2.54,1.0,100,1
TXN_36552,USER_7585,124.6,1.0,100,1
TXN_16214,USER_1526,182.75,1.0,100,1
TXN_42130,USER_4891,66.91,1.0,100,1
TXN_18427,USER_3722,36.58,1.0,100,1
TXN_4077,USER_1183,31.48,1.0,100,1
TXN_48991,USER_9231,72.12,1.0,100,1
TXN_22566,USER_7429,115.97,1.0,100,1
TXN_5536,USER_1018,55.55,1.0,100,1
TXN_40692,USER_6615,329.5,1.0,100,1
TXN_26166,USER_5747,238.75,1.0,100,1
TXN_36328,USER_2713,23.57,1.0,100,1
TXN_10044,USER_5041,93.5,1.0,100,1
TXN_7640,USER_1957,42.6,1.0,100,1
TXN_29330,USER_3229,12.54,1.0,100,1
TXN_39585,USER_7195,93.06,1.0,100,1
TXN_10221,USER_2487,11.69,1.0,100,1
TXN_24432,USER_5238,274.94,1.0,100,1
TXN_1465,USER_1105,69.13,1.0,100,1
TXN_573,USER_8483,22.63,1.0,100,1
TXN_774,USER_2733,17.43,1.0,100,1
TXN_6246,USER_6077,102.44,1.0,100,1
TXN_48298,USER_6307,55.44,1.0,100,1
TXN_6339,USER_8926,51.1,1.0,100,1
TXN_21022,USER_4366,35.41,1.0,100,1
TXN_20649,USER_8114,11.7,1.0,100,1
TXN_30122,USER_4960,130.75,1.0,100,1
TXN_30910,USER_9494,1.38,1.0,100,1
TXN_35963,USER_3181,243.61,1.0,100,1
TXN_30578,USER_2303,7.68,1.0,100,1
TXN_39525,USER_1056,110.57,1.0,100,1
TXN_1090,USER_9646,123.72,1.0,100,1
TXN_39863,USER_5576,92.86,1.0,100,1
TXN_12547,USER_9493,134.21,1.0,100,1
TXN_4523,USER_4789,133.42,1.0,100,1
TXN_3813,USER_9996,11.0,1.0,100,1
TXN_3645,USER_8871,15.36,1.0,100,1
TXN_46014,USER_6872,153.71,1.0,100,1
TXN_11458,USER_6641,20.66,1.0,100,1
TXN_45943,USER_9290,23.58,1.0,100,1
TXN_874,USER_6408,170.96,1.0,100,1
TXN_13400,USER_4344,90.64,1.0,100,1
TXN_6797,USER_8847,471.13,1.0,100,1
TXN_30390,USER_7577,57.74,1.0,100,1
TXN_9771,USER_6715,19.98,1.0,100,1
TXN_43688,USER_5574,218.8,1.0,100,1
TXN_48914,USER_2626,19.53,1.0,100,1
TXN_27789,USER_5060,133.28,1.0,100,1
TXN_19546,USER_4988,50.39,1.0,100,1
TXN_27121,USER_2740,594.22,1.0,100,1
TXN_28372,USER_6730,117.8,1.0,100,1
TXN_7422,USER_8062,36.4,1.0,100,1
TXN_46757,USER_7110,147.21,1.0,100,1
TXN_39803,USER_2427,131.26,1.0,100,1
TXN_8801,USER_4970,25.24,1.0,100,1
TXN_7002,USER_2054,9.37,1.0,100,1
TXN_37911,USER_5452,113.34,1.0,100,1
TXN_27395,USER_4451,48.28,1.0,100,1
TXN_17703,USER_9503,49.71,1.0,100,1
TXN_37791,USER_8159,4.13,1.0,100,1
TXN_8054,USER_4810,238.66,1.0,100,1
TXN_11090,USER_2764,175.58,1.0,100,1
TXN_1108,USER_7819,147.06,1.0,100,1
TXN_30432,USER_6189,184.33,1.0,100,1
TXN_6564,USER_6835,100.36,1.0,100,1
TXN_13573,USER_1510,6.16,1.0,100,1
TXN_39372,USER_9425,102.85,1.0,100,1
TXN_39232,USER_7996,44.27,1.0,100,1
TXN_35883,USER_7253,25.85,1.0,100,1
TXN_36840,USER_3825,78.47,1.0,100,1
TXN_48537,USER_8456,11.98,1.0,100,1
TXN_6328,USER_7073,24.02,1.0,100,1
TXN_2330,USER_8183,53.8,1.0,100,1
TXN_11129,USER_1464,8.39,1.0,100,1
TXN_44488,USER_5233,322.8,1.0,100,1
TXN_1496,USER_2266,65.01,1.0,100,1
TXN_24050,USER_1258,44.29,1.0,100,1
TXN_11146,USER_5502,452.26,1.0,100,1
TXN_12858,USER_3426,65.0,1.0,100,1
TXN_37634,USER_1010,92.04,1.0,100,1
TXN_36283,USER_8963,31.66,1.0,100,1
TXN_25603,USER_9355,18.05,1.0,100,1
TXN_12231,USER_6861,15.37,1.0,100,1
TXN_37954,USER_6022,22.93,1.0,100,1
TXN_52,USER_4073,4.23,1.0,100,1
TXN_43547,USER_2250,51.48,1.0,100,1
TXN_12689,USER_8707,1.62,1.0,100,1
TXN_37578,USER_1860,10.71,1.0,100,1
TXN_10877,USER_4404,159.19,1.0,100,1
TXN_8857,USER_4659,311.89,1.0,100,1
TXN_24645,USER_9209,76.59,1.0,100,1
TXN_48990,USER_4546,72.73,1.0,100,1
TXN_29938,USER_6609,60.97,1.0,100,1
TXN_28612,USER_4226,156.72,1.0,100,1
TXN_31092,USER_7036,136.06,1.0,100,1
TXN_4957,USER_9536,12.42,1.0,100,1
TXN_8476,USER_8385,1.24,1.0,100,1
TXN_23890,USER_3428,58.17,1.0,100,1
TXN_33962,USER_8157,64.49,1.0,100,1
TXN_15010,USER_5815,302.28,1.0,100,1
TXN_17248,USER_3216,4.14,1.0,100,1
TXN_12154,USER_6855,0.15,1.0,100,1
TXN_12428,USER_8933,231.58,1.0,100,1
TXN_11206,USER_8055,56.7,1.0,100,1
TXN_452,USER_7806,51.25,1.0,100,1
TXN_27317,USER_5483,303.53,1.0,100,1
TXN_31041,USER_7662,24.63,1.0,100,1
TXN_40768,USER_6701,642.14,1.0,100,1
TXN_14159,USER_8413,129.98,1.0,100,1
TXN_5030,USER_2390,93.7,1.0,100,1
TXN_15621,USER_4477,122.71,1.0,100,1
TXN_30433,USER_5939,61.8,1.0,100,1
TXN_19966,USER_1887,122.7,1.0,100,1
TXN_38074,USER_2607,107.4,1.0,100,1
TXN_40132,USER_3290,216.48,1.0,100,1
TXN_9527,USER_6660,148.2,1.0,100,1
TXN_6875,USER_9296,407.07,1.0,100,1
TXN_49491,USER_1151,74.72,1.0,100,1
TXN_32837,USER_2757,336.16,1.0,100,1
TXN_36928,USER_2665,75.06,1.0,100,1
TXN_30271,USER_2009,13.75,1.0,100,1
TXN_17162,USER_1411,31.77,1.0,100,1
TXN_35189,USER_7115,81.72,1.0,100,1
TXN_17697,USER_2128,296.3,1.0,100,1
TXN_41812,USER_7132,190.88,1.0,100,1
TXN_42391,USER_4532,46.71,1.0,100,1
TXN_31053,USER_8599,60.86,1.0,100,1
TXN_47798,USER_9272,28.22,1.0,100,1
TXN_24382,USER_9204,23.35,1.0,100,1
TXN_13581,USER_8837,31.0,1.0,100,1
TXN_28005,USER_1017,115.34,1.0,100,1
TXN_36606,USER_9438,148.69,1.0,100,1
TXN_1839,USER_9597,118.7,1.0,100,1
TXN_13301,USER_9551,319.51,1.0,100,1
TXN_34916,USER_5493,122.44,1.0,100,1
TXN_9761,USER_1543,9.78,1.0,100,1
TXN_9810,USER_5558,117.38,1.0,100,1
TXN_12843,USER_6543,61.99,1.0,100,1
TXN_4738,USER_2269,19.62,1.0,100,1
TXN_6176,USER_5958,34.63,1.0,100,1
TXN_16822,USER_4959,90.66,1.0,100,1
TXN_14976,USER_7036,147.41,1.0,100,1
TXN_23344,USER_5097,47.88,1.0,100,1
TXN_6442,USER_9159,138.47,1.0,100,1
TXN_22924,USER_4205,19.35,1.0,100,1
TXN_12829,USER_2436,100.14,1.0,100,1
TXN_30674,USER_8756,35.6,1.0,100,1
TXN_29701,USER_3807,173.78,1.0,100,1
TXN_15190,USER_1479,21.31,1.0,100,1
TXN_33072,USER_4679,31.69,1.0,100,1
TXN_21476,USER_5413,24.6,1.0,100,1
TXN_2273,USER_2749,73.51,1.0,100,1
TXN_20338,USER_3316,50.52,1.0,100,1
TXN_47351,USER_3873,31.32,1.0,100,1
TXN_31967,USER_2758,11.1,1.0,100,1
TXN_5450,USER_1300,19.03,1.0,100,1
TXN_27154,USER_3024,90.02,1.0,100,1
TXN_5643,USER_5763,123.03,1.0,100,1
TXN_34494,USER_1988,81.22,1.0,100,1
TXN_30072,USER_6826,30.23,1.0,100,1
TXN_46914,USER_1233,50.74,1.0,100,1
TXN_29636,USER_6450,64.5,1.0,100,1
TXN_4824,USER_3226,10.67,1.0,100,1
TXN_25328,USER_6722,31.63,1.0,100,1
TXN_42271,USER_3448,10.34,1.0,100,1
TXN_48939,USER_3112,239.77,1.0,100,1
TXN_47484,USER_9821,157.57,1.0,100,1
TXN_10107,USER_5781,13.48,1.0,100,1
TXN_31715,USER_3712,36.91,1.0,100,1
TXN_42160,USER_3259,153.85,1.0,100,1
TXN_24716,USER_5734,69.71,1.0,100,1
TXN_34711,USER_5610,86.83,1.0,100,1
TXN_28291,USER_9608,83.47,1.0,100,1
TXN_48488,USER_9631,126.76,1.0,100,1
TXN_35174,USER_6903,262.11,1.0,100,1
TXN_3639,USER_7457,9.3,1.0,100,1
TXN_32902,USER_1885,193.83,1.0,100,1
TXN_20664,USER_6097,127.44,1.0,100,1
TXN_13032,USER_2772,26.51,1.0,100,1
TXN_28990,USER_5761,56.5,1.0,100,1
TXN_7720,USER_2379,22.74,1.0,100,1
TXN_13694,USER_9548,11.99,1.0,100,1
TXN_13124,USER_2890,20.68,1.0,100,1
TXN_35297,USER_7634,17.57,1.0,100,1
TXN_28269,USER_7039,56.55,1.0,100,1
TXN_44378,USER_3237,6.98,1.0,100,1
TXN_33790,USER_7603,7.89,1.0,100,1
TXN_44988,USER_8406,7.71,1.0,100,1
TXN_36269,USER_5266,27.17,1.0,100,1
TXN_30730,USER_7103,90.38,1.0,100,1
TXN_6456,USER_4935,207.79,1.0,100,1
TXN_47768,USER_2890,5.87,1.0,100,1
TXN_11364,USER_2309,9.24,1.0,100,1
TXN_47509,USER_3377,43.66,1.0,100,1
TXN_2960,USER_8703,208.72,1.0,100,1
TXN_32929,USER_3567,149.97,1.0,100,1
TXN_18086,USER_4281,65.23,1.0,100,1
TXN_37424,USER_7772,145.44,1.0,100,1
TXN_7685,USER_1730,92.25,1.0,100,1
TXN_15889,USER_3154,165.25,1.0,100,1
TXN_20487,USER_1073,17.43,1.0,100,1
TXN_32285,USER_8236,247.68,1.0,100,1
TXN_9281,USER_6044,115.72,1.0,100,1
TXN_46650,USER_6196,2.86,1.0,100,1
TXN_9974,USER_1825,123.17,1.0,100,1
TXN_23768,USER_5802,119.4,1.0,100,1
TXN_43407,USER_9849,13.65,1.0,100,1
TXN_46177,USER_2320,105.78,1.0,100,1
TXN_9052,USER_7680,193.26,1.0,100,1
TXN_11710,USER_8990,70.53,1.0,100,1
TXN_21992,USER_9653,173.88,1.0,100,1
TXN_22618,USER_5418,249.2,1.0,100,1
TXN_7606,USER_1076,217.96,1.0,100,1
TXN_4639,USER_5815,24.24,1.0,100,1
TXN_1411,USER_1959,81.86,1.0,100,1
TXN_22919,USER_3657,75.82,1.0,100,1
TXN_34078,USER_1359,32.96,1.0,100,1
TXN_40117,USER_1000,64.78,1.0,100,1
TXN_26429,USER_2137,164.73,1.0,100,1
TXN_38079,USER_9301,201.95,1.0,100,1
TXN_11128,USER_9050,4.29,1.0,100,1
TXN_13139,USER_8485,34.83,1.0,100,1
TXN_1277,USER_2933,146.87,1.0,100,1
TXN_18063,USER_5350,264.44,1.0,100,1
TXN_49672,USER_4478,23.66,1.0,100,1
TXN_27017,USER_7897,9.72,1.0,100,1
TXN_40833,USER_1472,54.77,1.0,100,1
TXN_27145,USER_9340,51.53,1.0,100,1
TXN_39669,USER_7351,215.08,1.0,100,1
TXN_32137,USER_3062,31.24,1.0,100,1
TXN_7152,USER_2103,181.29,1.0,100,1
TXN_35500,USER_5180,36.9,1.0,100,1
TXN_37322,USER_4507,80.07,1.0,100,1
TXN_11509,USER_9970,107.34,1.0,100,1
TXN_38224,USER_3832,140.92,1.0,100,1
TXN_15593,USER_2967,14.29,1.0,100,1
TXN_12918,USER_5559,79.34,1.0,100,1
TXN_46570,USER_8317,50.1,1.0,100,1
TXN_9641,USER_8614,95.11,1.0,100,1
TXN_26275,USER_3714,294.3,1.0,100,1
TXN_2376,USER_5578,52.27,1.0,100,1
TXN_26117,USER_4133,89.85,1.0,100,1
TXN_3096,USER_4638,33.7,1.0,100,1
TXN_3635,USER_7460,106.63,1.0,100,1
TXN_6871,USER_6917,24.08,1.0,100,1
TXN_4097,USER_8299,11.08,1.0,100,1
TXN_27807,USER_1645,322.39,1.0,100,1
TXN_44747,USER_9619,201.87,1.0,100,1
TXN_29641,USER_1942,114.25,1.0,100,1
TXN_38482,USER_6645,38.71,1.0,100,1
TXN_9836,USER_6878,79.75,1.0,100,1
TXN_23105,USER_6224,81.52,1.0,100,1
TXN_1221,USER_2771,24.87,1.0,100,1
TXN_4202,USER_7169,47.68,1.0,100,1
TXN_7873,USER_3015,94.64,1.0,100,1
TXN_13256,USER_5555,73.77,1.0,100,1
TXN_48981,USER_7320,38.5,1.0,100,1
TXN_28837,USER_3225,214.25,1.0,100,1
TXN_40095,USER_1876,198.61,1.0,100,1
TXN_26051,USER_3958,157.99,1.0,100,1
TXN_48141,USER_9263,213.99,1.0,100,1
TXN_30430,USER_5717,6.95,1.0,100,1
TXN_45479,USER_2690,18.59,1.0,100,1
TXN_24598,USER_8501,585.85,1.0,100,1
TXN_28300,USER_2495,9.77,1.0,100,1
TXN_4342,USER_7785,125.92,1.0,100,1
TXN_29797,USER_6776,107.15,1.0,100,1
TXN_43627,USER_9759,107.22,1.0,100,1
TXN_32358,USER_7773,110.24,1.0,100,1
TXN_40208,USER_1027,7.73,1.0,100,1
TXN_4514,USER_9386,55.85,1.0,100,1
TXN_20744,USER_3258,170.02,1.0,100,1
TXN_31360,USER_3453,72.98,1.0,100,1
TXN_5421,USER_9834,42.38,1.0,100,1
TXN_7978,USER_5537,24.76,1.0,100,1
TXN_28331,USER_3192,121.66,1.0,100,1
TXN_39302,USER_2093,129.9,1.0,100,1
TXN_20867,USER_6973,159.97,1.0,100,1
TXN_22020,USER_6578,275.43,1.0,100,1
TXN_44935,USER_2227,48.48,1.0,100,1
TXN_11847,USER_6758,131.89,1.0,100,1
TXN_42251,USER_7121,63.48,1.0,100,1
TXN_20444,USER_5076,44.02,1.0,100,1
TXN_28877,USER_9403,156.62,1.0,100,1
TXN_22069,USER_3524,131.79,1.0,100,1
TXN_19293,USER_6947,116.91,1.0,100,1
TXN_2525,USER_1182,29.38,1.0,100,1
TXN_1357,USER_1686,34.79,1.0,100,1
TXN_47980,USER_4307,277.24,1.0,100,1
TXN_43683,USER_2698,26.68,1.0,100,1
TXN_12027,USER_9143,319.73,1.0,100,1
TXN_40622,USER_2393,105.22,1.0,100,1
TXN_43324,USER_9048,76.92,1.0,100,1
TXN_42475,USER_3103,342.37,1.0,100,1
TXN_5198,USER_1294,79.94,1.0,100,1
TXN_6002,USER_5752,166.73,1.0,100,1
TXN_542,USER_1928,82.92,1.0,100,1
TXN_31636,USER_8336,12.45,1.0,100,1
TXN_8860,USER_1594,175.09,1.0,100,1
TXN_7845,USER_9160,113.09,1.0,100,1
TXN_22871,USER_4812,250.59,1.0,100,1
TXN_20283,USER_6419,118.3,1.0,100,1
TXN_43963,USER_2500,93.51,1.0,100,1
TXN_48022,USER_1234,47.71,1.0,100,1
TXN_12048,USER_8895,134.18,1.0,100,1
TXN_13120,USER_6966,40.42,1.0,100,1
TXN_21813,USER_9010,62.43,1.0,100,1
TXN_17722,USER_7945,39.84,1.0,100,1
TXN_15132,USER_3529,121.62,1.0,100,1
TXN_24004,USER_2030,177.68,1.0,100,1
TXN_35255,USER_8512,252.56,1.0,100,1
TXN_3344,USER_2988,54.4,1.0,100,1
TXN_40514,USER_9704,208.47,1.0,100,1
TXN_35702,USER_3920,65.32,1.0,100,1
TXN_47115,USER_2268,3.01,1.0,100,1
TXN_7744,USER_4677,61.73,1.0,100,1
TXN_41250,USER_8983,9.22,1.0,100,1
TXN_7963,USER_9378,6.19,1.0,100,1
TXN_20023,USER_5891,97.99,1.0,100,1
TXN_2917,USER_3257,36.88,1.0,100,1
TXN_24693,USER_7147,27.27,1.0,100,1
TXN_2115,USER_2013,160.01,1.0,100,1
TXN_46695,USER_8238,205.11,1.0,100,1
TXN_43043,USER_7642,63.5,1.0,100,1
TXN_8223,USER_1929,292.74,1.0,100,1
TXN_4650,USER_4569,87.2,1.0,100,1
TXN_27767,USER_6979,5.15,1.0,100,1
TXN_14104,USER_4785,218.24,1.0,100,1
TXN_19007,USER_1526,39.75,1.0,100,1
TXN_31529,USER_7041,319.6,1.0,100,1
TXN_25814,USER_5281,62.28,1.0,100,1
TXN_4194,USER_8962,99.35,1.0,100,1
TXN_12172,USER_9056,88.97,1.0,100,1
TXN_4457,USER_1194,90.69,1.0,100,1
TXN_44524,USER_9074,21.28,1.0,100,1
TXN_5961,USER_5911,11.18,1.0,100,1
TXN_16573,USER_7752,68.43,1.0,100,1
TXN_14384,USER_8574,5.25,1.0,100,1
TXN_27985,USER_4631,51.53,1.0,100,1
TXN_46210,USER_3949,36.94,1.0,100,1
TXN_45062,USER_7427,2.46,1.0,100,1
TXN_18957,USER_6618,65.58,1.0,100,1
TXN_23654,USER_5438,21.77,1.0,100,1
TXN_34460,USER_4694,34.78,1.0,100,1
TXN_2053,USER_9853,12.14,1.0,100,1
TXN_22280,USER_7775,7.54,1.0,100,1
TXN_5231,USER_6077,40.34,1.0,100,1
TXN_35895,USER_6780,211.0,1.0,100,1
TXN_39702,USER_3526,63.08,1.0,100,1
TXN_15539,USER_4598,63.08,1.0,100,1
TXN_33928,USER_6736,64.12,1.0,100,1
TXN_16723,USER_8750,215.48,1.0,100,1
TXN_42366,USER_8709,158.57,1.0,100,1
TXN_45852,USER_2658,109.28,1.0,100,1
TXN_22707,USER_9742,10.1,1.0,100,1
TXN_48970,USER_1408,41.31,1.0,100,1
TXN_40137,USER_3099,13.78,1.0,100,1
TXN_40163,USER_5930,22.83,1.0,100,1
TXN_22060,USER_7637,105.06,1.0,100,1
TXN_12286,USER_9138,171.39,1.0,100,1
TXN_19872,USER_6774,27.05,1.0,100,1
TXN_43289,USER_9185,142.64,1.0,100,1
TXN_19331,USER_3196,106.37,1.0,100,1
TXN_45176,USER_2580,229.9,1.0,100,1
TXN_44875,USER_5744,131.93,1.0,100,1
TXN_39278,USER_2779,47.08,1.0,100,1
TXN_40058,USER_1810,22.09,1.0,100,1
TXN_43979,USER_1266,19.26,1.0,100,1
TXN_34544,USER_5387,5.55,1.0,100,1
TXN_16890,USER_1185,10.75,1.0,100,1
TXN_31503,USER_6640,60.35,1.0,100,1
TXN_11195,USER_3586,44.33,1.0,100,1
TXN_20783,USER_6605,48.46,1.0,100,1
TXN_34960,USER_4818,73.14,1.0,100,1
TXN_4974,USER_1515,217.23,1.0,100,1
TXN_21324,USER_6044,60.21,1.0,100,1
TXN_35117,USER_5633,58.44,1.0,100,1
TXN_5078,USER_6178,133.54,1.0,100,1
TXN_21880,USER_8041,31.26,1.0,100,1
TXN_6502,USER_2209,52.37,1.0,100,1
TXN_22819,USER_2223,222.67,1.0,100,1
TXN_47214,USER_5830,82.97,1.0,100,1
TXN_17588,USER_9215,46.53,1.0,100,1
TXN_2295,USER_9087,156.28,1.0,100,1
TXN_37734,USER_3374,373.51,1.0,100,1
TXN_1997,USER_7420,8.64,1.0,100,1
TXN_20817,USER_2002,217.47,1.0,100,1
TXN_49359,USER_5901,57.34,1.0,100,1
TXN_20492,USER_2471,283.63,1.0,100,1
TXN_12887,USER_4936,20.5,1.0,100,1
TXN_39234,USER_9578,229.46,1.0,100,1
TXN_4705,USER_6037,120.98,1.0,100,1
TXN_30892,USER_9124,100.46,1.0,100,1
TXN_30228,USER_8054,294.0,1.0,100,1
TXN_9162,USER_1071,125.64,1.0,100,1
TXN_746,USER_9152,64.59,1.0,100,1
TXN_46434,USER_6438,10.68,1.0,100,1
TXN_30997,USER_6430,8.08,1.0,100,1
TXN_32397,USER_7394,23.3,1.0,100,1
TXN_45407,USER_8741,55.15,1.0,100,1
TXN_36681,USER_1031,53.64,1.0,100,1
TXN_24237,USER_2280,101.85,1.0,100,1
TXN_26434,USER_8566,5.69,1.0,100,1
TXN_16887,USER_6546,40.37,1.0,100,1
TXN_22822,USER_1488,50.42,1.0,100,1
TXN_47613,USER_8091,288.24,1.0,100,1
TXN_5098,USER_6603,227.79,1.0,100,1
TXN_9464,USER_6611,204.46,1.0,100,1
TXN_709,USER_3393,59.07,1.0,100,1
TXN_24062,USER_6355,298.0,1.0,100,1
TXN_738,USER_2531,162.64,1.0,100,1
TXN_22363,USER_9264,83.68,1.0,100,1
TXN_25468,USER_1913,197.72,1.0,100,1
TXN_22133,USER_3244,109.07,1.0,100,1
TXN_43354,USER_8057,274.98,1.0,100,1
TXN_14320,USER_5545,21.38,1.0,100,1
TXN_41944,USER_1803,48.5,1.0,100,1
TXN_40575,USER_7668,19.58,1.0,100,1
TXN_39544,USER_8606,69.72,1.0,100,1
TXN_16316,USER_1807,26.69,1.0,100,1
TXN_29321,USER_4779,341.26,1.0,100,1
TXN_7162,USER_8756,88.28,1.0,100,1
TXN_18649,USER_1711,95.66,1.0,100,1
TXN_18362,USER_3035,68.42,1.0,100,1
TXN_34313,USER_7285,26.3,1.0,100,1
TXN_33702,USER_6004,101.22,1.0,100,1
TXN_6956,USER_4622,22.96,1.0,100,1
TXN_43435,USER_3069,162.17,1.0,100,1
TXN_3116,USER_8778,19.06,1.0,100,1
TXN_49945,USER_3129,50.83,1.0,100,1
TXN_30642,USER_6273,96.13,1.0,100,1
TXN_6824,USER_7404,139.84,1.0,100,1
TXN_40086,USER_1229,10.03,1.0,100,1
TXN_1888,USER_2884,40.82,1.0,100,1
TXN_27820,USER_5735,203.41,1.0,100,1
TXN_33,USER_2528,23.76,1.0,100,1
TXN_24939,USER_3393,44.9,1.0,100,1
TXN_1429,USER_6463,27.24,1.0,100,1
TXN_5246,USER_5368,27.51,1.0,100,1
TXN_10381,USER_9495,73.91,1.0,100,1
TXN_37246,USER_7628,86.21,1.0,100,1
TXN_43087,USER_5791,208.21,1.0,100,1
TXN_25171,USER_8854,219.26,1.0,100,1
TXN_20726,USER_8198,111.77,1.0,100,1
TXN_11879,USER_7012,181.46,1.0,100,1
TXN_42336,USER_6297,63.54,1.0,100,1
TXN_47356,USER_4279,125.13,1.0,100,1
TXN_34849,USER_7943,78.9,1.0,100,1
TXN_15283,USER_8055,112.14,1.0,100,1
TXN_239,USER_5433,41.92,1.0,100,1
TXN_6052,USER_9714,56.76,1.0,100,1
TXN_48637,USER_4913,47.34,1.0,100,1
TXN_37490,USER_5914,219.83,1.0,100,1
TXN_35471,USER_4151,26.23,1.0,100,1
TXN_47975,USER_9077,1.8,1.0,100,1
TXN_35039,USER_3205,171.16,1.0,100,1
TXN_13914,USER_8902,33.97,1.0,100,1
TXN_17497,USER_9083,237.78,1.0,100,1
TXN_13226,USER_6475,37.0,1.0,100,1
TXN_43105,USER_1041,214.66,1.0,100,1
TXN_39259,USER_8897,226.01,1.0,100,1
TXN_5221,USER_6882,102.61,1.0,100,1
TXN_8670,USER_8313,140.29,1.0,100,1
TXN_37056,USER_1569,92.93,1.0,100,1
TXN_14430,USER_8077,155.6,1.0,100,1
TXN_5278,USER_9518,230.86,1.0,100,1
TXN_35767,USER_5355,115.18,1.0,100,1
TXN_49877,USER_8393,35.92,1.0,100,1
TXN_11131,USER_6415,34.06,1.0,100,1
TXN_40665,USER_2467,41.53,1.0,100,1
TXN_36141,USER_1033,72.84,1.0,100,1
TXN_312,USER_6801,55.84,1.0,100,1
TXN_18798,USER_4654,203.19,1.0,100,1
TXN_30944,USER_7309,414.63,1.0,100,1
TXN_20540,USER_3181,141.18,1.0,100,1
TXN_17823,USER_6418,0.32,1.0,100,1
TXN_32120,USER_3826,49.74,1.0,100,1
TXN_27006,USER_8794,92.23,1.0,100,1
TXN_36588,USER_4296,199.01,1.0,100,1
TXN_8362,USER_7312,29.87,1.0,100,1
TXN_2828,USER_3780,20.04,1.0,100,1
TXN_3988,USER_5204,354.07,1.0,100,1
TXN_25077,USER_4088,75.83,1.0,100,1
TXN_48381,USER_3915,75.24,1.0,100,1
TXN_41997,USER_7710,26.33,1.0,100,1
TXN_4330,USER_2553,254.8,1.0,100,1
TXN_29444,USER_6679,72.22,1.0,100,1
TXN_47546,USER_5407,139.26,1.0,100,1
TXN_35934,USER_5856,339.42,1.0,100,1
TXN_19783,USER_2546,468.7,1.0,100,1
TXN_25928,USER_4134,38.92,1.0,100,1
TXN_35611,USER_9823,150.08,1.0,100,1
TXN_43876,USER_1185,46.33,1.0,100,1
TXN_33184,USER_3634,449.51,1.0,100,1
TXN_16315,USER_6906,71.49,1.0,100,1
TXN_8910,USER_2285,75.9,1.0,100,1
TXN_30349,USER_1331,2.34,1.0,100,1
TXN_17998,USER_5549,37.55,1.0,100,1
TXN_44134,USER_4148,14.21,1.0,100,1
TXN_23421,USER_4103,76.81,1.0,100,1
TXN_29761,USER_1177,119.43,1.0,100,1
TXN_25458,USER_7594,34.22,1.0,100,1
TXN_827,USER_1235,80.58,1.0,100,1
TXN_31950,USER_3814,141.06,1.0,100,1
TXN_15518,USER_5453,134.03,1.0,100,1
TXN_23496,USER_5525,36.16,1.0,100,1
TXN_1781,USER_3475,12.49,1.0,100,1
TXN_44017,USER_6999,92.81,1.0,100,1
TXN_8748,USER_5190,68.78,1.0,100,1
TXN_2725,USER_8929,65.27,1.0,100,1
TXN_14606,USER_2776,18.4,1.0,100,1
TXN_5226,USER_7103,73.02,1.0,100,1
TXN_12163,USER_9526,14.2,1.0,100,1
TXN_31572,USER_5891,4.59,1.0,100,1
TXN_25375,USER_7765,49.6,1.0,100,1
TXN_34877,USER_9826,356.84,1.0,100,1
TXN_33323,USER_3614,4.6,1.0,100,1
TXN_26316,USER_4957,39.4,1.0,100,1
TXN_21335,USER_1941,66.72,1.0,100,1
TXN_7174,USER_8705,61.18,1.0,100,1
TXN_30687,USER_5737,18.5,1.0,100,1
TXN_29925,USER_6510,67.81,1.0,100,1
TXN_7706,USER_4621,21.61,1.0,100,1
TXN_41766,USER_2495,19.97,1.0,100,1
TXN_11570,USER_4959,37.77,1.0,100,1
TXN_14646,USER_9945,86.13,1.0,100,1
TXN_40741,USER_8418,94.26,1.0,100,1
TXN_29306,USER_5457,75.24,1.0,100,1
TXN_45907,USER_5955,158.79,1.0,100,1
TXN_30089,USER_7402,130.0,1.0,100,1
TXN_49858,USER_9123,67.59,1.0,100,1
TXN_14701,USER_6458,147.36,1.0,100,1
TXN_34265,USER_1125,34.99,1.0,100,1
TXN_35345,USER_9129,263.49,1.0,100,1
TXN_4293,USER_1972,48.75,1.0,100,1
TXN_30685,USER_5263,10.09,1.0,100,1
TXN_33202,USER_7712,171.71,1.0,100,1
TXN_4308,USER_4096,4.06,1.0,100,1
TXN_8114,USER_8641,53.78,1.0,100,1
TXN_33668,USER_4411,88.72,1.0,100,1
TXN_28249,USER_9602,67.32,1.0,100,1
TXN_43375,USER_4397,495.87,1.0,100,1
TXN_26587,USER_7210,433.5,1.0,100,1
TXN_10081,USER_1910,141.09,1.0,100,1
TXN_43373,USER_9552,22.97,1.0,100,1
TXN_44663,USER_1955,28.79,1.0,100,1
TXN_23276,USER_1513,120.4,1.0,100,1
TXN_2254,USER_2517,205.55,1.0,100,1
TXN_7809,USER_7811,115.48,1.0,100,1
TXN_7369,USER_6684,18.49,1.0,100,1
TXN_27535,USER_1840,38.37,1.0,100,1
TXN_49360,USER_4603,286.85,1.0,100,1
TXN_17089,USER_9896,51.03,1.0,100,1
TXN_48521,USER_2902,82.46,1.0,100,1
TXN_34833,USER_6846,72.17,1.0,100,1
TXN_19120,USER_3916,9.38,1.0,100,1
TXN_48122,USER_4535,102.95,1.0,100,1
TXN_29543,USER_1867,256.86,1.0,100,1
TXN_28449,USER_1677,32.48,1.0,100,1
TXN_19608,USER_1056,308.3,1.0,100,1
TXN_34601,USER_4675,18.21,1.0,100,1
TXN_29787,USER_7472,101.11,1.0,100,1
TXN_20959,USER_8938,123.74,1.0,100,1
TXN_15176,USER_1942,85.93,1.0,100,1
TXN_38443,USER_2943,0.25,1.0,100,1
TXN_35856,USER_1947,1.04,1.0,100,1
TXN_34955,USER_8259,67.66,1.0,100,1
TXN_12917,USER_1078,21.15,1.0,100,1
TXN_39239,USER_4475,99.42,1.0,100,1
TXN_36518,USER_5992,23.35,1.0,100,1
TXN_5173,USER_3721,23.35,1.0,100,1
TXN_5882,USER_9070,13.87,1.0,100,1
TXN_5041,USER_6586,52.63,1.0,100,1
TXN_10428,USER_9520,99.92,1.0,100,1
TXN_28407,USER_5833,59.0,1.0,100,1
TXN_554,USER_4376,338.46,1.0,100,1
TXN_5667,USER_2876,106.54,1.0,100,1
TXN_32677,USER_1759,219.38,1.0,100,1
TXN_20117,USER_8664,203.02,1.0,100,1
TXN_5018,USER_5588,16.23,1.0,100,1
TXN_20993,USER_3673,3.16,1.0,100,1
TXN_30863,USER_8369,3.87,1.0,100,1
TXN_10091,USER_9400,127.64,1.0,100,1
TXN_26271,USER_7494,79.23,1.0,100,1
TXN_9698,USER_3365,11.56,1.0,100,1
TXN_15224,USER_6376,38.61,1.0,100,1
TXN_39826,USER_6923,287.08,1.0,100,1
TXN_35579,USER_9694,94.69,1.0,100,1
TXN_12160,USER_6723,58.47,1.0,100,1
TXN_8021,USER_8345,105.42,1.0,100,1
TXN_49668,USER_7435,79.75,1.0,100,1
TXN_42869,USER_5634,140.85,1.0,100,1
TXN_38676,USER_2727,14.14,1.0,100,1
TXN_4227,USER_5895,6.6,1.0,100,1
TXN_1446,USER_7731,159.17,1.0,100,1
TXN_951,USER_9577,0.65,1.0,100,1
TXN_4021,USER_4072,98.91,1.0,100,1
TXN_1717,USER_9227,4.14,1.0,100,1
TXN_38351,USER_7874,118.08,1.0,100,1
TXN_7475,USER_7853,33.49,1.0,100,1
TXN_6594,USER_1340,136.04,1.0,100,1
TXN_11942,USER_9472,50.82,1.0,100,1
TXN_24334,USER_3392,25.84,1.0,100,1
TXN_33330,USER_8034,10.8,1.0,100,1
TXN_2974,USER_2524,27.37,1.0,100,1
TXN_27555,USER_7783,109.48,1.0,100,1
TXN_13816,USER_4716,73.7,1.0,100,1
TXN_28238,USER_3815,288.78,1.0,100,1
TXN_49078,USER_5824,298.39,1.0,100,1
TXN_39316,USER_1443,37.81,1.0,100,1
TXN_31277,USER_9803,16.36,1.0,100,1
TXN_48782,USER_9598,10.96,1.0,100,1
TXN_10173,USER_9302,85.29,1.0,100,1
TXN_48676,USER_2286,10.4,1.0,100,1
TXN_23376,USER_4083,16.07,1.0,100,1
TXN_8475,USER_2050,50.57,1.0,100,1
TXN_10653,USER_2667,8.09,1.0,100,1
TXN_29966,USER_5077,76.34,1.0,100,1
TXN_24208,USER_6527,24.51,1.0,100,1
TXN_29577,USER_9082,131.69,1.0,100,1
TXN_43860,USER_2753,97.48,1.0,100,1
TXN_20442,USER_5814,49.85,1.0,100,1
TXN_7250,USER_9022,27.27,1.0,100,1
TXN_17964,USER_3873,185.04,1.0,100,1
TXN_10678,USER_8543,1.99,1.0,100,1
TXN_24580,USER_1397,10.41,1.0,100,1
TXN_39928,USER_4125,58.0,1.0,100,1
TXN_39902,USER_4949,1.82,1.0,100,1
TXN_34539,USER_7600,59.07,1.0,100,1
TXN_34031,USER_1055,32.97,1.0,100,1
TXN_17054,USER_2607,120.95,1.0,100,1
TXN_20129,USER_9257,82.53,1.0,100,1
TXN_28320,USER_5137,262.76,1.0,100,1
TXN_30551,USER_7146,53.67,1.0,100,1
TXN_35241,USER_4621,27.46,1.0,100,1
TXN_2440,USER_1264,20.05,1.0,100,1
TXN_29211,USER_3485,17.19,1.0,100,1
TXN_48801,USER_2094,236.91,1.0,100,1
TXN_27479,USER_5428,11.2,1.0,100,1
TXN_39308,USER_3755,38.99,1.0,100,1
TXN_24576,USER_3221,42.38,1.0,100,1
TXN_31035,USER_6756,85.56,1.0,100,1
TXN_45753,USER_9283,332.43,1.0,100,1
TXN_23881,USER_9706,60.89,1.0,100,1
TXN_26544,USER_5915,41.51,1.0,100,1
TXN_38131,USER_3439,14.25,1.0,100,1
TXN_43491,USER_3221,45.72,1.0,100,1
TXN_37536,USER_2408,171.71,1.0,100,1
TXN_24695,USER_9830,28.47,1.0,100,1
TXN_6025,USER_6360,9.97,1.0,100,1
TXN_48615,USER_1954,146.11,1.0,100,1
TXN_44098,USER_5956,2.91,1.0,100,1
TXN_29733,USER_2378,7.53,1.0,100,1
TXN_134,USER_4627,124.71,1.0,100,1
TXN_11451,USER_1525,19.79,1.0,100,1
TXN_19031,USER_7785,74.92,1.0,100,1
TXN_27337,USER_5460,101.7,1.0,100,1
TXN_35738,USER_9778,3.32,1.0,100,1
TXN_14500,USER_8770,156.57,1.0,100,1
TXN_29121,USER_3795,10.17,1.0,100,1
TXN_21254,USER_8842,190.92,1.0,100,1
TXN_13946,USER_3551,104.92,1.0,100,1
TXN_18068,USER_1990,45.35,1.0,100,1
TXN_29221,USER_7009,41.78,1.0,100,1
TXN_18444,USER_4996,19.67,1.0,100,1
TXN_1189,USER_5497,289.21,1.0,100,1
TXN_14216,USER_9258,140.6,1.0,100,1
TXN_13468,USER_6960,80.45,1.0,100,1
TXN_32866,USER_3466,5.12,1.0,100,1
TXN_42502,USER_9283,162.59,1.0,100,1
TXN_14494,USER_7274,9.75,1.0,100,1
TXN_46921,USER_8473,33.85,1.0,100,1
TXN_17890,USER_7275,129.59,1.0,100,1
TXN_19756,USER_9936,133.5,1.0,100,1
TXN_6481,USER_2782,45.54,1.0,100,1
TXN_8585,USER_2892,10.13,1.0,100,1
TXN_38184,USER_6971,63.42,1.0,100,1
TXN_13258,USER_7468,116.93,1.0,100,1
TXN_18591,USER_6004,6.4,1.0,100,1
TXN_24377,USER_6527,65.85,1.0,100,1
TXN_18303,USER_4134,187.16,1.0,100,1
TXN_27770,USER_8036,5.75,1.0,100,1
TXN_3834,USER_4327,259.31,1.0,100,1
TXN_45706,USER_3270,61.33,1.0,100,1
TXN_45326,USER_8183,38.88,1.0,100,1
TXN_11056,USER_9481,23.85,1.0,100,1
TXN_28585,USER_1689,77.0,1.0,100,1
TXN_43621,USER_8441,424.49,1.0,100,1
TXN_3039,USER_7420,198.72,1.0,100,1
TXN_14851,USER_8307,56.98,1.0,100,1
TXN_39187,USER_6170,38.97,1.0,100,1
TXN_21785,USER_5030,347.64,1.0,100,1
TXN_49647,USER_2975,29.26,1.0,100,1
TXN_28329,USER_3511,16.32,1.0,100,1
TXN_33424,USER_9551,176.21,1.0,100,1
TXN_12385,USER_3493,25.02,1.0,100,1
TXN_49314,USER_4516,4.94,1.0,100,1
TXN_12608,USER_4555,206.49,1.0,100,1
TXN_11059,USER_9076,27.95,1.0,100,1
TXN_10968,USER_2076,147.67,1.0,100,1
TXN_44890,USER_8989,11.33,1.0,100,1
TXN_31751,USER_7958,13.25,1.0,100,1
TXN_37923,USER_2244,92.99,1.0,100,1
TXN_24738,USER_5090,173.64,1.0,100,1
TXN_21743,USER_9127,56.06,1.0,100,1
TXN_15247,USER_9937,252.68,1.0,100,1
TXN_8260,USER_1897,245.28,1.0,100,1
TXN_45967,USER_8177,81.66,1.0,100,1
TXN_918,USER_1126,130.16,1.0,100,1
TXN_11997,USER_3820,1.89,1.0,100,1
TXN_40440,USER_5170,165.53,1.0,100,1
TXN_30424,USER_3486,154.97,1.0,100,1
TXN_24494,USER_3850,109.76,1.0,100,1
TXN_19274,USER_2154,190.95,1.0,100,1
TXN_29838,USER_6435,37.35,1.0,100,1
TXN_20761,USER_6301,44.92,1.0,100,1
TXN_4890,USER_2181,43.42,1.0,100,1
TXN_39960,USER_3529,25.66,1.0,100,1
TXN_29128,USER_4747,56.36,1.0,100,1
TXN_22454,USER_5344,55.82,1.0,100,1
TXN_47494,USER_3620,227.25,1.0,100,1
TXN_29985,USER_8640,21.96,1.0,100,1
TXN_31538,USER_8600,123.03,1.0,100,1
TXN_24115,USER_3052,4.27,1.0,100,1
TXN_45782,USER_4317,5.71,1.0,100,1
TXN_344,USER_1004,117.4,1.0,100,1
TXN_38764,USER_8671,181.62,1.0,100,1
TXN_18224,USER_5006,128.72,1.0,100,1
TXN_21870,USER_9203,67.16,1.0,100,1
TXN_47148,USER_9713,171.93,1.0,100,1
TXN_32951,USER_5417,38.24,1.0,100,1
TXN_6742,USER_4862,16.87,1.0,100,1
TXN_44828,USER_3898,60.47,1.0,100,1
TXN_38287,USER_7265,14.18,1.0,100,1
TXN_49906,USER_3029,39.7,1.0,100,1
TXN_43310,USER_6921,1.02,1.0,100,1
TXN_32452,USER_8238,57.82,1.0,100,1
TXN_31392,USER_8231,18.31,1.0,100,1
TXN_46673,USER_3317,83.98,1.0,100,1
TXN_31573,USER_7480,68.8,1.0,100,1
TXN_30675,USER_3933,224.7,1.0,100,1
TXN_22344,USER_6888,172.52,1.0,100,1
TXN_24613,USER_2277,82.73,1.0,100,1
TXN_20777,USER_7716,146.45,1.0,100,1
TXN_22040,USER_4995,40.67,1.0,100,1
TXN_43836,USER_6910,2.87,1.0,100,1
TXN_44667,USER_7819,40.98,1.0,100,1
TXN_40455,USER_3711,79.66,1.0,100,1
TXN_29544,USER_4472,65.04,1.0,100,1
TXN_37555,USER_6730,58.72,1.0,100,1
TXN_30074,USER_4536,57.02,1.0,100,1
TXN_16825,USER_7671,84.9,1.0,100,1
TXN_49775,USER_6559,27.57,1.0,100,1
TXN_30125,USER_8375,45.92,1.0,100,1
TXN_16974,USER_6193,246.47,1.0,100,1
TXN_36580,USER_9129,59.74,1.0,100,1
TXN_5863,USER_5372,72.02,1.0,100,1
TXN_9320,USER_5406,0.15,1.0,100,1
TXN_35304,USER_6295,69.74,1.0,100,1
TXN_7309,USER_9791,49.94,1.0,100,1
TXN_11981,USER_6828,1.86,1.0,100,1
TXN_32208,USER_2897,21.63,1.0,100,1
TXN_42174,USER_9502,14.25,1.0,100,1
TXN_5085,USER_4829,221.98,1.0,100,1
TXN_5646,USER_7022,27.93,1.0,100,1
TXN_44611,USER_7201,36.02,1.0,100,1
TXN_16329,USER_6813,76.18,1.0,100,1
TXN_2955,USER_3158,226.2,1.0,100,1
TXN_23497,USER_3616,30.2,1.0,100,1
TXN_44371,USER_6154,48.05,1.0,100,1
TXN_31355,USER_3456,85.8,1.0,100,1
TXN_44024,USER_6942,125.67,1.0,100,1
TXN_20841,USER_3579,12.16,1.0,100,1
TXN_20383,USER_3891,54.26,1.0,100,1
TXN_26995,USER_2486,130.39,1.0,100,1
TXN_20740,USER_1151,212.31,1.0,100,1
TXN_1837,USER_9453,315.46,1.0,100,1
TXN_45810,USER_8105,30.05,1.0,100,1
TXN_41174,USER_8539,1.49,1.0,100,1
TXN_23841,USER_8923,45.43,1.0,100,1
TXN_29908,USER_4483,9.82,1.0,100,1
TXN_22637,USER_5080,38.49,1.0,100,1
TXN_12739,USER_1682,200.44,1.0,100,1
TXN_12854,USER_9302,21.19,1.0,100,1
TXN_12645,USER_1400,56.89,1.0,100,1
TXN_15393,USER_1172,19.48,1.0,100,1
TXN_25840,USER_3280,458.96,1.0,100,1
TXN_47334,USER_7003,19.07,1.0,100,1
TXN_20767,USER_6494,96.46,1.0,100,1
TXN_10764,USER_2521,34.16,1.0,100,1
TXN_16188,USER_9997,308.04,1.0,100,1
TXN_24777,USER_4324,6.21,1.0,100,1
TXN_13496,USER_1058,247.53,1.0,100,1
TXN_36910,USER_2773,197.32,1.0,100,1
TXN_31977,USER_3297,15.8,1.0,100,1
TXN_46632,USER_1354,35.21,1.0,100,1
TXN_14172,USER_6748,35.33,1.0,100,1
TXN_25424,USER_8595,94.0,1.0,100,1
TXN_1434,USER_9465,301.03,1.0,100,1
TXN_16027,USER_1858,218.74,1.0,100,1
TXN_28868,USER_8322,91.66,1.0,100,1
TXN_44664,USER_5304,1.03,1.0,100,1
TXN_37130,USER_7897,96.85,1.0,100,1
TXN_13752,USER_1047,5.87,1.0,100,1
TXN_5494,USER_6190,39.0,1.0,100,1
TXN_2709,USER_2140,92.92,1.0,100,1
TXN_43127,USER_9406,308.79,1.0,100,1
TXN_46728,USER_3317,38.25,1.0,100,1
TXN_7701,USER_1012,12.95,1.0,100,1
TXN_36379,USER_7960,162.7,1.0,100,1
TXN_1047,USER_2555,200.3,1.0,100,1
TXN_49381,USER_1393,163.41,1.0,100,1
TXN_47789,USER_3341,5.4,1.0,100,1
TXN_9929,USER_9667,5.15,1.0,100,1
TXN_46371,USER_9643,10.95,1.0,100,1
TXN_28233,USER_1924,105.64,1.0,100,1
TXN_16423,USER_6882,73.71,1.0,100,1
TXN_12637,USER_7374,154.86,1.0,100,1
TXN_38667,USER_8054,71.2,1.0,100,1
TXN_20153,USER_4809,96.94,1.0,100,1
TXN_43345,USER_3537,10.59,1.0,100,1
TXN_20029,USER_6468,63.97,1.0,100,1
TXN_32771,USER_5744,2.12,1.0,100,1
TXN_49472,USER_7547,79.75,1.0,100,1
TXN_45472,USER_4545,53.49,1.0,100,1
TXN_12988,USER_2473,14.26,1.0,100,1
TXN_33316,USER_5644,290.31,1.0,100,1
TXN_43613,USER_6336,6.93,1.0,100,1
TXN_22108,USER_5435,4.83,1.0,100,1
TXN_21166,USER_5115,18.78,1.0,100,1
TXN_34826,USER_2166,324.83,1.0,100,1
TXN_39981,USER_9816,13.36,1.0,100,1
TXN_48293,USER_8008,35.09,1.0,100,1
TXN_16391,USER_2187,121.95,1.0,100,1
TXN_3252,USER_7033,11.77,1.0,100,1
TXN_11941,USER_7026,32.94,1.0,100,1
TXN_25861,USER_6729,60.96,1.0,100,1
TXN_3938,USER_2881,201.09,1.0,100,1
TXN_20240,USER_8071,42.16,1.0,100,1
TXN_23951,USER_9515,287.11,1.0,100,1
TXN_7383,USER_7596,132.3,1.0,100,1
TXN_36732,USER_3613,57.0,1.0,100,1
TXN_6480,USER_7985,115.09,1.0,100,1
TXN_44440,USER_4584,61.46,1.0,100,1
TXN_18670,USER_6289,466.03,1.0,100,1
TXN_13272,USER_3928,1.87,1.0,100,1
TXN_38999,USER_3418,389.01,1.0,100,1
TXN_39603,USER_5383,51.14,1.0,100,1
TXN_39317,USER_9578,1.54,1.0,100,1
TXN_12760,USER_8169,206.46,1.0,100,1
TXN_42957,USER_3677,41.28,1.0,100,1
TXN_3525,USER_1596,15.6,1.0,100,1
TXN_28696,USER_2918,2.93,1.0,100,1
TXN_13023,USER_5908,28.04,1.0,100,1
TXN_16275,USER_9828,53.79,1.0,100,1
TXN_36809,USER_1666,27.72,1.0,100,1
TXN_7335,USER_7581,306.7,1.0,100,1
TXN_45861,USER_1027,60.66,1.0,100,1
TXN_38208,USER_3755,32.4,1.0,100,1
TXN_40284,USER_3243,72.26,1.0,100,1
TXN_7729,USER_9459,124.99,1.0,100,1
TXN_1510,USER_9503,82.96,1.0,100,1
TXN_25751,USER_8921,62.62,1.0,100,1
TXN_36493,USER_4610,77.79,1.0,100,1
TXN_42479,USER_1432,140.82,1.0,100,1
TXN_49332,USER_5513,10.48,1.0,100,1
TXN_44332,USER_4328,213.42,1.0,100,1
TXN_5220,USER_3568,104.4,1.0,100,1
TXN_4058,USER_1307,16.86,1.0,100,1
TXN_23823,USER_8496,36.21,1.0,100,1
TXN_31505,USER_2358,40.0,1.0,100,1
TXN_46063,USER_6316,217.77,1.0,100,1
TXN_7940,USER_6448,49.16,1.0,100,1
TXN_45771,USER_3294,569.25,1.0,100,1
TXN_1514,USER_7078,245.38,1.0,100,1
TXN_8608,USER_5412,24.2,1.0,100,1
TXN_28248,USER_8026,22.93,1.0,100,1
TXN_41708,USER_1127,81.21,1.0,100,1
TXN_49425,USER_6596,15.79,1.0,100,1
TXN_38094,USER_4571,6.67,1.0,100,1
TXN_33111,USER_2806,96.17,1.0,100,1
TXN_677,USER_5164,149.22,1.0,100,1
TXN_11102,USER_8386,156.26,1.0,100,1
TXN_7730,USER_6912,91.42,1.0,100,1
TXN_3004,USER_9584,53.95,1.0,100,1
TXN_25960,USER_2371,78.02,1.0,100,1
TXN_44263,USER_6568,242.19,1.0,100,1
TXN_23015,USER_3264,0.09,1.0,100,1
TXN_44736,USER_5857,68.09,1.0,100,1
TXN_41646,USER_3895,208.86,1.0,100,1
TXN_49102,USER_9641,14.88,1.0,100,1
TXN_31101,USER_9417,134.57,1.0,100,1
TXN_18804,USER_1181,125.21,1.0,100,1
TXN_20989,USER_2485,105.43,1.0,100,1
TXN_4045,USER_5917,121.28,1.0,100,1
TXN_6315,USER_6192,6.96,1.0,100,1
TXN_11674,USER_2755,111.42,1.0,100,1
TXN_2350,USER_1264,401.15,1.0,100,1
TXN_3623,USER_6951,60.99,1.0,100,1
TXN_48164,USER_2775,85.36,1.0,100,1
TXN_26983,USER_6419,356.54,1.0,100,1
TXN_2569,USER_1201,87.37,1.0,100,1
TXN_45616,USER_2284,10.07,1.0,100,1
TXN_3589,USER_4816,56.12,1.0,100,1
TXN_1723,USER_8285,242.53,1.0,100,1
TXN_32242,USER_9932,125.88,1.0,100,1
TXN_47804,USER_4040,134.09,1.0,100,1
TXN_7454,USER_8232,1.26,1.0,100,1
TXN_10397,USER_7174,26.99,1.0,100,1
TXN_33031,USER_2804,8.89,1.0,100,1
TXN_48188,USER_3088,14.16,1.0,100,1
TXN_6698,USER_2221,117.92,1.0,100,1
TXN_12421,USER_9573,7.1,1.0,100,1
TXN_43989,USER_1852,46.94,1.0,100,1
TXN_2075,USER_4300,138.5,1.0,100,1
TXN_3806,USER_8323,375.78,1.0,100,1
TXN_32674,USER_5405,83.73,1.0,100,1
TXN_33606,USER_5750,76.24,1.0,100,1
TXN_2054,USER_5330,8.15,1.0,100,1
TXN_45692,USER_3446,14.73,1.0,100,1
TXN_44867,USER_8904,131.06,1.0,100,1
TXN_11988,USER_6901,45.05,1.0,100,1
TXN_31597,USER_8604,78.29,1.0,100,1
TXN_21047,USER_5907,33.52,1.0,100,1
TXN_38721,USER_9214,170.25,1.0,100,1
TXN_31784,USER_8937,83.02,1.0,100,1
TXN_6555,USER_1555,54.87,1.0,100,1
TXN_36076,USER_2405,26.66,1.0,100,1
TXN_34573,USER_6068,11.24,1.0,100,1
TXN_27858,USER_6626,76.9,1.0,100,1
TXN_43505,USER_5174,128.66,1.0,100,1
TXN_30,USER_2899,155.62,1.0,100,1
TXN_19634,USER_6937,12.49,1.0,100,1
TXN_25942,USER_1790,12.91,1.0,100,1
TXN_5511,USER_5500,69.84,1.0,100,1
TXN_30042,USER_4681,147.25,1.0,100,1
TXN_25124,USER_1650,187.12,1.0,100,1
TXN_41715,USER_8076,6.85,1.0,100,1
TXN_6662,USER_6559,47.31,1.0,100,1
TXN_28871,USER_8384,123.19,1.0,100,1
TXN_4003,USER_1870,89.45,1.0,100,1
TXN_19857,USER_8108,5.14,1.0,100,1
TXN_21603,USER_9418,143.1,1.0,100,1
TXN_28676,USER_4226,100.13,1.0,100,1
TXN_3286,USER_1451,53.3,1.0,100,1
TXN_17814,USER_3028,6.06,1.0,100,1
TXN_22160,USER_1449,140.8,1.0,100,1
TXN_40702,USER_8531,22.66,1.0,100,1
TXN_27379,USER_8881,209.57,1.0,100,1
TXN_33850,USER_3970,139.2,1.0,100,1
TXN_6550,USER_2428,78.28,1.0,100,1
TXN_10125,USER_7048,153.71,1.0,100,1
TXN_17666,USER_3645,139.61,1.0,100,1
TXN_11979,USER_5959,98.65,1.0,100,1
TXN_3957,USER_9597,274.97,1.0,100,1
TXN_20985,USER_2581,30.33,1.0,100,1
TXN_44140,USER_1199,87.68,1.0,100,1
TXN_15738,USER_1654,355.46,1.0,100,1
TXN_13825,USER_1281,217.06,1.0,100,1
TXN_47225,USER_2459,267.49,1.0,100,1
TXN_19182,USER_7614,5.83,1.0,100,1
TXN_10017,USER_6767,156.66,1.0,100,1
TXN_24051,USER_9700,95.67,1.0,100,1
TXN_27792,USER_7426,45.65,1.0,100,1
TXN_14573,USER_7537,27.02,1.0,100,1
TXN_48967,USER_2894,102.17,1.0,100,1
TXN_9390,USER_9846,77.58,1.0,100,1
TXN_30278,USER_7796,11.07,1.0,100,1
TXN_12727,USER_2374,231.79,1.0,100,1
TXN_49949,USER_3346,23.05,1.0,100,1
TXN_30542,USER_9942,11.55,1.0,100,1
TXN_49406,USER_3562,299.68,1.0,100,1
TXN_43176,USER_4457,180.93,1.0,100,1
TXN_13240,USER_4085,45.58,1.0,100,1
TXN_43195,USER_6439,20.22,1.0,100,1
TXN_48642,USER_6138,108.96,1.0,100,1
TXN_18503,USER_9847,57.43,1.0,100,1
TXN_649,USER_2252,41.36,1.0,100,1
TXN_40203,USER_5033,39.68,1.0,100,1
TXN_36256,USER_4049,3.29,1.0,100,1
TXN_18434,USER_8704,20.97,1.0,100,1
TXN_34032,USER_4362,291.13,1.0,100,1
TXN_24168,USER_5196,186.45,1.0,100,1
TXN_24620,USER_4328,53.47,1.0,100,1
TXN_18585,USER_1136,36.76,1.0,100,1
TXN_11288,USER_5860,76.64,1.0,100,1
TXN_7323,USER_1789,142.86,1.0,100,1
TXN_5777,USER_8706,40.8,1.0,100,1
TXN_45007,USER_9793,121.22,1.0,100,1
TXN_2266,USER_1610,91.64,1.0,100,1
TXN_34174,USER_1266,57.67,1.0,100,1
TXN_2383,USER_4830,349.23,1.0,100,1
TXN_46949,USER_5633,42.44,1.0,100,1
TXN_28652,USER_5438,7.8,1.0,100,1
TXN_3847,USER_4135,243.55,1.0,100,1
TXN_40267,USER_7067,38.71,1.0,100,1
TXN_15143,USER_7229,22.54,1.0,100,1
TXN_33196,USER_1391,223.7,1.0,100,1
TXN_19550,USER_5613,86.25,1.0,100,1
TXN_34449,USER_8264,36.19,1.0,100,1
TXN_45314,USER_5017,194.83,1.0,100,1
TXN_35867,USER_4624,35.41,1.0,100,1
TXN_32722,USER_7492,41.2,1.0,100,1
TXN_8240,USER_2241,1.2,1.0,100,1
TXN_14190,USER_3339,13.68,1.0,100,1
TXN_10780,USER_3395,11.81,1.0,100,1
TXN_24822,USER_4996,7.56,1.0,100,1
TXN_21757,USER_7260,79.87,1.0,100,1
TXN_32072,USER_4320,129.59,1.0,100,1
TXN_37163,USER_8956,64.45,1.0,100,1
TXN_45371,USER_2464,184.62,1.0,100,1
TXN_26208,USER_1081,9.4,1.0,100,1
TXN_41839,USER_1517,147.63,1.0,100,1
TXN_40601,USER_5867,10.69,1.0,100,1
TXN_36543,USER_2808,73.94,1.0,100,1
TXN_11515,USER_5899,100.88,1.0,100,1
TXN_45008,USER_5974,42.74,1.0,100,1
TXN_35388,USER_7847,6.26,1.0,100,1
TXN_47233,USER_4639,1.01,1.0,100,1
TXN_4443,USER_2371,136.16,1.0,100,1
TXN_22992,USER_1797,326.21,1.0,100,1
TXN_47453,USER_6320,34.42,1.0,100,1
TXN_43424,USER_8870,84.91,1.0,100,1
TXN_42566,USER_9779,26.61,1.0,100,1
TXN_12648,USER_4851,199.03,1.0,100,1
TXN_13842,USER_4097,15.88,1.0,100,1
TXN_29940,USER_2197,77.77,1.0,100,1
TXN_158,USER_4581,5.14,1.0,100,1
TXN_41996,USER_2712,16.84,1.0,100,1
TXN_44379,USER_4474,256.01,1.0,100,1
TXN_6813,USER_4793,96.96,1.0,100,1
TXN_11404,USER_7749,178.35,1.0,100,1
TXN_46356,USER_9000,53.81,1.0,100,1
TXN_47573,USER_7395,59.24,1.0,100,1
TXN_46783,USER_8495,21.15,1.0,100,1
TXN_39792,USER_8190,234.84,1.0,100,1
TXN_4445,USER_1320,5.26,1.0,100,1
TXN_17201,USER_4559,251.29,1.0,100,1
TXN_17656,USER_1553,108.5,1.0,100,1
TXN_16098,USER_7405,35.09,1.0,100,1
TXN_18495,USER_5780,1.58,1.0,100,1
TXN_10063,USER_5301,12.49,1.0,100,1
TXN_47386,USER_1952,59.23,1.0,100,1
TXN_16764,USER_3371,22.45,1.0,100,1
TXN_3067,USER_9436,36.37,1.0,100,1
TXN_48059,USER_4343,82.18,1.0,100,1
TXN_43802,USER_2147,134.89,1.0,100,1
TXN_21678,USER_5969,108.7,1.0,100,1
TXN_25872,USER_8954,85.26,1.0,100,1
TXN_22339,USER_6566,57.2,1.0,100,1
TXN_11343,USER_2351,181.66,1.0,100,1
TXN_8821,USER_6319,21.9,1.0,100,1
TXN_39254,USER_3285,68.43,1.0,100,1
TXN_27629,USER_4820,273.6,1.0,100,1
TXN_19985,USER_4879,81.23,1.0,100,1
TXN_18053,USER_2918,187.86,1.0,100,1
TXN_34389,USER_7126,41.02,1.0,100,1
TXN_17664,USER_6180,252.0,1.0,100,1
TXN_40094,USER_9516,165.94,1.0,100,1
TXN_36694,USER_4287,144.18,1.0,100,1
TXN_25542,USER_3153,265.83,1.0,100,1
TXN_32734,USER_2768,226.83,1.0,100,1
TXN_41920,USER_9439,5.53,1.0,100,1
TXN_11393,USER_3525,96.18,1.0,100,1
TXN_44640,USER_5197,3.65,1.0,100,1
TXN_32961,USER_3658,24.08,1.0,100,1
TXN_42765,USER_6139,60.2,1.0,100,1
TXN_2373,USER_9915,39.91,1.0,100,1
TXN_41471,USER_2012,223.51,1.0,100,1
TXN_43387,USER_8855,166.13,1.0,100,1
TXN_9469,USER_1329,14.5,1.0,100,1
TXN_30010,USER_4936,6.52,1.0,100,1
TXN_12599,USER_8873,176.85,1.0,100,1
TXN_49051,USER_1041,1.74,1.0,100,1
TXN_6620,USER_7343,17.34,1.0,100,1
TXN_20919,USER_2714,163.58,1.0,100,1
TXN_16976,USER_9526,166.33,1.0,100,1
TXN_44922,USER_5287,143.32,1.0,100,1
TXN_20907,USER_7916,172.22,1.0,100,1
TXN_12522,USER_2965,472.27,1.0,100,1
TXN_19592,USER_8120,33.36,1.0,100,1
TXN_43702,USER_8777,107.41,1.0,100,1
TXN_34086,USER_4692,96.05,1.0,100,1
TXN_45728,USER_8744,2.26,1.0,100,1
TXN_36453,USER_6005,67.34,1.0,100,1
TXN_16801,USER_1360,32.92,1.0,100,1
TXN_38217,USER_9240,109.31,1.0,100,1
TXN_14083,USER_5671,37.02,1.0,100,1
TXN_40933,USER_2903,33.38,1.0,100,1
TXN_8618,USER_6520,49.73,1.0,100,1
TXN_15744,USER_7732,75.45,1.0,100,1
TXN_12461,USER_3093,6.18,1.0,100,1
TXN_32697,USER_2830,110.9,1.0,100,1
TXN_9296,USER_1081,339.1,1.0,100,1
TXN_31374,USER_8348,18.65,1.0,100,1
TXN_47301,USER_1950,240.03,1.0,100,1
TXN_36757,USER_2245,26.1,1.0,100,1
TXN_15101,USER_8369,7.17,1.0,100,1
TXN_35785,USER_6538,259.37,1.0,100,1
TXN_16094,USER_5139,61.44,1.0,100,1
TXN_43698,USER_6949,116.19,1.0,100,1
TXN_418,USER_2066,233.88,1.0,100,1
TXN_4602,USER_1857,230.56,1.0,100,1
TXN_9577,USER_9308,48.04,1.0,100,1
TXN_11759,USER_3811,1.36,1.0,100,1
TXN_20509,USER_4665,405.51,1.0,100,1
TXN_35658,USER_7064,31.31,1.0,100,1
TXN_32133,USER_4234,303.58,1.0,100,1
TXN_33151,USER_1003,92.34,1.0,100,1
TXN_18536,USER_8230,147.0,1.0,100,1
TXN_23294,USER_8366,24.35,1.0,100,1
TXN_38175,USER_6047,97.77,1.0,100,1
TXN_35933,USER_8025,79.67,1.0,100,1
TXN_16432,USER_7660,39.59,1.0,100,1
TXN_10071,USER_5916,330.56,1.0,100,1
TXN_20882,USER_6361,82.81,1.0,100,1
TXN_4212,USER_8566,1.45,1.0,100,1
TXN_26775,USER_1212,95.52,1.0,100,1
TXN_31181,USER_3280,51.21,1.0,100,1
TXN_14792,USER_6168,43.61,1.0,100,1
TXN_40950,USER_3858,23.75,1.0,100,1
TXN_13590,USER_6620,10.61,1.0,100,1
TXN_19761,USER_3662,63.22,1.0,100,1
TXN_952,USER_9070,97.55,1.0,100,1
TXN_35686,USER_1755,74.51,1.0,100,1
TXN_32796,USER_1741,482.52,1.0,100,1
TXN_23695,USER_1622,3.29,1.0,100,1
TXN_17289,USER_9034,92.42,1.0,100,1
TXN_46474,USER_4816,19.13,1.0,100,1
TXN_29700,USER_3437,105.49,1.0,100,1
TXN_16759,USER_6400,149.86,1.0,100,1
TXN_3100,USER_4947,8.63,1.0,100,1
TXN_33215,USER_4781,190.92,1.0,100,1
TXN_44756,USER_7190,94.66,1.0,100,1
TXN_25356,USER_7090,271.05,1.0,100,1
TXN_49172,USER_3453,344.42,1.0,100,1
TXN_28636,USER_6349,107.07,1.0,100,1
TXN_25504,USER_6839,72.55,1.0,100,1
TXN_37464,USER_9585,19.03,1.0,100,1
TXN_18464,USER_7809,55.47,1.0,100,1
TXN_38928,USER_1478,330.45,1.0,100,1
TXN_23326,USER_3823,139.49,1.0,100,1
TXN_5436,USER_7704,315.0,1.0,100,1
TXN_25001,USER_5286,31.43,1.0,100,1
TXN_44059,USER_8507,66.66,1.0,100,1
TXN_6235,USER_1804,26.95,1.0,100,1
TXN_17037,USER_3159,19.06,1.0,100,1
TXN_46053,USER_8589,3.28,1.0,100,1
TXN_34987,USER_8276,222.88,1.0,100,1
TXN_5476,USER_7701,54.16,1.0,100,1
TXN_14725,USER_6484,86.31,1.0,100,1
TXN_15946,USER_5914,55.85,1.0,100,1
TXN_45346,USER_8644,130.47,1.0,100,1
TXN_22996,USER_6677,70.12,1.0,100,1
TXN_32874,USER_7221,72.99,1.0,100,1
TXN_33258,USER_2428,128.87,1.0,100,1
TXN_23198,USER_8209,251.08,1.0,100,1
TXN_17437,USER_9073,103.94,1.0,100,1
TXN_45067,USER_7294,98.8,1.0,100,1
TXN_35485,USER_5544,84.36,1.0,100,1
TXN_26121,USER_2932,207.39,1.0,100,1
TXN_23417,USER_1900,131.45,1.0,100,1
TXN_1761,USER_2343,49.56,1.0,100,1
TXN_37461,USER_2742,81.44,1.0,100,1
TXN_27259,USER_5681,285.25,1.0,100,1
TXN_37984,USER_1865,115.32,1.0,100,1
TXN_40853,USER_2925,70.34,1.0,100,1
TXN_44815,USER_2369,50.71,1.0,100,1
TXN_36517,USER_7365,7.62,1.0,100,1
TXN_21216,USER_9048,50.67,1.0,100,1
TXN_6671,USER_8799,175.77,1.0,100,1
TXN_8561,USER_2420,78.83,1.0,100,1
TXN_40190,USER_4298,0.91,1.0,100,1
TXN_44710,USER_5060,155.04,1.0,100,1
TXN_42255,USER_6636,81.78,1.0,100,1
TXN_2588,USER_6476,44.55,1.0,100,1
TXN_29243,USER_6157,442.69,1.0,100,1
TXN_21469,USER_4322,65.94,1.0,100,1
TXN_8135,USER_4138,273.17,1.0,100,1
TXN_16169,USER_7643,299.85,1.0,100,1
TXN_17657,USER_9519,204.36,1.0,100,1
TXN_49671,USER_6536,182.65,1.0,100,1
TXN_49293,USER_9438,75.86,1.0,100,1
TXN_19705,USER_8888,219.49,1.0,100,1
TXN_1334,USER_8009,78.07,1.0,100,1
TXN_7078,USER_4385,7.07,1.0,100,1
TXN_1288,USER_5133,16.41,1.0,100,1
TXN_14623,USER_2267,11.24,1.0,100,1
TXN_697,USER_1671,80.7,1.0,100,1
TXN_32421,USER_9326,34.73,1.0,100,1
TXN_28077,USER_4847,477.56,1.0,100,1
TXN_49206,USER_7473,81.73,1.0,100,1
TXN_12066,USER_6630,45.72,1.0,100,1
TXN_5384,USER_1151,22.25,1.0,100,1
TXN_12520,USER_1987,100.94,1.0,100,1
TXN_46896,USER_1496,71.89,1.0,100,1
TXN_46730,USER_7873,85.29,1.0,100,1
TXN_17867,USER_4429,13.97,1.0,100,1
TXN_39074,USER_1465,72.4,1.0,100,1
TXN_21660,USER_2563,57.76,1.0,100,1
TXN_30034,USER_8723,32.13,1.0,100,1
TXN_12108,USER_4992,41.64,1.0,100,1
TXN_37171,USER_5455,11.28,1.0,100,1
TXN_29775,USER_9857,9.41,1.0,100,1
TXN_38286,USER_8868,58.66,1.0,100,1
TXN_19484,USER_7210,135.17,1.0,100,1
TXN_12649,USER_4412,107.39,1.0,100,1
TXN_37644,USER_2759,13.29,1.0,100,1
TXN_40482,USER_1661,123.87,1.0,100,1
TXN_4341,USER_6877,2.96,1.0,100,1
TXN_32537,USER_2116,9.49,1.0,100,1
TXN_9000,USER_1562,151.41,1.0,100,1
TXN_2896,USER_5888,37.38,1.0,100,1
TXN_16380,USER_7998,124.29,1.0,100,1
TXN_3128,USER_3161,5.2,1.0,100,1
TXN_46530,USER_6511,358.55,1.0,100,1
TXN_7320,USER_8740,46.37,1.0,100,1
TXN_43946,USER_2395,135.65,1.0,100,1
TXN_25667,USER_1293,62.83,1.0,100,1
TXN_34412,USER_5558,42.69,1.0,100,1
TXN_39165,USER_3276,2.41,1.0,100,1
TXN_36150,USER_8597,97.52,1.0,100,1
TXN_9785,USER_4898,33.23,1.0,100,1
TXN_37903,USER_2775,84.22,1.0,100,1
TXN_12534,USER_2639,86.7,1.0,100,1
TXN_38068,USER_5483,33.13,1.0,100,1
TXN_46993,USER_3854,193.93,1.0,100,1
TXN_32618,USER_2043,205.74,1.0,100,1
TXN_42774,USER_3825,67.83,1.0,100,1
TXN_34530,USER_8321,0.92,1.0,100,1
TXN_39313,USER_2527,24.25,1.0,100,1
TXN_2449,USER_6717,162.96,1.0,100,1
TXN_4322,USER_3941,0.54,1.0,100,1
TXN_27481,USER_9111,12.02,1.0,100,1
TXN_1204,USER_8694,19.5,1.0,100,1
TXN_10371,USER_2953,82.82,1.0,100,1
TXN_41583,USER_5829,180.24,1.0,100,1
TXN_1203,USER_9230,9.0,1.0,100,1
TXN_17663,USER_1956,50.65,1.0,100,1
TXN_6528,USER_2316,31.12,1.0,100,1
TXN_37693,USER_7941,160.23,1.0,100,1
TXN_37342,USER_8042,22.84,1.0,100,1
TXN_34102,USER_1442,4.37,1.0,100,1
TXN_30618,USER_1604,66.12,1.0,100,1
TXN_26923,USER_1119,37.57,1.0,100,1
TXN_15273,USER_8279,57.18,1.0,100,1
TXN_33273,USER_9684,92.68,1.0,100,1
TXN_38319,USER_1213,116.08,1.0,100,1
TXN_45735,USER_2405,70.74,1.0,100,1
TXN_43801,USER_8164,7.26,1.0,100,1
TXN_29196,USER_6417,45.46,1.0,100,1
TXN_18245,USER_9437,26.38,1.0,100,1
TXN_5490,USER_5275,4.55,1.0,100,1
TXN_25606,USER_1105,21.24,1.0,100,1
TXN_14453,USER_7654,78.27,1.0,100,1
TXN_6225,USER_3970,66.92,1.0,100,1
TXN_3660,USER_4645,42.9,1.0,100,1
TXN_17342,USER_3519,35.28,1.0,100,1
TXN_21135,USER_8425,35.13,1.0,100,1
TXN_49211,USER_2059,85.26,1.0,100,1
TXN_32566,USER_5796,137.39,1.0,100,1
TXN_41660,USER_5590,23.42,1.0,100,1
TXN_43267,USER_2793,339.61,1.0,100,1
TXN_3820,USER_8175,46.87,1.0,100,1
TXN_7602,USER_7794,18.13,1.0,100,1
TXN_43521,USER_7986,227.72,1.0,100,1
TXN_15421,USER_7732,60.09,1.0,100,1
TXN_5371,USER_6471,96.25,1.0,100,1
TXN_36574,USER_8894,10.88,1.0,100,1
TXN_21632,USER_3063,112.6,1.0,100,1
TXN_24263,USER_2990,29.32,1.0,100,1
TXN_32098,USER_8710,136.84,1.0,100,1
TXN_49139,USER_5792,37.92,1.0,100,1
TXN_7091,USER_6153,42.16,1.0,100,1
TXN_27517,USER_2575,17.94,1.0,100,1
TXN_8970,USER_6497,18.06,1.0,100,1
TXN_9905,USER_6879,156.85,1.0,100,1
TXN_20668,USER_6517,42.05,1.0,100,1
TXN_21851,USER_5926,55.95,1.0,100,1
TXN_11919,USER_9767,25.56,1.0,100,1
TXN_20254,USER_9064,134.77,1.0,100,1
TXN_21595,USER_7064,30.06,1.0,100,1
TXN_14651,USER_4266,91.63,1.0,100,1
TXN_13991,USER_4061,269.67,1.0,100,1
TXN_34163,USER_9895,162.11,1.0,100,1
TXN_42741,USER_2144,147.99,1.0,100,1
TXN_3155,USER_1270,43.71,1.0,100,1
TXN_30468,USER_6856,1.96,1.0,100,1
TXN_34900,USER_9445,22.31,1.0,100,1
TXN_10542,USER_2620,43.38,1.0,100,1
TXN_12075,USER_4599,32.28,1.0,100,1
TXN_35120,USER_9904,255.48,1.0,100,1
TXN_38135,USER_1471,45.94,1.0,100,1
TXN_10331,USER_9888,248.82,1.0,100,1
TXN_9576,USER_1559,217.02,1.0,100,1
TXN_11105,USER_8635,247.44,1.0,100,1
TXN_40623,USER_1720,243.87,1.0,100,1
TXN_43583,USER_7960,3.52,1.0,100,1
TXN_3481,USER_6103,48.59,1.0,100,1
TXN_41678,USER_8657,73.87,1.0,100,1
TXN_17680,USER_5836,29.51,1.0,100,1
TXN_19042,USER_1828,94.2,1.0,100,1
TXN_42387,USER_4881,180.39,1.0,100,1
TXN_15341,USER_1716,103.69,1.0,100,1
TXN_1758,USER_8421,45.55,1.0,100,1
TXN_11260,USER_6967,17.45,1.0,100,1
TXN_39576,USER_2966,291.73,1.0,100,1
TXN_1526,USER_5703,103.97,1.0,100,1
TXN_13270,USER_1176,510.43,1.0,100,1
TXN_26773,USER_2662,32.18,1.0,100,1
TXN_16213,USER_4539,149.61,1.0,100,1
TXN_16969,USER_1325,125.31,1.0,100,1
TXN_24909,USER_5436,9.19,1.0,100,1
TXN_19030,USER_2830,163.5,1.0,100,1
TXN_7769,USER_3431,137.87,1.0,100,1
TXN_20573,USER_6406,139.53,1.0,100,1
TXN_31726,USER_5932,106.62,1.0,100,1
TXN_43067,USER_2088,420.35,1.0,100,1
TXN_8111,USER_3666,4.62,1.0,100,1
TXN_12484,USER_4084,176.18,1.0,100,1
TXN_12513,USER_6251,51.91,1.0,100,1
TXN_15652,USER_5279,254.73,1.0,100,1
TXN_45121,USER_1365,178.99,1.0,100,1
TXN_22605,USER_2938,40.42,1.0,100,1
TXN_20479,USER_6116,78.7,1.0,100,1
TXN_22629,USER_1860,91.91,1.0,100,1
TXN_43095,USER_5357,22.72,1.0,100,1
TXN_3451,USER_3912,34.0,1.0,100,1
TXN_40225,USER_7085,286.74,1.0,100,1
TXN_33321,USER_3967,162.56,1.0,100,1
TXN_21215,USER_8476,97.2,1.0,100,1
TXN_42704,USER_2840,61.69,1.0,100,1
TXN_47620,USER_1935,123.69,1.0,100,1
TXN_23452,USER_7460,76.54,1.0,100,1
TXN_36265,USER_7261,0.81,1.0,100,1
TXN_1251,USER_6690,66.81,1.0,100,1
TXN_36946,USER_9046,325.07,1.0,100,1
TXN_16610,USER_8612,277.76,1.0,100,1
TXN_7215,USER_6780,39.37,1.0,100,1
TXN_19107,USER_1234,3.21,1.0,100,1
TXN_24664,USER_6801,15.61,1.0,100,1
TXN_18834,USER_8872,192.47,1.0,100,1
TXN_13353,USER_4999,19.62,1.0,100,1
TXN_8725,USER_9630,67.03,1.0,100,1
TXN_25296,USER_9572,10.16,1.0,100,1
TXN_264,USER_8022,21.0,1.0,100,1
TXN_35663,USER_4884,42.29,1.0,100,1
TXN_19241,USER_7918,29.28,1.0,100,1
TXN_7840,USER_1364,17.59,1.0,100,1
TXN_35134,USER_2393,53.18,1.0,100,1
TXN_16540,USER_5878,62.57,1.0,100,1
TXN_14091,USER_6611,162.07,1.0,100,1
TXN_48412,USER_6728,341.39,1.0,100,1
TXN_9116,USER_8127,126.85,1.0,100,1
TXN_40535,USER_4044,187.91,1.0,100,1
TXN_42994,USER_5933,72.54,1.0,100,1
TXN_48406,USER_1397,67.41,1.0,100,1
TXN_49799,USER_7402,47.03,1.0,100,1
TXN_35126,USER_5191,98.17,1.0,100,1
TXN_36036,USER_3754,61.36,1.0,100,1
TXN_6768,USER_5466,8.5,1.0,100,1
TXN_13831,USER_4194,172.69,1.0,100,1
TXN_6746,USER_9314,140.56,1.0,100,1
TXN_34934,USER_4771,333.21,1.0,100,1
TXN_31265,USER_5224,35.29,1.0,100,1
TXN_19625,USER_9947,59.86,1.0,100,1
TXN_11677,USER_5638,263.18,1.0,100,1
TXN_30975,USER_9101,98.15,1.0,100,1
TXN_25210,USER_5945,113.09,1.0,100,1
TXN_17779,USER_3570,63.63,1.0,100,1
TXN_4641,USER_9792,5.78,1.0,100,1
TXN_41894,USER_5748,400.02,1.0,100,1
TXN_24666,USER_8785,64.88,1.0,100,1
TXN_27859,USER_9752,40.63,1.0,100,1
TXN_42695,USER_3230,57.23,1.0,100,1
TXN_39285,USER_4839,130.58,1.0,100,1
TXN_3965,USER_1348,183.4,1.0,100,1
TXN_9508,USER_6120,163.39,1.0,100,1
TXN_26670,USER_4489,232.19,1.0,100,1
TXN_25987,USER_2262,88.75,1.0,100,1
TXN_42519,USER_1173,210.22,1.0,100,1
TXN_34202,USER_3749,189.87,1.0,100,1
TXN_6596,USER_5133,52.93,1.0,100,1
TXN_13938,USER_2445,361.94,1.0,100,1
TXN_44180,USER_3302,128.63,1.0,100,1
TXN_48557,USER_6699,3.52,1.0,100,1
TXN_24823,USER_7082,449.46,1.0,100,1
TXN_26228,USER_5355,364.28,1.0,100,1
TXN_12784,USER_3731,22.37,1.0,100,1
TXN_19979,USER_4665,89.16,1.0,100,1
TXN_10984,USER_2942,141.32,1.0,100,1
TXN_3165,USER_1278,45.55,1.0,100,1
TXN_5992,USER_5421,197.44,1.0,100,1
TXN_43262,USER_9720,75.21,1.0,100,1
TXN_3406,USER_9089,42.46,1.0,100,1
TXN_26537,USER_8277,11.43,1.0,100,1
TXN_23349,USER_4559,117.68,1.0,100,1
TXN_34732,USER_8742,20.67,1.0,100,1
TXN_16019,USER_4168,62.25,1.0,100,1
TXN_45945,USER_6382,105.34,1.0,100,1
TXN_6264,USER_3441,39.11,1.0,100,1
TXN_25986,USER_3938,88.15,1.0,100,1
TXN_48116,USER_5832,42.23,1.0,100,1
TXN_30130,USER_6760,237.25,1.0,100,1
TXN_32380,USER_7205,125.58,1.0,100,1
TXN_23337,USER_3475,1.56,1.0,100,1
TXN_21429,USER_8068,52.94,1.0,100,1
TXN_34149,USER_1521,59.87,1.0,100,1
TXN_40664,USER_8188,167.34,1.0,100,1
TXN_4254,USER_6316,167.77,1.0,100,1
TXN_16239,USER_9041,83.2,1.0,100,1
TXN_35799,USER_8273,45.31,1.0,100,1
TXN_39761,USER_1315,49.08,1.0,100,1
TXN_38250,USER_3804,151.58,1.0,100,1
TXN_703,USER_5777,28.23,1.0,100,1
TXN_43722,USER_3412,15.21,1.0,100,1
TXN_22489,USER_7900,403.4,1.0,100,1
TXN_22862,USER_3093,119.99,1.0,100,1
TXN_21366,USER_9390,16.74,1.0,100,1
TXN_45195,USER_1101,83.34,1.0,100,1
TXN_41119,USER_9048,35.12,1.0,100,1
TXN_47163,USER_9519,18.61,1.0,100,1
TXN_22146,USER_6601,17.39,1.0,100,1
TXN_5740,USER_9963,24.51,1.0,100,1
TXN_33029,USER_1098,105.18,1.0,100,1
TXN_30714,USER_7716,21.78,1.0,100,1
TXN_1026,USER_7612,60.86,1.0,100,1
TXN_39946,USER_5194,98.85,1.0,100,1
TXN_35264,USER_1747,182.11,1.0,100,1
TXN_1296,USER_6068,32.57,1.0,100,1
TXN_7792,USER_8598,13.78,1.0,100,1
TXN_6604,USER_5868,92.46,1.0,100,1
TXN_49282,USER_7268,42.39,1.0,100,1
TXN_21407,USER_2287,84.98,1.0,100,1
TXN_43500,USER_4662,169.75,1.0,100,1
TXN_27852,USER_1805,67.06,1.0,100,1
TXN_28749,USER_6518,73.88,1.0,100,1
TXN_37178,USER_8381,111.56,1.0,100,1
TXN_43331,USER_4035,17.61,1.0,100,1
TXN_19896,USER_1247,4.12,1.0,100,1
TXN_16441,USER_9945,80.2,1.0,100,1
TXN_17871,USER_7767,166.08,1.0,100,1
TXN_43090,USER_9268,90.94,1.0,100,1
TXN_21970,USER_2334,5.73,1.0,100,1
TXN_5107,USER_6806,234.71,1.0,100,1
TXN_25078,USER_9688,139.67,1.0,100,1
TXN_5858,USER_6724,19.38,1.0,100,1
TXN_23534,USER_6599,181.75,1.0,100,1
TXN_33354,USER_5431,173.46,1.0,100,1
TXN_32842,USER_9549,138.78,1.0,100,1
TXN_33544,USER_7693,121.8,1.0,100,1
TXN_48080,USER_8453,17.31,1.0,100,1
TXN_20260,USER_2013,136.88,1.0,100,1
TXN_19548,USER_7487,22.35,1.0,100,1
TXN_32968,USER_6496,74.4,1.0,100,1
TXN_5915,USER_1343,122.96,1.0,100,1
TXN_32789,USER_1405,64.38,1.0,100,1
TXN_45192,USER_2970,226.35,1.0,100,1
TXN_9473,USER_2793,223.83,1.0,100,1
TXN_139,USER_2306,28.7,1.0,100,1
TXN_1815,USER_1148,485.05,1.0,100,1
TXN_1387,USER_6626,167.84,1.0,100,1
TXN_44237,USER_7216,47.44,1.0,100,1
TXN_41388,USER_1811,41.79,1.0,100,1
TXN_34103,USER_7394,95.64,1.0,100,1
TXN_34608,USER_4428,91.76,1.0,100,1
TXN_46791,USER_2264,79.04,1.0,100,1
TXN_20722,USER_4340,19.28,1.0,100,1
TXN_25797,USER_9387,72.15,1.0,100,1
TXN_19021,USER_8716,76.15,1.0,100,1
TXN_26065,USER_1664,137.73,1.0,100,1
TXN_49245,USER_8268,32.18,1.0,100,1
TXN_29136,USER_6041,72.7,1.0,100,1
TXN_36213,USER_4666,157.75,1.0,100,1
TXN_9525,USER_9179,76.75,1.0,100,1
TXN_12246,USER_5833,66.21,1.0,100,1
TXN_3033,USER_6685,72.28,1.0,100,1
TXN_12080,USER_7513,144.64,1.0,100,1
TXN_11976,USER_1839,13.41,1.0,100,1
TXN_30705,USER_1091,87.53,1.0,100,1
TXN_4620,USER_2907,51.19,1.0,100,1
TXN_32727,USER_6351,79.61,1.0,100,1
TXN_44177,USER_1789,30.66,1.0,100,1
TXN_26359,USER_2218,101.9,1.0,100,1
TXN_46376,USER_1711,136.27,1.0,100,1
TXN_27316,USER_5805,127.76,1.0,100,1
TXN_36272,USER_5643,102.51,1.0,100,1
TXN_5162,USER_8236,104.6,1.0,100,1
TXN_36274,USER_2925,28.36,1.0,100,1
TXN_15885,USER_8670,331.99,1.0,100,1
TXN_17758,USER_9689,11.78,1.0,100,1
TXN_39743,USER_6264,19.29,1.0,100,1
TXN_2215,USER_6560,18.4,1.0,100,1
TXN_29673,USER_7767,15.7,1.0,100,1
TXN_38835,USER_7798,112.0,1.0,100,1
TXN_1275,USER_1892,133.01,1.0,100,1
TXN_45820,USER_9964,148.69,1.0,100,1
TXN_22649,USER_9195,9.67,1.0,100,1
TXN_40548,USER_9412,33.5,1.0,100,1
TXN_33338,USER_3038,75.14,1.0,100,1
TXN_5705,USER_8242,62.0,1.0,100,1
TXN_21206,USER_3823,27.58,1.0,100,1
TXN_42619,USER_6093,18.32,1.0,100,1
TXN_9094,USER_7302,60.54,1.0,100,1
TXN_28594,USER_7813,250.46,1.0,100,1
TXN_20315,USER_6512,12.61,1.0,100,1
TXN_990,USER_3065,179.9,1.0,100,1
TXN_12774,USER_5800,55.52,1.0,100,1
TXN_11149,USER_4413,263.0,1.0,100,1
TXN_27889,USER_9827,323.26,1.0,100,1
TXN_21156,USER_5616,259.84,1.0,100,1
TXN_44937,USER_3454,113.71,1.0,100,1
TXN_42325,USER_1385,33.96,1.0,100,1
TXN_35837,USER_4658,16.22,1.0,100,1
TXN_45334,USER_6019,16.98,1.0,100,1
TXN_22964,USER_4383,216.42,1.0,100,1
TXN_15878,USER_2070,121.16,1.0,100,1
TXN_45428,USER_5972,23.11,1.0,100,1
TXN_33303,USER_6147,19.87,1.0,100,1
TXN_16596,USER_8088,107.6,1.0,100,1
TXN_11895,USER_9990,773.12,1.0,100,1
TXN_47629,USER_9521,8.77,1.0,100,1
TXN_35657,USER_2249,68.29,1.0,100,1
TXN_42118,USER_9107,15.82,1.0,100,1
TXN_17366,USER_4191,67.54,1.0,100,1
TXN_11501,USER_3978,251.82,1.0,100,1
TXN_34480,USER_7950,34.26,1.0,100,1
TXN_13128,USER_8559,66.9,1.0,100,1
TXN_21978,USER_6564,169.58,1.0,100,1
TXN_13626,USER_9825,9.26,1.0,100,1
TXN_35003,USER_8948,91.4,1.0,100,1
TXN_27178,USER_3852,110.22,1.0,100,1
TXN_25652,USER_9027,97.88,1.0,100,1
TXN_2074,USER_8295,31.1,1.0,100,1
TXN_19034,USER_3434,4.55,1.0,100,1
TXN_33185,USER_6101,280.61,1.0,100,1
TXN_18746,USER_1137,110.76,1.0,100,1
TXN_15801,USER_8476,129.43,1.0,100,1
TXN_2390,USER_5628,10.24,1.0,100,1
TXN_20464,USER_2098,252.87,1.0,100,1
TXN_43040,USER_4723,48.94,1.0,100,1
TXN_18466,USER_1187,290.29,1.0,100,1
TXN_7057,USER_1223,23.55,1.0,100,1
TXN_8099,USER_6969,34.59,1.0,100,1
TXN_24699,USER_5069,36.72,1.0,100,1
TXN_16132,USER_6389,29.9,1.0,100,1
TXN_48517,USER_5289,127.72,1.0,100,1
TXN_23215,USER_7203,33.39,1.0,100,1
TXN_9556,USER_2018,20.82,1.0,100,1
TXN_14734,USER_4897,168.99,1.0,100,1
TXN_7589,USER_4758,10.06,1.0,100,1
TXN_39367,USER_1228,57.2,1.0,100,1
TXN_37901,USER_2443,164.27,1.0,100,1
TXN_35467,USER_6605,9.6,1.0,100,1
TXN_17078,USER_1885,116.55,1.0,100,1
TXN_8019,USER_7200,107.59,1.0,100,1
TXN_23759,USER_7758,5.04,1.0,100,1
TXN_6977,USER_6114,39.89,1.0,100,1
TXN_47977,USER_5295,22.12,1.0,100,1
TXN_27706,USER_9937,274.16,1.0,100,1
TXN_12309,USER_2099,74.1,1.0,100,1
TXN_15002,USER_3128,59.38,1.0,100,1
TXN_3725,USER_9490,27.12,1.0,100,1
TXN_36622,USER_6783,129.39,1.0,100,1
TXN_33847,USER_9863,23.8,1.0,100,1
TXN_13839,USER_3959,21.4,1.0,100,1
TXN_6934,USER_2824,40.22,1.0,100,1
TXN_43611,USER_4534,436.34,1.0,100,1
TXN_10863,USER_8798,0.0,1.0,100,1
TXN_25111,USER_6985,91.73,1.0,100,1
TXN_2078,USER_8353,200.03,1.0,100,1
TXN_37850,USER_9775,114.83,1.0,100,1
TXN_47103,USER_4376,127.89,1.0,100,1
TXN_33915,USER_1809,159.66,1.0,100,1
TXN_1730,USER_7295,95.92,1.0,100,1
TXN_47686,USER_7164,496.28,1.0,100,1
TXN_41357,USER_4949,42.18,1.0,100,1
TXN_1981,USER_1078,17.79,1.0,100,1
TXN_9539,USER_8436,111.44,1.0,100,1
TXN_12478,USER_3894,141.42,1.0,100,1
TXN_38476,USER_4599,40.37,1.0,100,1
TXN_36838,USER_6316,81.07,1.0,100,1
TXN_42410,USER_9172,75.85,1.0,100,1
TXN_25228,USER_3923,134.42,1.0,100,1
TXN_2168,USER_7397,100.38,1.0,100,1
TXN_38251,USER_8990,119.1,1.0,100,1
TXN_30148,USER_9768,31.23,1.0,100,1
TXN_23630,USER_3841,78.29,1.0,100,1
TXN_18865,USER_2633,130.28,1.0,100,1
TXN_32547,USER_2403,42.53,1.0,100,1
TXN_10138,USER_4765,342.24,1.0,100,1
TXN_34025,USER_3797,20.42,1.0,100,1
TXN_48352,USER_1186,59.56,1.0,100,1
TXN_12063,USER_4596,323.05,1.0,100,1
TXN_14057,USER_3630,130.07,1.0,100,1
TXN_9802,USER_7437,122.74,1.0,100,1
TXN_4463,USER_3077,191.19,1.0,100,1
TXN_37345,USER_8858,110.98,1.0,100,1
TXN_42757,USER_9159,46.39,1.0,100,1
TXN_38786,USER_6556,16.37,1.0,100,1
TXN_17222,USER_7638,10.35,1.0,100,1
TXN_23436,USER_6615,110.75,1.0,100,1
TXN_837,USER_6951,22.13,1.0,100,1
TXN_36899,USER_2146,24.89,1.0,100,1
TXN_18200,USER_7569,148.3,1.0,100,1
TXN_5191,USER_7001,6.1,1.0,100,1
TXN_34876,USER_9813,106.83,1.0,100,1
TXN_5532,USER_6204,5.48,1.0,100,1
TXN_5623,USER_1942,35.06,1.0,100,1
TXN_22374,USER_7886,259.25,1.0,100,1
TXN_1202,USER_8126,134.53,1.0,100,1
TXN_26036,USER_2657,363.49,1.0,100,1
TXN_47387,USER_3805,217.94,1.0,100,1
TXN_47814,USER_5890,1.49,1.0,100,1
TXN_13559,USER_7437,194.05,1.0,100,1
TXN_28340,USER_2428,57.58,1.0,100,1
TXN_361,USER_6177,188.7,1.0,100,1
TXN_34652,USER_7021,26.51,1.0,100,1
TXN_40963,USER_5973,32.09,1.0,100,1
TXN_5092,USER_4158,237.36,1.0,100,1
TXN_26963,USER_7115,33.43,1.0,100,1
TXN_13817,USER_6242,40.07,1.0,100,1
TXN_32185,USER_8699,395.04,1.0,100,1
TXN_36375,USER_9911,45.53,1.0,100,1
TXN_21010,USER_5687,7.29,1.0,100,1
TXN_35078,USER_7134,41.52,1.0,100,1
TXN_16359,USER_6693,103.69,1.0,100,1
TXN_11166,USER_3324,100.38,1.0,100,1
TXN_3386,USER_1082,144.5,1.0,100,1
TXN_24997,USER_1166,20.31,1.0,100,1
TXN_7403,USER_7849,116.13,1.0,100,1
TXN_21001,USER_1536,20.42,1.0,100,1
TXN_12833,USER_5251,201.29,1.0,100,1
TXN_28630,USER_3701,87.65,1.0,100,1
TXN_27287,USER_1958,11.03,1.0,100,1
TXN_40630,USER_5864,71.95,1.0,100,1
TXN_33562,USER_4274,36.28,1.0,100,1
TXN_17979,USER_5557,113.15,1.0,100,1
TXN_13827,USER_2235,2.92,1.0,100,1
TXN_4472,USER_9745,28.82,1.0,100,1
TXN_36977,USER_5003,84.7,1.0,100,1
TXN_17683,USER_1542,56.37,1.0,100,1
TXN_4208,USER_7289,13.16,1.0,100,1
TXN_4468,USER_1297,50.51,1.0,100,1
TXN_13063,USER_6475,235.8,1.0,100,1
TXN_36240,USER_1023,82.24,1.0,100,1
TXN_16294,USER_3977,0.6,1.0,100,1
TXN_5735,USER_5002,98.35,1.0,100,1
TXN_43314,USER_7244,59.02,1.0,100,1
TXN_3781,USER_2448,31.47,1.0,100,1
TXN_2391,USER_7370,15.15,1.0,100,1
TXN_2252,USER_5624,28.01,1.0,100,1
TXN_33341,USER_9223,14.67,1.0,100,1
TXN_22839,USER_3679,338.27,1.0,100,1
TXN_20267,USER_2308,40.02,1.0,100,1
TXN_37933,USER_4509,38.49,1.0,100,1
TXN_14655,USER_6428,570.47,1.0,100,1
TXN_31141,USER_8912,13.28,1.0,100,1
TXN_1677,USER_2177,36.21,1.0,100,1
TXN_42265,USER_6690,72.94,1.0,100,1
TXN_42661,USER_4248,98.83,1.0,100,1
TXN_32065,USER_2992,65.09,1.0,100,1
TXN_10030,USER_1759,36.33,1.0,100,1
TXN_14208,USER_6701,29.57,1.0,100,1
TXN_26004,USER_2460,13.27,1.0,100,1
TXN_47445,USER_5662,132.86,1.0,100,1
TXN_42008,USER_9583,268.51,1.0,100,1
TXN_39342,USER_7979,1.36,1.0,100,1
TXN_12245,USER_8595,148.35,1.0,100,1
TXN_11277,USER_1105,78.04,1.0,100,1
TXN_7623,USER_8310,143.11,1.0,100,1
TXN_17856,USER_8513,17.09,1.0,100,1
TXN_25243,USER_1607,30.67,1.0,100,1
TXN_27129,USER_9935,79.51,1.0,100,1
TXN_17381,USER_8786,16.33,1.0,100,1
TXN_5484,USER_6253,100.26,1.0,100,1
TXN_53,USER_2021,116.79,1.0,100,1
TXN_28751,USER_4166,0.33,1.0,100,1
TXN_29922,USER_9767,208.72,1.0,100,1
TXN_23159,USER_6679,2.88,1.0,100,1
TXN_16572,USER_1810,22.54,1.0,100,1
TXN_47443,USER_6653,104.07,1.0,100,1
TXN_30415,USER_8164,22.08,1.0,100,1
TXN_47116,USER_7718,38.03,1.0,100,1
TXN_24498,USER_2833,58.43,1.0,100,1
TXN_5897,USER_7567,33.6,1.0,100,1
TXN_17242,USER_7577,65.06,1.0,100,1
TXN_11181,USER_9035,116.22,1.0,100,1
TXN_16899,USER_2225,68.33,1.0,100,1
TXN_48833,USER_1240,35.63,1.0,100,1
TXN_23158,USER_3921,218.55,1.0,100,1
TXN_40844,USER_9730,11.25,1.0,100,1
TXN_4140,USER_1310,93.23,1.0,100,1
TXN_38662,USER_8252,205.13,1.0,100,1
TXN_21812,USER_7387,71.6,1.0,100,1
TXN_39408,USER_3934,2.51,1.0,100,1
TXN_22896,USER_3589,125.32,1.0,100,1
TXN_16431,USER_2205,35.73,1.0,100,1
TXN_47874,USER_4034,6.81,1.0,100,1
TXN_81,USER_6463,73.63,1.0,100,1
TXN_8408,USER_4542,92.14,1.0,100,1
TXN_8944,USER_5419,203.43,1.0,100,1
TXN_33155,USER_2750,74.41,1.0,100,1
TXN_23947,USER_2008,0.14,1.0,100,1
TXN_20576,USER_8098,19.91,1.0,100,1
TXN_37365,USER_8747,22.35,1.0,100,1
TXN_8285,USER_9899,0.84,1.0,100,1
TXN_30221,USER_6124,137.61,1.0,100,1
TXN_33394,USER_7920,1.5,1.0,100,1
TXN_25929,USER_2622,52.01,1.0,100,1
TXN_37054,USER_4563,61.79,1.0,100,1
TXN_45089,USER_9402,88.13,1.0,100,1
TXN_2931,USER_7469,135.76,1.0,100,1
TXN_26052,USER_2540,29.26,1.0,100,1
TXN_23715,USER_4188,165.28,1.0,100,1
TXN_3294,USER_5690,79.52,1.0,100,1
TXN_13801,USER_4603,37.51,1.0,100,1
TXN_36925,USER_1917,203.35,1.0,100,1
TXN_2834,USER_3828,53.26,1.0,100,1
TXN_15435,USER_2258,16.13,1.0,100,1
TXN_18291,USER_7880,243.91,1.0,100,1
TXN_8190,USER_5175,54.3,1.0,100,1
TXN_42716,USER_8409,163.88,1.0,100,1
TXN_16036,USER_5038,168.8,1.0,100,1
TXN_22154,USER_7501,45.53,1.0,100,1
TXN_35064,USER_8039,125.21,1.0,100,1
TXN_7794,USER_6872,59.06,1.0,100,1
TXN_13064,USER_2037,122.16,1.0,100,1
TXN_23680,USER_4774,8.69,1.0,100,1
TXN_16325,USER_3966,9.3,1.0,100,1
TXN_47,USER_9226,25.48,1.0,100,1
TXN_36503,USER_3086,148.76,1.0,100,1
TXN_39682,USER_1913,16.95,1.0,100,1
TXN_30655,USER_4922,119.19,1.0,100,1
TXN_47260,USER_5911,73.84,1.0,100,1
TXN_49868,USER_8654,44.76,1.0,100,1
TXN_31522,USER_3728,16.33,1.0,100,1
TXN_36229,USER_9365,162.22,1.0,100,1
TXN_43734,USER_8981,38.31,1.0,100,1
TXN_24367,USER_3687,158.87,1.0,100,1
TXN_23329,USER_1205,296.65,1.0,100,1
TXN_16268,USER_6700,203.65,1.0,100,1
TXN_32673,USER_2416,24.01,1.0,100,1
TXN_23820,USER_6193,340.87,1.0,100,1
TXN_37779,USER_9547,305.4,1.0,100,1
TXN_25509,USER_9217,94.5,1.0,100,1
TXN_34105,USER_1894,20.23,1.0,100,1
TXN_3013,USER_7410,32.43,1.0,100,1
TXN_18786,USER_5729,169.97,1.0,100,1
TXN_20940,USER_3802,12.81,1.0,100,1
TXN_47204,USER_6000,155.55,1.0,100,1
TXN_15347,USER_6740,186.16,1.0,100,1
TXN_10281,USER_1143,152.14,1.0,100,1
TXN_39556,USER_3886,11.56,1.0,100,1
TXN_5076,USER_4183,145.71,1.0,100,1
TXN_17011,USER_9265,218.15,1.0,100,1
TXN_27694,USER_4463,160.3,1.0,100,1
TXN_29501,USER_3021,94.94,1.0,100,1
TXN_35788,USER_6388,56.35,1.0,100,1
TXN_48987,USER_2084,70.63,1.0,100,1
TXN_9021,USER_4850,223.61,1.0,100,1
TXN_9041,USER_8545,296.13,1.0,100,1
TXN_41286,USER_3672,97.82,1.0,100,1
TXN_22571,USER_8715,166.18,1.0,100,1
TXN_32324,USER_3351,203.38,1.0,100,1
TXN_38804,USER_6574,3.8,1.0,100,1
TXN_39050,USER_6613,34.8,1.0,100,1
TXN_17646,USER_1356,37.31,1.0,100,1
TXN_24228,USER_5626,59.39,1.0,100,1
TXN_26818,USER_8973,108.44,1.0,100,1
TXN_37620,USER_9318,35.37,1.0,100,1
TXN_26642,USER_9853,67.28,1.0,100,1
TXN_5291,USER_9081,133.76,1.0,100,1
TXN_8425,USER_9606,246.32,1.0,100,1
TXN_41202,USER_2226,461.0,1.0,100,1
TXN_8141,USER_4139,49.39,1.0,100,1
TXN_43114,USER_8079,8.94,1.0,100,1
TXN_19452,USER_3122,88.22,1.0,100,1
TXN_11699,USER_1704,8.39,1.0,100,1
TXN_42320,USER_1747,55.89,1.0,100,1
TXN_17639,USER_8086,181.35,1.0,100,1
TXN_37457,USER_5257,0.35,1.0,100,1
TXN_36718,USER_8058,190.15,1.0,100,1
TXN_14754,USER_1252,167.44,1.0,100,1
TXN_16609,USER_3794,59.66,1.0,100,1
TXN_9003,USER_8862,92.93,1.0,100,1
TXN_22305,USER_7750,44.41,1.0,100,1
TXN_4066,USER_6305,0.53,1.0,100,1
TXN_23719,USER_6135,104.7,1.0,100,1
TXN_4238,USER_1757,53.65,1.0,100,1
TXN_33947,USER_1043,31.59,1.0,100,1
TXN_7954,USER_9282,120.6,1.0,100,1
TXN_44207,USER_7030,561.38,1.0,100,1
TXN_29198,USER_4873,175.47,1.0,100,1
TXN_26276,USER_8408,58.16,1.0,100,1
TXN_31293,USER_5178,194.2,1.0,100,1
TXN_4085,USER_2273,32.84,1.0,100,1
TXN_2876,USER_3624,61.29,1.0,100,1
TXN_39733,USER_6582,62.62,1.0,100,1
TXN_33345,USER_9298,26.08,1.0,100,1
TXN_13648,USER_6892,190.82,1.0,100,1
TXN_43686,USER_4426,275.5,1.0,100,1
TXN_31252,USER_9575,52.63,1.0,100,1
TXN_5485,USER_2996,62.43,1.0,100,1
TXN_5838,USER_6111,118.69,1.0,100,1
TXN_30456,USER_9096,139.09,1.0,100,1
TXN_30181,USER_8926,0.21,1.0,100,1
TXN_21895,USER_2700,335.56,1.0,100,1
TXN_21822,USER_2290,12.43,1.0,100,1
TXN_34322,USER_9088,116.93,1.0,100,1
TXN_16734,USER_2327,61.21,1.0,100,1
TXN_49477,USER_3036,30.28,1.0,100,1
TXN_39002,USER_3988,47.03,1.0,100,1
TXN_23687,USER_8663,31.53,1.0,100,1
TXN_21626,USER_4200,2.57,1.0,100,1
TXN_21995,USER_2874,69.34,1.0,100,1
TXN_33386,USER_8117,29.15,1.0,100,1
TXN_12538,USER_1703,0.3,1.0,100,1
TXN_23352,USER_3937,612.17,1.0,100,1
TXN_7362,USER_9934,83.32,1.0,100,1
TXN_23709,USER_6909,11.44,1.0,100,1
TXN_19809,USER_3995,36.27,1.0,100,1
TXN_8447,USER_5354,4.05,1.0,100,1
TXN_8651,USER_4718,83.22,1.0,100,1
TXN_33134,USER_1912,16.14,1.0,100,1
TXN_37231,USER_6255,452.11,1.0,100,1
TXN_19804,USER_7359,235.56,1.0,100,1
TXN_7317,USER_3514,126.69,1.0,100,1
TXN_41656,USER_5350,831.11,1.0,100,1
TXN_28586,USER_9499,68.46,1.0,100,1
TXN_32473,USER_2127,64.57,1.0,100,1
TXN_3941,USER_5405,88.92,1.0,100,1
TXN_22877,USER_1209,211.51,1.0,100,1
TXN_37730,USER_9321,120.08,1.0,100,1
TXN_13277,USER_5274,5.07,1.0,100,1
TXN_34170,USER_7307,197.33,1.0,100,1
TXN_4653,USER_9504,87.73,1.0,100,1
TXN_42827,USER_9537,6.5,1.0,100,1
TXN_49817,USER_9689,38.33,1.0,100,1
TXN_37561,USER_1912,72.56,1.0,100,1
TXN_41392,USER_1560,171.39,1.0,100,1
TXN_21982,USER_6005,84.65,1.0,100,1
TXN_28321,USER_5136,147.8,1.0,100,1
TXN_34851,USER_9064,0.07,1.0,100,1
TXN_37119,USER_6962,277.53,1.0,100,1
TXN_2140,USER_6433,121.52,1.0,100,1
TXN_29740,USER_9137,15.43,1.0,100,1
TXN_10959,USER_8897,50.66,1.0,100,1
TXN_15570,USER_8378,239.0,1.0,100,1
TXN_7010,USER_9290,247.44,1.0,100,1
TXN_17447,USER_1257,4.03,1.0,100,1
TXN_22709,USER_6173,83.19,1.0,100,1
TXN_25985,USER_2366,194.48,1.0,100,1
TXN_7863,USER_5477,53.26,1.0,100,1
TXN_7668,USER_4414,23.33,1.0,100,1
TXN_33925,USER_9132,27.29,1.0,100,1
TXN_21201,USER_9336,17.33,1.0,100,1
TXN_4061,USER_4176,81.48,1.0,100,1
TXN_25624,USER_7645,94.1,1.0,100,1
TXN_16168,USER_9187,145.34,1.0,100,1
TXN_25907,USER_3144,84.02,1.0,100,1
TXN_35898,USER_4018,256.72,1.0,100,1
TXN_42301,USER_7337,102.46,1.0,100,1
TXN_24471,USER_4379,98.98,1.0,100,1
TXN_35746,USER_3837,167.22,1.0,100,1
TXN_21843,USER_7386,158.19,1.0,100,1
TXN_3508,USER_3594,201.51,1.0,100,1
TXN_12902,USER_6049,119.78,1.0,100,1
TXN_23228,USER_1810,110.15,1.0,100,1
TXN_5799,USER_5428,149.23,1.0,100,1
TXN_41437,USER_5705,178.09,1.0,100,1
TXN_49896,USER_9220,25.26,1.0,100,1
TXN_41249,USER_5880,102.16,1.0,100,1
TXN_10747,USER_4343,65.63,1.0,100,1
TXN_7713,USER_4790,13.31,1.0,100,1
TXN_380,USER_8004,69.59,1.0,100,1
TXN_9016,USER_3800,131.09,1.0,100,1
TXN_48432,USER_4219,116.42,1.0,100,1
TXN_11626,USER_6774,295.99,1.0,100,1
TXN_4072,USER_3863,31.8,1.0,100,1
TXN_293,USER_7709,6.07,1.0,100,1
TXN_19532,USER_5003,408.39,1.0,100,1
TXN_33574,USER_4324,31.1,1.0,100,1
TXN_31863,USER_2185,265.37,1.0,100,1
TXN_2498,USER_3800,268.35,1.0,100,1
TXN_49050,USER_1654,26.06,1.0,100,1
TXN_32040,USER_9797,14.79,1.0,100,1
TXN_24894,USER_1222,10.46,1.0,100,1
TXN_47845,USER_5606,32.78,1.0,100,1
TXN_35806,USER_2289,197.6,1.0,100,1
TXN_41696,USER_7011,3.38,1.0,100,1
TXN_26102,USER_7593,15.6,1.0,100,1
TXN_48898,USER_5387,16.97,1.0,100,1
TXN_15842,USER_3565,13.26,1.0,100,1
TXN_36461,USER_6248,82.57,1.0,100,1
TXN_9152,USER_4897,1.23,1.0,100,1
TXN_49513,USER_6228,149.3,1.0,100,1
TXN_41233,USER_9043,72.59,1.0,100,1
TXN_48703,USER_2565,47.21,1.0,100,1
TXN_8186,USER_5150,24.87,1.0,100,1
TXN_26067,USER_1627,22.83,1.0,100,1
TXN_37590,USER_1436,471.45,1.0,100,1
TXN_11355,USER_8778,37.61,1.0,100,1
TXN_48311,USER_6315,109.17,1.0,100,1
TXN_6384,USER_2560,5.42,1.0,100,1
TXN_30264,USER_2332,108.56,1.0,100,1
TXN_11198,USER_2806,21.03,1.0,100,1
TXN_2697,USER_4835,144.4,1.0,100,1
TXN_14223,USER_9899,290.78,1.0,100,1
TXN_37050,USER_3926,58.18,1.0,100,1
TXN_5814,USER_5150,78.78,1.0,100,1
TXN_23629,USER_9180,91.29,1.0,100,1
TXN_47622,USER_9751,2.26,1.0,100,1
TXN_37593,USER_1308,44.34,1.0,100,1
TXN_8978,USER_1634,26.29,1.0,100,1
TXN_41607,USER_8245,127.38,1.0,100,1
TXN_41809,USER_8811,4.8,1.0,100,1
TXN_25265,USER_2263,71.81,1.0,100,1
TXN_6343,USER_4145,98.59,1.0,100,1
TXN_30296,USER_8235,153.83,1.0,100,1
TXN_19543,USER_6156,190.8,1.0,100,1
TXN_48093,USER_4738,9.1,1.0,100,1
TXN_17444,USER_1335,188.75,1.0,100,1
TXN_44480,USER_1666,175.95,1.0,100,1
TXN_27976,USER_7659,102.84,1.0,100,1
TXN_47700,USER_1157,25.46,1.0,100,1
TXN_21505,USER_6109,44.69,1.0,100,1
TXN_6327,USER_5025,11.19,1.0,100,1
TXN_13364,USER_5930,191.33,1.0,100,1
TXN_45656,USER_6306,103.89,1.0,100,1
TXN_5327,USER_7413,263.74,1.0,100,1
TXN_16452,USER_2419,217.38,1.0,100,1
TXN_37257,USER_1837,25.9,1.0,100,1
TXN_32013,USER_3548,32.86,1.0,100,1
TXN_40128,USER_2709,207.63,1.0,100,1
TXN_12434,USER_9095,26.31,1.0,100,1
TXN_31090,USER_2497,70.27,1.0,100,1
TXN_45306,USER_2364,12.79,1.0,100,1
TXN_12782,USER_4888,241.18,1.0,100,1
TXN_10697,USER_4427,36.72,1.0,100,1
TXN_35193,USER_3670,103.25,1.0,100,1
TXN_11964,USER_8336,68.9,1.0,100,1
TXN_34411,USER_9301,12.53,1.0,100,1
TXN_3119,USER_4929,116.73,1.0,100,1
TXN_17784,USER_1794,226.66,1.0,100,1
TXN_7651,USER_3877,53.76,1.0,100,1
TXN_11784,USER_4667,6.84,1.0,100,1
TXN_6777,USER_5491,79.05,1.0,100,1
TXN_46408,USER_1827,16.86,1.0,100,1
TXN_3410,USER_3424,439.78,1.0,100,1
TXN_8324,USER_5088,179.72,1.0,100,1
TXN_39149,USER_8978,104.59,1.0,100,1
TXN_24577,USER_1405,188.58,1.0,100,1
TXN_27104,USER_1760,74.11,1.0,100,1
TXN_17243,USER_6726,98.76,1.0,100,1
TXN_21231,USER_4868,159.77,1.0,100,1
TXN_26109,USER_5797,114.63,1.0,100,1
TXN_29349,USER_6142,21.59,1.0,100,1
TXN_4728,USER_6476,108.2,1.0,100,1
TXN_7241,USER_9002,126.78,1.0,100,1
TXN_22471,USER_9010,168.7,1.0,100,1
TXN_1830,USER_3496,2.99,1.0,100,1
TXN_10090,USER_1665,36.86,1.0,100,1
TXN_31825,USER_5075,154.47,1.0,100,1
TXN_43452,USER_5009,375.59,1.0,100,1
TXN_895,USER_3891,282.85,1.0,100,1
TXN_37870,USER_3246,1.07,1.0,100,1
TXN_43748,USER_6017,140.48,1.0,100,1
TXN_30368,USER_7345,42.79,1.0,100,1
TXN_20357,USER_2628,84.11,1.0,100,1
TXN_34438,USER_1511,4.96,1.0,100,1
TXN_31152,USER_4995,12.39,1.0,100,1
TXN_46982,USER_9980,16.57,1.0,100,1
TXN_4929,USER_3881,96.27,1.0,100,1
TXN_39376,USER_5194,229.88,1.0,100,1
TXN_23809,USER_9014,200.71,1.0,100,1
TXN_46411,USER_6091,9.51,1.0,100,1
TXN_18718,USER_4819,75.95,1.0,100,1
TXN_21475,USER_5167,4.88,1.0,100,1
TXN_33343,USER_4568,6.49,1.0,100,1
TXN_10730,USER_5606,0.87,1.0,100,1
TXN_14830,USER_2372,55.93,1.0,100,1
TXN_4825,USER_2079,60.4,1.0,100,1
TXN_45775,USER_7988,50.69,1.0,100,1
TXN_8215,USER_7429,68.59,1.0,100,1
TXN_39836,USER_8600,1.63,1.0,100,1
TXN_29864,USER_7914,92.17,1.0,100,1
TXN_31717,USER_4723,82.66,1.0,100,1
TXN_9858,USER_2609,16.94,1.0,100,1
TXN_35677,USER_7028,16.34,1.0,100,1
TXN_18532,USER_1301,6.38,1.0,100,1
TXN_24705,USER_2076,146.19,1.0,100,1
TXN_9418,USER_1092,26.44,1.0,100,1
TXN_31242,USER_1838,320.15,1.0,100,1
TXN_25724,USER_2530,3.45,1.0,100,1
TXN_20845,USER_3609,43.94,1.0,100,1
TXN_19530,USER_7625,150.31,1.0,100,1
TXN_16255,USER_2986,38.04,1.0,100,1
TXN_41994,USER_2383,1.77,1.0,100,1
TXN_32385,USER_7893,200.93,1.0,100,1
TXN_39744,USER_2037,21.99,1.0,100,1
TXN_27294,USER_8807,86.45,1.0,100,1
TXN_47535,USER_4184,124.98,1.0,100,1
TXN_34200,USER_9283,101.13,1.0,100,1
TXN_41537,USER_8921,65.24,1.0,100,1
TXN_1255,USER_2389,41.59,1.0,100,1
TXN_6462,USER_4022,2.48,1.0,100,1
TXN_7620,USER_1892,99.22,1.0,100,1
TXN_16798,USER_3844,140.77,1.0,100,1
TXN_8555,USER_1430,31.34,1.0,100,1
TXN_47040,USER_1182,171.05,1.0,100,1
TXN_49686,USER_2337,342.39,1.0,100,1
TXN_15527,USER_7030,33.53,1.0,100,1
TXN_45874,USER_9582,15.29,1.0,100,1
TXN_31295,USER_7091,93.7,1.0,100,1
TXN_31840,USER_7732,77.54,1.0,100,1
TXN_48753,USER_1428,65.05,1.0,100,1
TXN_33974,USER_3154,40.23,1.0,100,1
TXN_42993,USER_8902,91.49,1.0,100,1
TXN_45987,USER_4141,104.39,1.0,100,1
TXN_7545,USER_5392,69.71,1.0,100,1
TXN_24706,USER_4770,23.83,1.0,100,1
TXN_32289,USER_8811,0.04,1.0,100,1
TXN_30925,USER_1529,130.04,1.0,100,1
TXN_17647,USER_5310,148.98,1.0,100,1
TXN_29758,USER_1980,62.58,1.0,100,1
TXN_49099,USER_7014,0.86,1.0,100,1
TXN_36624,USER_9175,40.19,1.0,100,1
TXN_19879,USER_5545,22.65,1.0,100,1
TXN_11045,USER_8723,88.52,1.0,100,1
TXN_31931,USER_1146,185.89,1.0,100,1
TXN_14117,USER_3282,54.86,1.0,100,1
TXN_16221,USER_6024,212.72,1.0,100,1
TXN_13492,USER_6990,105.82,1.0,100,1
TXN_33886,USER_6915,118.22,1.0,100,1
TXN_24053,USER_4683,144.76,1.0,100,1
TXN_39424,USER_2193,187.66,1.0,100,1
TXN_22041,USER_5535,23.01,1.0,100,1
TXN_3687,USER_3725,18.03,1.0,100,1
TXN_6127,USER_8206,11.51,1.0,100,1
TXN_16936,USER_4723,125.0,1.0,100,1
TXN_1660,USER_1454,7.6,1.0,100,1
TXN_13021,USER_7339,6.32,1.0,100,1
TXN_12600,USER_4841,7.98,1.0,100,1
TXN_44360,USER_9055,25.98,1.0,100,1
TXN_34788,USER_2100,60.75,1.0,100,1
TXN_37498,USER_6625,374.24,1.0,100,1
TXN_11106,USER_2043,37.54,1.0,100,1
TXN_23058,USER_4659,48.95,1.0,100,1
TXN_45050,USER_7731,227.96,1.0,100,1
TXN_37871,USER_7446,10.83,1.0,100,1
TXN_4977,USER_1271,15.09,1.0,100,1
TXN_46740,USER_8252,38.09,1.0,100,1
TXN_32785,USER_7879,33.9,1.0,100,1
TXN_40882,USER_2479,176.78,1.0,100,1
TXN_14879,USER_9114,18.65,1.0,100,1
TXN_40663,USER_9801,116.14,1.0,100,1
TXN_24267,USER_5220,44.3,1.0,100,1
TXN_127,USER_4242,11.26,1.0,100,1
TXN_26954,USER_4553,137.27,1.0,100,1
TXN_14917,USER_9219,29.54,1.0,100,1
TXN_48880,USER_6617,23.11,1.0,100,1
TXN_8067,USER_5217,87.6,1.0,100,1
TXN_42636,USER_9685,28.03,1.0,100,1
TXN_45647,USER_2040,4.47,1.0,100,1
TXN_30817,USER_1904,41.1,1.0,100,1
TXN_44817,USER_9052,38.93,1.0,100,1
TXN_30369,USER_7571,266.41,1.0,100,1
TXN_20821,USER_6778,199.25,1.0,100,1
TXN_7026,USER_7895,4.61,1.0,100,1
TXN_49153,USER_9931,4.16,1.0,100,1
TXN_31223,USER_7584,6.49,1.0,100,1
TXN_33999,USER_1847,43.03,1.0,100,1
TXN_47600,USER_9326,37.03,1.0,100,1
TXN_30064,USER_2794,34.85,1.0,100,1
TXN_28438,USER_8196,56.41,1.0,100,1
TXN_15308,USER_9607,20.98,1.0,100,1
TXN_46373,USER_9097,149.2,1.0,100,1
TXN_15011,USER_1256,198.8,1.0,100,1
TXN_33103,USER_5803,5.1,1.0,100,1
TXN_7922,USER_3597,10.11,1.0,100,1
TXN_21840,USER_2742,3.91,1.0,100,1
TXN_21132,USER_2822,18.15,1.0,100,1
TXN_2492,USER_5875,30.8,1.0,100,1
TXN_15243,USER_7278,4.8,1.0,100,1
TXN_4350,USER_3059,51.3,1.0,100,1
TXN_23773,USER_7248,0.55,1.0,100,1
TXN_26823,USER_3824,30.52,1.0,100,1
TXN_8898,USER_2750,57.88,1.0,100,1
TXN_38168,USER_7342,26.39,1.0,100,1
TXN_25550,USER_3626,2.47,1.0,100,1
TXN_47906,USER_2264,275.7,1.0,100,1
TXN_4320,USER_5780,91.51,1.0,100,1
TXN_21753,USER_7125,13.25,1.0,100,1
TXN_38865,USER_9102,20.69,1.0,100,1
TXN_7875,USER_4770,2.28,1.0,100,1
TXN_23220,USER_9710,20.79,1.0,100,1
TXN_30673,USER_7992,124.85,1.0,100,1
TXN_29953,USER_8719,46.05,1.0,100,1
TXN_33465,USER_5237,4.29,1.0,100,1
TXN_4007,USER_2117,122.46,1.0,100,1
TXN_47497,USER_9726,159.33,1.0,100,1
TXN_11965,USER_1058,27.42,1.0,100,1
TXN_20297,USER_7678,10.38,1.0,100,1
TXN_48566,USER_7660,195.13,1.0,100,1
TXN_28431,USER_9666,15.65,1.0,100,1
TXN_19244,USER_8749,13.14,1.0,100,1
TXN_40754,USER_4503,41.77,1.0,100,1
TXN_12357,USER_2982,32.67,1.0,100,1
TXN_9653,USER_2551,21.58,1.0,100,1
TXN_22342,USER_1607,18.36,1.0,100,1
TXN_13374,USER_2561,39.09,1.0,100,1
TXN_29719,USER_4773,63.87,1.0,100,1
TXN_49354,USER_1743,46.64,1.0,100,1
TXN_3694,USER_4046,108.13,1.0,100,1
TXN_42654,USER_4185,88.87,1.0,100,1
TXN_6410,USER_3073,49.71,1.0,100,1
TXN_18235,USER_9262,54.27,1.0,100,1
TXN_35296,USER_2307,202.85,1.0,100,1
TXN_23473,USER_9662,347.85,1.0,100,1
TXN_32560,USER_5922,237.56,1.0,100,1
TXN_41227,USER_2919,96.21,1.0,100,1
TXN_24677,USER_6816,73.26,1.0,100,1
TXN_11222,USER_2484,38.93,1.0,100,1
TXN_4625,USER_2466,147.07,1.0,100,1
TXN_3448,USER_1294,73.11,1.0,100,1
TXN_46517,USER_7772,179.45,1.0,100,1
TXN_43296,USER_7158,78.35,1.0,100,1
TXN_14978,USER_4805,122.68,1.0,100,1
TXN_4937,USER_7487,94.67,1.0,100,1
TXN_28049,USER_5127,19.55,1.0,100,1
TXN_33993,USER_7595,166.17,1.0,100,1
TXN_9396,USER_6443,139.48,1.0,100,1
TXN_43288,USER_5745,18.02,1.0,100,1
TXN_346,USER_6315,39.66,1.0,100,1
TXN_36747,USER_9911,70.91,1.0,100,1
TXN_32609,USER_8099,100.17,1.0,100,1
TXN_48068,USER_9998,18.94,1.0,100,1
TXN_10452,USER_3212,187.72,1.0,100,1
TXN_43328,USER_4435,5.55,1.0,100,1
TXN_8310,USER_4773,202.92,1.0,100,1
TXN_9965,USER_6546,4.56,1.0,100,1
TXN_18090,USER_8657,8.62,1.0,100,1
TXN_133,USER_3693,96.14,1.0,100,1
TXN_38541,USER_2606,83.5,1.0,100,1
TXN_20406,USER_3703,129.71,1.0,100,1
TXN_1060,USER_4186,9.69,1.0,100,1
TXN_41639,USER_3536,94.14,1.0,100,1
TXN_19236,USER_4181,84.75,1.0,100,1
TXN_45529,USER_4367,71.77,1.0,100,1
TXN_33419,USER_7149,9.36,1.0,100,1
TXN_41801,USER_3811,117.93,1.0,100,1
TXN_38994,USER_1750,184.61,1.0,100,1
TXN_24397,USER_1537,39.27,1.0,100,1
TXN_18838,USER_5435,81.5,1.0,100,1
TXN_41667,USER_4167,3.49,1.0,100,1
TXN_33015,USER_1518,63.26,1.0,100,1
TXN_16606,USER_7382,130.88,1.0,100,1
TXN_44323,USER_1627,41.88,1.0,100,1
TXN_44846,USER_9159,248.6,1.0,100,1
TXN_26150,USER_1194,8.96,1.0,100,1
TXN_46300,USER_3700,6.13,1.0,100,1
TXN_36430,USER_3952,35.07,1.0,100,1
TXN_40082,USER_6603,230.2,1.0,100,1
TXN_22179,USER_6721,78.58,1.0,100,1
TXN_21090,USER_1658,81.67,1.0,100,1
TXN_35038,USER_3378,269.65,1.0,100,1
TXN_1937,USER_9433,150.72,1.0,100,1
TXN_5259,USER_3757,91.13,1.0,100,1
TXN_46492,USER_1210,260.3,1.0,100,1
TXN_14553,USER_1106,73.74,1.0,100,1
TXN_10062,USER_5370,14.91,1.0,100,1
TXN_29439,USER_7822,110.84,1.0,100,1
TXN_9559,USER_4536,20.03,1.0,100,1
TXN_49468,USER_5793,39.11,1.0,100,1
TXN_19876,USER_2063,146.5,1.0,100,1
TXN_42948,USER_3753,6.94,1.0,100,1
TXN_48474,USER_5044,256.62,1.0,100,1
TXN_24164,USER_5973,156.22,1.0,100,1
TXN_40352,USER_2995,192.11,1.0,100,1
TXN_34221,USER_1647,8.79,1.0,100,1
TXN_31096,USER_2935,21.81,1.0,100,1
TXN_8211,USER_9123,366.57,1.0,100,1
TXN_43068,USER_6705,13.49,1.0,100,1
TXN_19365,USER_6704,140.04,1.0,100,1
TXN_47199,USER_4475,143.98,1.0,100,1
TXN_49969,USER_3042,2.42,1.0,100,1
TXN_5150,USER_7449,38.23,1.0,100,1
TXN_49004,USER_8443,90.23,1.0,100,1
TXN_16804,USER_5948,3.94,1.0,100,1
TXN_22855,USER_2972,27.24,1.0,100,1
TXN_19419,USER_3939,28.27,1.0,100,1
TXN_34672,USER_3887,205.04,1.0,100,1
TXN_7825,USER_5537,34.98,1.0,100,1
TXN_30605,USER_4373,170.82,1.0,100,1
TXN_40024,USER_1383,77.62,1.0,100,1
TXN_27327,USER_1414,41.64,1.0,100,1
TXN_36960,USER_3609,0.45,1.0,100,1
TXN_14600,USER_8300,75.04,1.0,100,1
TXN_1672,USER_8117,86.21,1.0,100,1
TXN_26222,USER_4794,67.4,1.0,100,1
TXN_30724,USER_7153,4.95,1.0,100,1
TXN_48009,USER_1054,84.62,1.0,100,1
TXN_8513,USER_5979,4.03,1.0,100,1
TXN_4936,USER_8036,54.96,1.0,100,1
TXN_18943,USER_7783,53.65,1.0,100,1
TXN_30101,USER_7180,461.48,1.0,100,1
TXN_10312,USER_3010,24.03,1.0,100,1
TXN_12383,USER_4741,87.27,1.0,100,1
TXN_31215,USER_1284,100.11,1.0,100,1
TXN_16334,USER_1140,176.88,1.0,100,1
TXN_35482,USER_5353,80.11,1.0,100,1
TXN_27797,USER_8791,19.07,1.0,100,1
TXN_42126,USER_4342,65.31,1.0,100,1
TXN_13015,USER_2191,41.13,1.0,100,1
TXN_25148,USER_5565,33.23,1.0,100,1
TXN_32475,USER_7081,3.53,1.0,100,1
TXN_19429,USER_5433,55.62,1.0,100,1
TXN_24235,USER_4819,76.36,1.0,100,1
TXN_30959,USER_8747,283.7,1.0,100,1
TXN_23059,USER_8506,10.35,1.0,100,1
TXN_18358,USER_6176,18.74,1.0,100,1
TXN_18321,USER_6303,127.02,1.0,100,1
TXN_20629,USER_4426,86.7,1.0,100,1
TXN_24696,USER_9743,14.92,1.0,100,1
TXN_42524,USER_2396,437.25,1.0,100,1
TXN_30683,USER_1741,142.78,1.0,100,1
TXN_20112,USER_4796,39.99,1.0,100,1
TXN_39361,USER_2853,299.69,1.0,100,1
TXN_43372,USER_8236,6.53,1.0,100,1
TXN_32882,USER_4206,123.4,1.0,100,1
TXN_32381,USER_7988,88.62,1.0,100,1
TXN_24047,USER_9133,123.74,1.0,100,1
TXN_33907,USER_8008,145.22,1.0,100,1
TXN_7688,USER_5228,119.59,1.0,100,1
TXN_18579,USER_3922,155.61,1.0,100,1
TXN_6147,USER_9787,6.79,1.0,100,1
TXN_25089,USER_3447,25.21,1.0,100,1
TXN_42606,USER_4327,6.44,1.0,100,1
TXN_49466,USER_2222,0.51,1.0,100,1
TXN_603,USER_8449,105.29,1.0,100,1
TXN_47690,USER_9292,22.79,1.0,100,1
TXN_29157,USER_5000,7.18,1.0,100,1
TXN_33880,USER_8393,26.53,1.0,100,1
TXN_31960,USER_4074,19.55,1.0,100,1
TXN_25577,USER_5547,85.04,1.0,100,1
TXN_36969,USER_6084,188.67,1.0,100,1
TXN_44043,USER_9119,28.92,1.0,100,1
TXN_44989,USER_3508,92.05,1.0,100,1
TXN_25087,USER_3766,88.63,1.0,100,1
TXN_4143,USER_4932,19.94,1.0,100,1
TXN_8018,USER_7786,7.01,1.0,100,1
TXN_17728,USER_9714,129.24,1.0,100,1
TXN_19143,USER_5317,187.08,1.0,100,1
TXN_388,USER_6188,15.54,1.0,100,1
TXN_12560,USER_1527,37.32,1.0,100,1
TXN_8282,USER_3373,227.04,1.0,100,1
TXN_19463,USER_6848,119.97,1.0,100,1
TXN_46049,USER_2336,151.94,1.0,100,1
TXN_32435,USER_7601,66.12,1.0,100,1
TXN_18605,USER_5510,263.06,1.0,100,1
TXN_36421,USER_7094,28.43,1.0,100,1
TXN_33696,USER_1785,206.78,1.0,100,1
TXN_15345,USER_5094,21.39,1.0,100,1
TXN_397,USER_3849,36.24,1.0,100,1
TXN_36894,USER_4285,102.22,1.0,100,1
TXN_25728,USER_4312,53.2,1.0,100,1
TXN_44294,USER_5465,85.83,1.0,100,1
TXN_49881,USER_9687,435.38,1.0,100,1
TXN_222,USER_8400,76.61,1.0,100,1
TXN_17994,USER_8649,96.34,1.0,100,1
TXN_22186,USER_2057,31.28,1.0,100,1
TXN_47618,USER_3108,107.45,1.0,100,1
TXN_39626,USER_4305,15.09,1.0,100,1
TXN_9893,USER_9301,90.69,1.0,100,1
TXN_43477,USER_1693,91.26,1.0,100,1
TXN_47675,USER_4931,7.2,1.0,100,1
TXN_33618,USER_7574,101.85,1.0,100,1
TXN_25723,USER_9509,22.41,1.0,100,1
TXN_20635,USER_1862,186.07,1.0,100,1
TXN_14469,USER_3521,11.05,1.0,100,1
TXN_14428,USER_9000,69.71,1.0,100,1
TXN_37190,USER_6853,12.78,1.0,100,1
TXN_4812,USER_1305,205.9,1.0,100,1
TXN_28589,USER_9600,46.29,1.0,100,1
TXN_2456,USER_6154,11.89,1.0,100,1
TXN_16590,USER_4012,35.0,1.0,100,1
TXN_38740,USER_3209,166.16,1.0,100,1
TXN_43217,USER_4953,176.1,1.0,100,1
TXN_22193,USER_7639,39.56,1.0,100,1
TXN_37299,USER_3947,195.46,1.0,100,1
TXN_4084,USER_6698,39.55,1.0,100,1
TXN_6195,USER_1604,235.72,1.0,100,1
TXN_24825,USER_3626,128.28,1.0,100,1
TXN_23619,USER_3297,79.4,1.0,100,1
TXN_11696,USER_7060,48.05,1.0,100,1
TXN_32611,USER_1446,27.97,1.0,100,1
TXN_49646,USER_6450,161.99,1.0,100,1
TXN_36972,USER_4614,28.38,1.0,100,1
TXN_23305,USER_5472,10.25,1.0,100,1
TXN_26851,USER_7254,43.68,1.0,100,1
TXN_20274,USER_9527,4.77,1.0,100,1
TXN_35347,USER_1819,23.68,1.0,100,1
TXN_49951,USER_9495,8.34,1.0,100,1
TXN_539,USER_2531,118.55,1.0,100,1
TXN_23374,USER_7630,57.77,1.0,100,1
TXN_9220,USER_2068,65.42,1.0,100,1
TXN_33563,USER_1747,155.71,1.0,100,1
TXN_27845,USER_6365,35.33,1.0,100,1
TXN_23917,USER_2650,175.24,1.0,100,1
TXN_36245,USER_2716,69.91,1.0,100,1
TXN_27954,USER_4687,62.13,1.0,100,1
TXN_10670,USER_8619,5.13,1.0,100,1
TXN_15637,USER_5901,38.44,1.0,100,1
TXN_39942,USER_2268,245.54,1.0,100,1
TXN_46708,USER_9927,49.12,1.0,100,1
TXN_40399,USER_3385,52.65,1.0,100,1
TXN_3341,USER_7160,59.36,1.0,100,1
TXN_16068,USER_9842,81.43,1.0,100,1
TXN_30016,USER_2932,75.74,1.0,100,1
TXN_9124,USER_9953,56.49,1.0,100,1
TXN_46597,USER_7452,32.0,1.0,100,1
TXN_37741,USER_1111,105.45,1.0,100,1
TXN_23529,USER_8348,27.44,1.0,100,1
TXN_28286,USER_8076,128.58,1.0,100,1
TXN_40109,USER_8194,10.41,1.0,100,1
TXN_43960,USER_6121,21.74,1.0,100,1
TXN_5527,USER_2936,79.91,1.0,100,1
TXN_11791,USER_1299,7.21,1.0,100,1
TXN_36392,USER_9322,48.12,1.0,100,1
TXN_47236,USER_2143,201.3,1.0,100,1
TXN_36178,USER_5664,6.74,1.0,100,1
TXN_43047,USER_1211,130.42,1.0,100,1
TXN_537,USER_1504,51.83,1.0,100,1
TXN_15929,USER_9075,38.53,1.0,100,1
TXN_45287,USER_6418,143.41,1.0,100,1
TXN_15342,USER_7229,489.28,1.0,100,1
TXN_42980,USER_1640,157.37,1.0,100,1
TXN_21474,USER_3739,210.51,1.0,100,1
TXN_27428,USER_5870,2.59,1.0,100,1
TXN_15488,USER_7220,11.29,1.0,100,1
TXN_49155,USER_9785,48.23,1.0,100,1
TXN_14798,USER_3906,199.53,1.0,100,1
TXN_15220,USER_9289,9.27,1.0,100,1
TXN_45965,USER_7836,45.41,1.0,100,1
TXN_10198,USER_3430,1.48,1.0,100,1
TXN_14490,USER_2277,29.91,1.0,100,1
TXN_48098,USER_9474,14.25,1.0,100,1
TXN_46387,USER_8668,44.98,1.0,100,1
TXN_25887,USER_2006,160.72,1.0,100,1
TXN_32455,USER_7282,123.34,1.0,100,1
TXN_27363,USER_5971,92.46,1.0,100,1
TXN_49342,USER_3193,39.9,1.0,100,1
TXN_24733,USER_4811,41.38,1.0,100,1
TXN_7510,USER_4272,155.25,1.0,100,1
TXN_38807,USER_9453,240.94,1.0,100,1
TXN_28425,USER_6937,76.95,1.0,100,1
TXN_2545,USER_4741,77.26,1.0,100,1
TXN_37674,USER_9095,138.93,1.0,100,1
TXN_24150,USER_8889,194.33,1.0,100,1
TXN_21373,USER_1591,79.06,1.0,100,1
TXN_6504,USER_5898,141.74,1.0,100,1
TXN_14627,USER_1292,69.44,1.0,100,1
TXN_48264,USER_4247,27.39,1.0,100,1
TXN_37382,USER_2045,8.38,1.0,100,1
TXN_31734,USER_6008,59.92,1.0,100,1
TXN_17120,USER_1071,32.39,1.0,100,1
TXN_30186,USER_6500,77.04,1.0,100,1
TXN_6045,USER_4407,29.2,1.0,100,1
TXN_33882,USER_3693,58.74,1.0,100,1
TXN_27085,USER_2296,329.84,1.0,100,1
TXN_25729,USER_8223,203.55,1.0,100,1
TXN_13070,USER_1769,83.99,1.0,100,1
TXN_2973,USER_5063,195.21,1.0,100,1
TXN_40273,USER_2909,63.56,1.0,100,1
TXN_39174,USER_6352,396.65,1.0,100,1
TXN_19841,USER_1761,76.49,1.0,100,1
TXN_13241,USER_6735,28.99,1.0,100,1
TXN_33877,USER_5195,31.83,1.0,100,1
TXN_33433,USER_5204,72.13,1.0,100,1
TXN_8634,USER_4131,39.08,1.0,100,1
TXN_26920,USER_8504,17.83,1.0,100,1
TXN_34918,USER_8981,38.26,1.0,100,1
TXN_40782,USER_3119,160.64,1.0,100,1
TXN_47081,USER_7119,25.51,1.0,100,1
TXN_44082,USER_1888,195.67,1.0,100,1
TXN_34563,USER_5981,6.2,1.0,100,1
TXN_45403,USER_1068,79.21,1.0,100,1
TXN_33261,USER_5306,37.13,1.0,100,1
TXN_8184,USER_5239,81.49,1.0,100,1
TXN_17902,USER_3655,181.26,1.0,100,1
TXN_1838,USER_2442,97.97,1.0,100,1
TXN_28620,USER_5092,133.52,1.0,100,1
TXN_11469,USER_7004,145.3,1.0,100,1
TXN_43994,USER_3595,60.45,1.0,100,1
TXN_9363,USER_5341,67.16,1.0,100,1
TXN_28941,USER_7380,66.68,1.0,100,1
TXN_48162,USER_5561,11.76,1.0,100,1
TXN_48150,USER_4466,83.51,1.0,100,1
TXN_25581,USER_7058,74.24,1.0,100,1
TXN_46307,USER_4132,156.82,1.0,100,1
TXN_37608,USER_4539,5.9,1.0,100,1
TXN_8509,USER_3847,6.84,1.0,100,1
TXN_6285,USER_8965,110.09,1.0,100,1
TXN_43823,USER_7470,74.62,1.0,100,1
TXN_14349,USER_8019,15.14,1.0,100,1
TXN_21208,USER_5422,7.46,1.0,100,1
TXN_33883,USER_9374,178.84,1.0,100,1
TXN_3234,USER_6260,32.8,1.0,100,1
TXN_4498,USER_3172,91.62,1.0,100,1
TXN_33619,USER_7121,84.59,1.0,100,1
TXN_20005,USER_4860,61.1,1.0,100,1
TXN_39290,USER_5632,23.52,1.0,100,1
TXN_22983,USER_7234,273.33,1.0,100,1
TXN_38614,USER_1329,95.01,1.0,100,1
TXN_11935,USER_1678,71.85,1.0,100,1
TXN_42756,USER_7499,306.36,1.0,100,1
TXN_18860,USER_9614,41.33,1.0,100,1
TXN_34887,USER_9996,8.65,1.0,100,1
TXN_43333,USER_4873,46.87,1.0,100,1
TXN_14844,USER_6364,11.48,1.0,100,1
TXN_7934,USER_1364,62.66,1.0,100,1
TXN_8051,USER_1382,7.41,1.0,100,1
TXN_2127,USER_4292,97.63,1.0,100,1
TXN_8591,USER_9235,13.26,1.0,100,1
TXN_9177,USER_1815,332.08,1.0,100,1
TXN_19815,USER_6075,41.33,1.0,100,1
TXN_5337,USER_8099,94.8,1.0,100,1
TXN_37503,USER_1817,123.14,1.0,100,1
TXN_23096,USER_4428,3.04,1.0,100,1
TXN_20391,USER_4888,20.04,1.0,100,1
TXN_30830,USER_9259,167.32,1.0,100,1
TXN_45523,USER_8545,118.54,1.0,100,1
TXN_7204,USER_3979,279.57,1.0,100,1
TXN_12013,USER_6327,42.1,1.0,100,1
TXN_47802,USER_4319,207.33,1.0,100,1
TXN_9090,USER_7048,40.19,1.0,100,1
TXN_10836,USER_2856,108.12,1.0,100,1
TXN_8979,USER_4631,34.01,1.0,100,1
TXN_19858,USER_2354,9.12,1.0,100,1
TXN_41642,USER_2232,128.16,1.0,100,1
TXN_27661,USER_8039,207.94,1.0,100,1
TXN_41359,USER_6863,52.2,1.0,100,1
TXN_31930,USER_5262,479.86,1.0,100,1
TXN_41948,USER_3676,135.48,1.0,100,1
TXN_8432,USER_3210,71.09,1.0,100,1
TXN_32862,USER_9538,35.56,1.0,100,1
TXN_3787,USER_8427,60.49,1.0,100,1
TXN_29017,USER_7062,57.67,1.0,100,1
TXN_10470,USER_2513,4.02,1.0,100,1
TXN_5658,USER_1654,76.53,1.0,100,1
TXN_31690,USER_6963,179.98,1.0,100,1
TXN_32516,USER_5090,131.33,1.0,100,1
TXN_14243,USER_8740,33.87,1.0,100,1
TXN_3903,USER_9417,4.93,1.0,100,1
TXN_45752,USER_3398,15.77,1.0,100,1
TXN_99,USER_9154,50.07,1.0,100,1
TXN_36353,USER_9635,33.95,1.0,100,1
TXN_6906,USER_2222,331.68,1.0,100,1
TXN_34682,USER_3591,231.06,1.0,100,1
TXN_24694,USER_2063,16.88,1.0,100,1
TXN_9154,USER_2878,131.38,1.0,100,1
TXN_6909,USER_8490,99.76,1.0,100,1
TXN_35469,USER_4641,63.13,1.0,100,1
TXN_14483,USER_7177,89.36,1.0,100,1
TXN_44745,USER_4442,84.23,1.0,100,1
TXN_18306,USER_4824,59.18,1.0,100,1
TXN_43453,USER_2821,1.12,1.0,100,1
TXN_33186,USER_6766,20.2,1.0,100,1
TXN_44430,USER_2392,133.75,1.0,100,1
TXN_40885,USER_1340,8.1,1.0,100,1
TXN_49434,USER_9023,46.33,1.0,100,1
TXN_15710,USER_6994,23.39,1.0,100,1
TXN_35034,USER_2455,184.47,1.0,100,1
TXN_43173,USER_8828,112.61,1.0,100,1
TXN_29967,USER_3349,18.16,1.0,100,1
TXN_22715,USER_4832,24.18,1.0,100,1
TXN_9153,USER_3169,108.21,1.0,100,1
TXN_38639,USER_5925,40.28,1.0,100,1
TXN_12221,USER_2865,8.93,1.0,100,1
TXN_25392,USER_4611,57.28,1.0,100,1
TXN_13772,USER_9849,38.93,1.0,100,1
TXN_3989,USER_8446,44.45,1.0,100,1
TXN_42800,USER_1236,222.8,1.0,100,1
TXN_30076,USER_3320,52.7,1.0,100,1
TXN_7872,USER_6192,88.17,1.0,100,1
TXN_22479,USER_1478,43.65,1.0,100,1
TXN_32912,USER_8820,96.12,1.0,100,1
TXN_40868,USER_8671,523.2,1.0,100,1
TXN_8462,USER_8770,23.16,1.0,100,1
TXN_25400,USER_5929,174.85,1.0,100,1
TXN_33759,USER_2106,66.73,1.0,100,1
TXN_18034,USER_1109,191.46,1.0,100,1
TXN_12430,USER_8852,6.95,1.0,100,1
TXN_35177,USER_4506,13.45,1.0,100,1
TXN_35339,USER_4581,32.7,1.0,100,1
TXN_25749,USER_2693,29.01,1.0,100,1
TXN_23607,USER_9525,43.35,1.0,100,1
TXN_29133,USER_8331,156.8,1.0,100,1
TXN_20179,USER_1082,18.2,1.0,100,1
TXN_5317,USER_4225,18.16,1.0,100,1
TXN_43346,USER_1099,12.45,1.0,100,1
TXN_28263,USER_9986,36.94,1.0,100,1
TXN_33809,USER_4817,0.63,1.0,100,1
TXN_28935,USER_2116,19.65,1.0,100,1
TXN_1873,USER_3529,16.31,1.0,100,1
TXN_39656,USER_9208,14.08,1.0,100,1
TXN_32630,USER_7854,18.46,1.0,100,1
TXN_32493,USER_7865,149.37,1.0,100,1
TXN_3496,USER_1060,29.43,1.0,100,1
TXN_7103,USER_5607,20.73,1.0,100,1
TXN_14647,USER_5808,1.89,1.0,100,1
TXN_4121,USER_9662,52.78,1.0,100,1
TXN_43213,USER_5837,68.9,1.0,100,1
TXN_6436,USER_5376,61.76,1.0,100,1
TXN_29436,USER_8876,163.73,1.0,100,1
TXN_8292,USER_1632,126.86,1.0,100,1
TXN_36908,USER_2643,22.52,1.0,100,1
TXN_28008,USER_2176,43.36,1.0,100,1
TXN_8213,USER_9661,16.53,1.0,100,1
TXN_14723,USER_4731,55.98,1.0,100,1
TXN_4109,USER_3044,94.69,1.0,100,1
TXN_10642,USER_8637,116.87,1.0,100,1
TXN_11510,USER_8836,228.05,1.0,100,1
TXN_13402,USER_8089,56.14,1.0,100,1
TXN_23948,USER_2226,276.86,1.0,100,1
TXN_270,USER_9208,54.66,1.0,100,1
TXN_12346,USER_9644,461.16,1.0,100,1
TXN_44295,USER_9355,23.9,1.0,100,1
TXN_3478,USER_9312,69.03,1.0,100,1
TXN_19864,USER_7228,145.96,1.0,100,1
TXN_2361,USER_9381,203.48,1.0,100,1
TXN_18759,USER_7174,109.36,1.0,100,1
TXN_6248,USER_9089,27.1,1.0,100,1
TXN_36201,USER_6393,105.51,1.0,100,1
TXN_7136,USER_1966,209.85,1.0,100,1
TXN_9517,USER_6775,172.89,1.0,100,1
TXN_12361,USER_9633,154.72,1.0,100,1
TXN_4002,USER_4357,40.04,1.0,100,1
TXN_25206,USER_9921,14.75,1.0,100,1
TXN_4375,USER_8954,274.38,1.0,100,1
TXN_685,USER_1760,56.1,1.0,100,1
TXN_30717,USER_9207,140.52,1.0,100,1
TXN_8878,USER_4514,181.2,1.0,100,1
TXN_32084,USER_5990,61.01,1.0,100,1
TXN_912,USER_1827,273.75,1.0,100,1
TXN_42579,USER_5290,62.84,1.0,100,1
TXN_7768,USER_9515,59.79,1.0,100,1
TXN_14072,USER_9411,67.32,1.0,100,1
TXN_32638,USER_8448,76.54,1.0,100,1
TXN_48533,USER_6344,53.79,1.0,100,1
TXN_4842,USER_5270,18.81,1.0,100,1
TXN_24749,USER_8146,170.91,1.0,100,1
TXN_48868,USER_3775,12.57,1.0,100,1
TXN_32057,USER_5495,44.38,1.0,100,1
TXN_26214,USER_9785,179.75,1.0,100,1
TXN_33091,USER_6546,235.44,1.0,100,1
TXN_177,USER_1202,118.85,1.0,100,1
TXN_49589,USER_9196,151.48,1.0,100,1
TXN_48414,USER_1339,56.26,1.0,100,1
TXN_30861,USER_9633,167.59,1.0,100,1
TXN_2190,USER_8531,21.44,1.0,100,1
TXN_48161,USER_2531,103.93,1.0,100,1
TXN_36644,USER_4430,44.45,1.0,100,1
TXN_5556,USER_9943,6.6,1.0,100,1
TXN_8532,USER_7431,87.49,1.0,100,1
TXN_35502,USER_5167,112.95,1.0,100,1
TXN_15319,USER_2354,97.54,1.0,100,1
TXN_45660,USER_3381,10.25,1.0,100,1
TXN_18217,USER_1166,51.96,1.0,100,1
TXN_2208,USER_1581,10.57,1.0,100,1
TXN_35378,USER_7115,113.7,1.0,100,1
TXN_23755,USER_2336,164.77,1.0,100,1
TXN_223,USER_4170,4.79,1.0,100,1
TXN_16175,USER_3749,8.9,1.0,100,1
TXN_40242,USER_9792,84.73,1.0,100,1
TXN_39003,USER_1854,22.99,1.0,100,1
TXN_3132,USER_5200,432.95,1.0,100,1
TXN_359,USER_9311,106.17,1.0,100,1
TXN_35493,USER_6170,80.02,1.0,100,1
TXN_36750,USER_2846,167.87,1.0,100,1
TXN_42895,USER_1637,119.81,1.0,100,1
TXN_36765,USER_5925,100.49,1.0,100,1
TXN_48986,USER_2083,65.99,1.0,100,1
TXN_8852,USER_2806,24.0,1.0,100,1
TXN_17678,USER_4906,324.11,1.0,100,1
TXN_33267,USER_6111,39.25,1.0,100,1
TXN_9383,USER_5214,5.84,1.0,100,1
TXN_5716,USER_7821,15.38,1.0,100,1
TXN_19946,USER_3737,132.16,1.0,100,1
TXN_8928,USER_9419,9.87,1.0,100,1
TXN_36140,USER_2675,176.45,1.0,100,1
TXN_5706,USER_9613,306.95,1.0,100,1
TXN_11681,USER_8081,109.19,1.0,100,1
TXN_13549,USER_8975,145.01,1.0,100,1
TXN_16536,USER_2403,344.05,1.0,100,1
TXN_30787,USER_8695,152.94,1.0,100,1
TXN_35068,USER_7670,17.59,1.0,100,1
TXN_40212,USER_8394,33.36,1.0,100,1
TXN_30057,USER_5344,131.89,1.0,100,1
TXN_10771,USER_6266,27.4,1.0,100,1
TXN_1328,USER_3403,76.52,1.0,100,1
TXN_35286,USER_3966,22.75,1.0,100,1
TXN_37856,USER_4813,72.36,1.0,100,1
TXN_48064,USER_8489,16.53,1.0,100,1
TXN_11455,USER_5491,196.27,1.0,100,1
TXN_28611,USER_7298,40.99,1.0,100,1
TXN_44932,USER_7163,363.66,1.0,100,1
TXN_31539,USER_9122,408.98,1.0,100,1
TXN_31772,USER_4932,42.92,1.0,100,1
TXN_6300,USER_2487,233.77,1.0,100,1
TXN_5844,USER_4875,114.85,1.0,100,1
TXN_4258,USER_8549,146.32,1.0,100,1
TXN_48452,USER_8287,42.38,1.0,100,1
TXN_32198,USER_4935,1.66,1.0,100,1
TXN_39794,USER_9536,617.49,1.0,100,1
TXN_23423,USER_1073,15.45,1.0,100,1
TXN_40786,USER_4245,261.78,1.0,100,1
TXN_25399,USER_9970,845.16,1.0,100,1
TXN_20111,USER_1260,141.93,1.0,100,1
TXN_42203,USER_5971,79.44,1.0,100,1
TXN_1356,USER_5799,7.86,1.0,100,1
TXN_41489,USER_1440,274.66,1.0,100,1
TXN_5634,USER_5152,14.8,1.0,100,1
TXN_34239,USER_7462,219.32,1.0,100,1
TXN_21011,USER_5171,129.51,1.0,100,1
TXN_32709,USER_8466,244.53,1.0,100,1
TXN_22528,USER_2360,264.56,1.0,100,1
TXN_16552,USER_8641,316.76,1.0,100,1
TXN_19000,USER_6710,16.68,1.0,100,1
TXN_28108,USER_5838,82.26,1.0,100,1
TXN_32620,USER_1391,104.01,1.0,100,1
TXN_4174,USER_2449,168.5,1.0,100,1
TXN_24358,USER_1026,183.97,1.0,100,1
TXN_30670,USER_2968,66.83,1.0,100,1
TXN_36313,USER_3316,58.88,1.0,100,1
TXN_17556,USER_5887,16.02,1.0,100,1
TXN_13544,USER_4773,83.61,1.0,100,1
TXN_24025,USER_7023,415.66,1.0,100,1
TXN_22517,USER_2515,46.6,1.0,100,1
TXN_42744,USER_5645,116.07,1.0,100,1
TXN_13078,USER_6660,18.86,1.0,100,1
TXN_43893,USER_9190,82.9,1.0,100,1
TXN_9477,USER_7170,376.61,1.0,100,1
TXN_28705,USER_1595,68.2,1.0,100,1
TXN_37857,USER_6891,71.74,1.0,100,1
TXN_2533,USER_4629,38.1,1.0,100,1
TXN_2918,USER_9588,80.18,1.0,100,1
TXN_47897,USER_3001,31.04,1.0,100,1
TXN_8511,USER_2473,75.26,1.0,100,1
TXN_19099,USER_2041,11.13,1.0,100,1
TXN_42830,USER_8271,3.01,1.0,100,1
TXN_34180,USER_1317,0.93,1.0,100,1
TXN_44317,USER_1360,70.4,1.0,100,1
TXN_29314,USER_1232,22.37,1.0,100,1
TXN_26757,USER_5380,86.95,1.0,100,1
TXN_39480,USER_1607,152.73,1.0,100,1
TXN_23366,USER_1453,79.16,1.0,100,1
TXN_25276,USER_9760,19.63,1.0,100,1
TXN_30537,USER_7044,212.23,1.0,100,1
TXN_140,USER_7776,21.38,1.0,100,1
TXN_7885,USER_7681,30.25,1.0,100,1
TXN_19957,USER_3113,499.25,1.0,100,1
TXN_21186,USER_1544,2.88,1.0,100,1
TXN_18207,USER_5881,49.82,1.0,100,1
TXN_34446,USER_8719,487.14,1.0,100,1
TXN_3103,USER_3787,68.33,1.0,100,1
TXN_8518,USER_6283,41.9,1.0,100,1
TXN_16681,USER_1198,123.54,1.0,100,1
TXN_13405,USER_7098,13.05,1.0,100,1
TXN_49226,USER_1432,252.83,1.0,100,1
TXN_14927,USER_2570,205.01,1.0,100,1
TXN_22365,USER_1483,25.39,1.0,100,1
TXN_26729,USER_3335,59.58,1.0,100,1
TXN_18760,USER_8092,19.52,1.0,100,1
TXN_15672,USER_8466,495.52,1.0,100,1
TXN_40427,USER_7788,92.02,1.0,100,1
TXN_27439,USER_1121,21.38,1.0,100,1
TXN_13388,USER_9818,102.79,1.0,100,1
TXN_36657,USER_5745,149.34,1.0,100,1
TXN_47658,USER_5313,13.18,1.0,100,1
TXN_7047,USER_4515,242.74,1.0,100,1
TXN_13554,USER_7581,29.25,1.0,100,1
TXN_37037,USER_4936,38.79,1.0,100,1
TXN_22712,USER_4757,137.07,1.0,100,1
TXN_21428,USER_9185,115.38,1.0,100,1
TXN_21099,USER_6187,35.48,1.0,100,1
TXN_45384,USER_1655,167.28,1.0,100,1
TXN_33125,USER_4772,99.46,1.0,100,1
TXN_17501,USER_4708,386.8,1.0,100,1
TXN_31812,USER_9323,83.88,1.0,100,1
TXN_45738,USER_2572,33.27,1.0,100,1
TXN_520,USER_8419,52.35,1.0,100,1
TXN_23858,USER_6745,293.36,1.0,100,1
TXN_15705,USER_4468,50.75,1.0,100,1
TXN_15454,USER_5474,63.04,1.0,100,1
TXN_39128,USER_7131,47.09,1.0,100,1
TXN_10982,USER_2913,4.5,1.0,100,1
TXN_3559,USER_5236,7.63,1.0,100,1
TXN_2937,USER_1234,123.99,1.0,100,1
TXN_17307,USER_8855,128.39,1.0,100,1
TXN_22067,USER_8521,293.18,1.0,100,1
TXN_16104,USER_1622,50.47,1.0,100,1
TXN_38236,USER_4582,121.96,1.0,100,1
TXN_10795,USER_9254,215.94,1.0,100,1
TXN_23878,USER_5732,168.5,1.0,100,1
TXN_34146,USER_1168,31.53,1.0,100,1
TXN_5807,USER_1364,68.98,1.0,100,1
TXN_41462,USER_4751,67.93,1.0,100,1
TXN_15137,USER_2421,53.0,1.0,100,1
TXN_4628,USER_1375,120.54,1.0,100,1
TXN_30686,USER_8837,190.35,1.0,100,1
TXN_28090,USER_3696,250.55,1.0,100,1
TXN_34452,USER_5692,153.38,1.0,100,1
TXN_3634,USER_2505,201.95,1.0,100,1
TXN_16598,USER_2064,74.81,1.0,100,1
TXN_3469,USER_8352,44.16,1.0,100,1
TXN_348,USER_1876,6.4,1.0,100,1
TXN_49437,USER_9902,49.83,1.0,100,1
TXN_19188,USER_4134,4.14,1.0,100,1
TXN_30396,USER_7745,33.88,1.0,100,1
TXN_28897,USER_3792,290.23,1.0,100,1
TXN_43202,USER_2251,67.87,1.0,100,1
TXN_44176,USER_2711,130.64,1.0,100,1
TXN_30247,USER_7616,71.99,1.0,100,1
TXN_14149,USER_8082,59.8,1.0,100,1
TXN_32843,USER_4465,18.63,1.0,100,1
TXN_12480,USER_8478,179.62,1.0,100,1
TXN_47086,USER_5275,28.38,1.0,100,1
TXN_13638,USER_5911,39.01,1.0,100,1
TXN_31983,USER_9203,383.68,1.0,100,1
TXN_7185,USER_4896,88.35,1.0,100,1
TXN_4282,USER_5906,70.62,1.0,100,1
TXN_45229,USER_1362,9.07,1.0,100,1
TXN_26174,USER_7494,35.82,1.0,100,1
TXN_1475,USER_4144,8.47,1.0,100,1
TXN_36610,USER_3057,19.16,1.0,100,1
TXN_12156,USER_1676,47.81,1.0,100,1
TXN_45807,USER_8632,15.93,1.0,100,1
TXN_41892,USER_6208,6.22,1.0,100,1
TXN_31237,USER_4287,25.76,1.0,100,1
TXN_40511,USER_8625,57.18,1.0,100,1
TXN_38974,USER_4134,85.95,1.0,100,1
TXN_8771,USER_8942,198.66,1.0,100,1
TXN_2130,USER_7841,29.42,1.0,100,1
TXN_3740,USER_9305,203.35,1.0,100,1
TXN_18884,USER_4351,59.39,1.0,100,1
TXN_32261,USER_9695,423.85,1.0,100,1
TXN_30345,USER_9357,124.78,1.0,100,1
TXN_25718,USER_9921,27.33,1.0,100,1
TXN_11176,USER_2485,234.03,1.0,100,1
TXN_11490,USER_5270,41.75,1.0,100,1
TXN_16056,USER_3675,169.19,1.0,100,1
TXN_3135,USER_2772,16.67,1.0,100,1
TXN_44797,USER_7395,17.39,1.0,100,1
TXN_25930,USER_4282,111.97,1.0,100,1
TXN_29818,USER_9532,37.0,1.0,100,1
TXN_4848,USER_4786,4.24,1.0,100,1
TXN_37072,USER_5547,8.99,1.0,100,1
TXN_33013,USER_9276,70.89,1.0,100,1
TXN_35049,USER_4973,14.8,1.0,100,1
TXN_40453,USER_5458,18.2,1.0,100,1
TXN_6694,USER_5924,32.55,1.0,100,1
TXN_4545,USER_8454,154.64,1.0,100,1
TXN_10906,USER_5506,73.1,1.0,100,1
TXN_15894,USER_7209,89.71,1.0,100,1
TXN_1145,USER_5090,25.02,1.0,100,1
TXN_38062,USER_1589,157.61,1.0,100,1
TXN_39429,USER_3410,43.56,1.0,100,1
TXN_34309,USER_4411,45.79,1.0,100,1
TXN_23260,USER_6737,68.96,1.0,100,1
TXN_30753,USER_1598,109.7,1.0,100,1
TXN_30176,USER_1117,43.68,1.0,100,1
TXN_23079,USER_3513,74.13,1.0,100,1
TXN_41501,USER_2759,24.09,1.0,100,1
TXN_39027,USER_6179,15.75,1.0,100,1
TXN_27704,USER_8078,50.86,1.0,100,1
TXN_5138,USER_8265,2.87,1.0,100,1
TXN_36363,USER_6413,1.62,1.0,100,1
TXN_5224,USER_8602,230.32,1.0,100,1
TXN_13837,USER_4663,24.65,1.0,100,1
TXN_2604,USER_4259,40.22,1.0,100,1
TXN_30249,USER_2341,32.25,1.0,100,1
TXN_39722,USER_6044,318.73,1.0,100,1
TXN_49295,USER_3364,133.96,1.0,100,1
TXN_4953,USER_2871,16.37,1.0,100,1
TXN_12545,USER_3818,7.96,1.0,100,1
TXN_43218,USER_3294,3.48,1.0,100,1
TXN_21479,USER_5231,4.12,1.0,100,1
TXN_6445,USER_1701,41.81,1.0,100,1
TXN_25125,USER_3425,30.77,1.0,100,1
TXN_33059,USER_7276,44.25,1.0,100,1
TXN_5673,USER_7639,12.28,1.0,100,1
TXN_2157,USER_9590,8.49,1.0,100,1
TXN_795,USER_5289,45.97,1.0,100,1
TXN_39371,USER_5037,30.21,1.0,100,1
TXN_572,USER_3745,25.62,1.0,100,1
TXN_29219,USER_4822,8.27,1.0,100,1
TXN_22591,USER_6623,453.25,1.0,100,1
TXN_37526,USER_5493,100.62,1.0,100,1
TXN_43051,USER_5100,21.93,1.0,100,1
TXN_25029,USER_6967,89.61,1.0,100,1
TXN_21433,USER_3058,38.98,1.0,100,1
TXN_48166,USER_4706,320.93,1.0,100,1
TXN_25505,USER_9224,16.49,1.0,100,1
TXN_3179,USER_5307,458.6,1.0,100,1
TXN_11507,USER_9527,213.26,1.0,100,1
TXN_31865,USER_5217,244.97,1.0,100,1
TXN_37907,USER_1825,45.11,1.0,100,1
TXN_19509,USER_5785,18.0,1.0,100,1
TXN_7050,USER_6008,110.29,1.0,100,1
TXN_6011,USER_4557,98.76,1.0,100,1
TXN_21790,USER_7775,41.01,1.0,100,1
TXN_22802,USER_3601,90.11,1.0,100,1
TXN_49227,USER_9591,31.27,1.0,100,1
TXN_718,USER_4644,129.66,1.0,100,1
TXN_13202,USER_9420,75.9,1.0,100,1
TXN_46885,USER_3700,292.64,1.0,100,1
TXN_22938,USER_5398,44.76,1.0,100,1
TXN_23899,USER_2859,128.09,1.0,100,1
TXN_17949,USER_3768,84.5,1.0,100,1
TXN_14406,USER_6495,37.27,1.0,100,1
TXN_14928,USER_4405,38.57,1.0,100,1
TXN_35638,USER_2945,26.63,1.0,100,1
TXN_7534,USER_3070,52.69,1.0,100,1
TXN_49562,USER_8575,2.7,1.0,100,1
TXN_25166,USER_7240,171.02,1.0,100,1
TXN_44791,USER_7671,15.3,1.0,100,1
TXN_17181,USER_2206,20.04,1.0,100,1
TXN_46807,USER_8138,83.09,1.0,100,1
TXN_45355,USER_3572,16.99,1.0,100,1
TXN_42538,USER_7397,25.84,1.0,100,1
TXN_46691,USER_9619,120.56,1.0,100,1
TXN_22130,USER_3134,41.66,1.0,100,1
TXN_34946,USER_4294,18.68,1.0,100,1
TXN_1890,USER_6179,54.8,1.0,100,1
TXN_9109,USER_9521,48.44,1.0,100,1
TXN_18190,USER_7026,215.92,1.0,100,1
TXN_8751,USER_1477,4.12,1.0,100,1
TXN_32589,USER_3077,100.43,1.0,100,1
TXN_18516,USER_1195,112.52,1.0,100,1
TXN_42560,USER_7559,70.89,1.0,100,1
TXN_32545,USER_2191,93.63,1.0,100,1
TXN_14377,USER_5818,126.61,1.0,100,1
TXN_36706,USER_1765,131.84,1.0,100,1
TXN_12343,USER_6906,32.15,1.0,100,1
TXN_44941,USER_3424,26.5,1.0,100,1
TXN_18009,USER_3226,13.65,1.0,100,1
TXN_23801,USER_1868,88.24,1.0,100,1
TXN_42510,USER_6687,33.2,1.0,100,1
TXN_43017,USER_2765,1.74,1.0,100,1
TXN_1547,USER_3278,136.95,1.0,100,1
TXN_7757,USER_2244,7.33,1.0,100,1
TXN_17000,USER_5939,170.91,1.0,100,1
TXN_35359,USER_7251,172.64,1.0,100,1
TXN_7484,USER_1889,9.45,1.0,100,1
TXN_12408,USER_6468,294.12,1.0,100,1
TXN_41028,USER_8647,83.17,1.0,100,1
TXN_36652,USER_4588,9.17,1.0,100,1
TXN_2319,USER_6110,49.17,1.0,100,1
TXN_21697,USER_8454,143.14,1.0,100,1
TXN_34483,USER_1621,203.77,1.0,100,1
TXN_25545,USER_4082,0.22,1.0,100,1
TXN_24724,USER_2974,127.03,1.0,100,1
TXN_15967,USER_8093,511.62,1.0,100,1
TXN_10579,USER_6476,177.24,1.0,100,1
TXN_8008,USER_5529,46.92,1.0,100,1
TXN_5425,USER_4426,277.7,1.0,100,1
TXN_22577,USER_9651,69.23,1.0,100,1
TXN_16872,USER_9405,10.47,1.0,100,1
TXN_47331,USER_2630,27.91,1.0,100,1
TXN_49938,USER_1335,42.72,1.0,100,1
TXN_13532,USER_8735,78.45,1.0,100,1
TXN_20336,USER_1287,23.92,1.0,100,1
TXN_880,USER_1950,94.7,1.0,100,1
TXN_16818,USER_9747,231.13,1.0,100,1
TXN_2798,USER_9605,487.9,1.0,100,1
TXN_26053,USER_9714,86.05,1.0,100,1
TXN_48558,USER_9185,324.33,1.0,100,1
TXN_19372,USER_6923,6.41,1.0,100,1
TXN_26377,USER_4864,18.92,1.0,100,1
TXN_26860,USER_2816,28.35,1.0,100,1
TXN_36936,USER_3397,133.43,1.0,100,1
TXN_24516,USER_2605,293.02,1.0,100,1
TXN_32032,USER_8247,94.44,1.0,100,1
TXN_39541,USER_7925,313.71,1.0,100,1
TXN_24610,USER_4022,20.26,1.0,100,1
TXN_26706,USER_6543,36.69,1.0,100,1
TXN_23850,USER_9699,107.09,1.0,100,1
TXN_9970,USER_3655,103.15,1.0,100,1
TXN_11714,USER_2636,5.25,1.0,100,1
TXN_1706,USER_5445,10.38,1.0,100,1
TXN_18985,USER_4590,103.66,1.0,100,1
TXN_1612,USER_7527,83.85,1.0,100,1
TXN_30443,USER_5540,5.86,1.0,100,1
TXN_3183,USER_9533,21.26,1.0,100,1
TXN_14275,USER_6207,50.64,1.0,100,1
TXN_44530,USER_3190,42.43,1.0,100,1
TXN_18918,USER_6870,68.25,1.0,100,1
TXN_5599,USER_6918,113.55,1.0,100,1
TXN_11040,USER_3682,9.81,1.0,100,1
TXN_24871,USER_7607,13.43,1.0,100,1
TXN_27242,USER_2907,172.04,1.0,100,1
TXN_44324,USER_4267,48.94,1.0,100,1
TXN_29331,USER_3917,89.91,1.0,100,1
TXN_22261,USER_2535,16.53,1.0,100,1
TXN_44742,USER_9884,1.6,1.0,100,1
TXN_34935,USER_1500,222.78,1.0,100,1
TXN_2411,USER_3659,71.0,1.0,100,1
TXN_18139,USER_8172,30.5,1.0,100,1
TXN_10493,USER_9968,59.29,1.0,100,1
TXN_17828,USER_1620,59.29,1.0,100,1
TXN_37206,USER_5982,4.27,1.0,100,1
TXN_34274,USER_9111,154.53,1.0,100,1
TXN_47364,USER_2403,150.58,1.0,100,1
TXN_21276,USER_9924,192.69,1.0,100,1
TXN_7420,USER_6190,366.4,1.0,100,1
TXN_8742,USER_5761,245.88,1.0,100,1
TXN_47183,USER_6341,26.94,1.0,100,1
TXN_49401,USER_3468,31.4,1.0,100,1
TXN_38612,USER_8248,137.06,1.0,100,1
TXN_3757,USER_6395,202.44,1.0,100,1
TXN_4796,USER_4899,132.22,1.0,100,1
TXN_41484,USER_3143,45.0,1.0,100,1
TXN_47849,USER_8002,112.9,1.0,100,1
TXN_17944,USER_5658,39.35,1.0,100,1
TXN_43205,USER_4007,23.62,1.0,100,1
TXN_49889,USER_9129,39.64,1.0,100,1
TXN_30174,USER_3781,375.07,1.0,100,1
TXN_6831,USER_8460,44.51,1.0,100,1
TXN_23203,USER_6307,39.04,1.0,100,1
TXN_21465,USER_5223,32.73,1.0,100,1
TXN_33135,USER_5445,33.35,1.0,100,1
TXN_22548,USER_3431,134.5,1.0,100,1
TXN_36627,USER_3297,20.56,1.0,100,1
TXN_32102,USER_8496,385.79,1.0,100,1
TXN_11013,USER_5443,38.48,1.0,100,1
TXN_47528,USER_9988,88.88,1.0,100,1
TXN_28471,USER_3756,159.93,1.0,100,1
TXN_1691,USER_9906,50.78,1.0,100,1
TXN_18441,USER_4297,38.18,1.0,100,1
TXN_22575,USER_9160,21.06,1.0,100,1
TXN_43155,USER_7662,30.57,1.0,100,1
TXN_24919,USER_6798,289.29,1.0,100,1
TXN_28596,USER_1533,16.48,1.0,100,1
TXN_29526,USER_5380,58.1,1.0,100,1
TXN_39189,USER_3303,227.65,1.0,100,1
TXN_41412,USER_8686,33.35,1.0,100,1
TXN_17088,USER_1787,42.15,1.0,100,1
TXN_4211,USER_5621,3.58,1.0,100,1
TXN_21764,USER_3724,1.06,1.0,100,1
TXN_38005,USER_8534,70.6,1.0,100,1
TXN_14344,USER_6153,43.74,1.0,100,1
TXN_38345,USER_8927,70.46,1.0,100,1
TXN_4080,USER_7615,34.49,1.0,100,1
TXN_12972,USER_2622,2.72,1.0,100,1
TXN_31156,USER_6420,144.63,1.0,100,1
TXN_14930,USER_6848,73.96,1.0,100,1
TXN_31424,USER_6976,70.36,1.0,100,1
TXN_26921,USER_1689,25.82,1.0,100,1
TXN_30759,USER_2767,78.16,1.0,100,1
TXN_20935,USER_4883,147.22,1.0,100,1
TXN_41365,USER_1594,46.94,1.0,100,1
TXN_3745,USER_2258,157.34,1.0,100,1
TXN_22790,USER_5012,135.61,1.0,100,1
TXN_2677,USER_9556,56.2,1.0,100,1
TXN_11175,USER_2217,103.26,1.0,100,1
TXN_22112,USER_7805,119.51,1.0,100,1
TXN_30568,USER_6829,38.69,1.0,100,1
TXN_4778,USER_6506,304.75,1.0,100,1
TXN_40428,USER_7282,22.03,1.0,100,1
TXN_32410,USER_3177,256.23,1.0,100,1
TXN_48051,USER_4519,43.8,1.0,100,1
TXN_4444,USER_8135,20.61,1.0,100,1
TXN_9222,USER_6974,29.4,1.0,100,1
TXN_29549,USER_9192,275.09,1.0,100,1
TXN_18515,USER_9308,14.86,1.0,100,1
TXN_13792,USER_9433,43.69,1.0,100,1
TXN_47664,USER_1224,82.96,1.0,100,1
TXN_29876,USER_3647,81.02,1.0,100,1
TXN_31104,USER_6848,31.79,1.0,100,1
TXN_38033,USER_9946,47.27,1.0,100,1
TXN_4713,USER_7411,104.43,1.0,100,1
TXN_45898,USER_1892,46.55,1.0,100,1
TXN_25796,USER_4941,268.51,1.0,100,1
TXN_42499,USER_6457,124.75,1.0,100,1
TXN_31614,USER_4595,156.39,1.0,100,1
TXN_21877,USER_7138,69.19,1.0,100,1
TXN_22714,USER_4292,74.25,1.0,100,1
TXN_25355,USER_6978,143.34,1.0,100,1
TXN_49587,USER_5065,42.26,1.0,100,1
TXN_31382,USER_8301,234.15,1.0,100,1
TXN_28335,USER_9298,3.23,1.0,100,1
TXN_41641,USER_3917,9.42,1.0,100,1
TXN_36125,USER_4738,17.01,1.0,100,1
TXN_41719,USER_5732,18.78,1.0,100,1
TXN_43425,USER_2342,63.28,1.0,100,1
TXN_49714,USER_6367,217.91,1.0,100,1
TXN_36888,USER_7611,70.28,1.0,100,1
TXN_36237,USER_6616,139.48,1.0,100,1
TXN_45562,USER_4623,140.3,1.0,100,1
TXN_30850,USER_8020,2.69,1.0,100,1
TXN_30495,USER_7300,160.93,1.0,100,1
TXN_6223,USER_4885,203.94,1.0,100,1
TXN_14197,USER_3271,17.91,1.0,100,1
TXN_36950,USER_8993,28.61,1.0,100,1
TXN_33631,USER_6450,178.73,1.0,100,1
TXN_45779,USER_6237,200.2,1.0,100,1
TXN_28222,USER_7555,22.46,1.0,100,1
TXN_35838,USER_7922,38.39,1.0,100,1
TXN_44740,USER_2359,143.96,1.0,100,1
TXN_3949,USER_9411,42.37,1.0,100,1
TXN_29857,USER_5386,29.89,1.0,100,1
TXN_30656,USER_7310,185.04,1.0,100,1
TXN_6241,USER_4549,81.31,1.0,100,1
TXN_19406,USER_9796,33.71,1.0,100,1
TXN_42116,USER_2848,220.06,1.0,100,1
TXN_1266,USER_3736,450.99,1.0,100,1
TXN_12740,USER_2161,64.48,1.0,100,1
TXN_485,USER_2062,99.96,1.0,100,1
TXN_12280,USER_5051,37.55,1.0,100,1
TXN_36804,USER_7276,29.86,1.0,100,1
TXN_15092,USER_2853,40.64,1.0,100,1
TXN_31790,USER_7493,155.9,1.0,100,1
TXN_14093,USER_9395,7.44,1.0,100,1
TXN_36782,USER_5832,103.08,1.0,100,1
TXN_45264,USER_4608,57.01,1.0,100,1
TXN_31936,USER_6947,35.9,1.0,100,1
TXN_39209,USER_3484,147.24,1.0,100,1
TXN_23754,USER_5161,10.8,1.0,100,1
TXN_39660,USER_9627,16.03,1.0,100,1
TXN_11931,USER_8237,8.51,1.0,100,1
TXN_34856,USER_3884,10.62,1.0,100,1
TXN_26952,USER_6532,5.8,1.0,100,1
TXN_38768,USER_2613,92.74,1.0,100,1
TXN_26632,USER_8087,70.08,1.0,100,1
TXN_38966,USER_7521,125.25,1.0,100,1
TXN_1844,USER_1560,194.43,1.0,100,1
TXN_30370,USER_8083,31.21,1.0,100,1
TXN_18665,USER_6194,65.23,1.0,100,1
TXN_31806,USER_5936,98.22,1.0,100,1
TXN_44643,USER_4792,17.01,1.0,100,1
TXN_13164,USER_6766,53.41,1.0,100,1
TXN_6280,USER_4072,159.2,1.0,100,1
TXN_6713,USER_6822,52.0,1.0,100,1
TXN_48060,USER_6992,95.13,1.0,100,1
TXN_9489,USER_4349,116.43,1.0,100,1
TXN_13974,USER_3056,40.19,1.0,100,1
TXN_13724,USER_3499,58.25,1.0,100,1
TXN_48964,USER_4021,123.0,1.0,100,1
TXN_29683,USER_6210,41.66,1.0,100,1
TXN_37998,USER_8612,183.37,1.0,100,1
TXN_23543,USER_8164,362.42,1.0,100,1
TXN_42154,USER_9359,36.25,1.0,100,1
TXN_47812,USER_3174,56.36,1.0,100,1
TXN_7912,USER_4240,200.24,1.0,100,1
TXN_25031,USER_7671,48.76,1.0,100,1
TXN_10726,USER_4774,698.68,1.0,100,1
TXN_47033,USER_4779,23.22,1.0,100,1
TXN_12106,USER_5248,102.6,1.0,100,1
TXN_29569,USER_1238,2.49,1.0,100,1
TXN_29578,USER_8579,45.89,1.0,100,1
TXN_30196,USER_6183,129.07,1.0,100,1
TXN_17060,USER_4437,183.3,1.0,100,1
TXN_43359,USER_5939,11.41,1.0,100,1
TXN_22975,USER_2565,75.9,1.0,100,1
TXN_27010,USER_6905,39.27,1.0,100,1
TXN_37807,USER_6418,125.49,1.0,100,1
TXN_43414,USER_4238,145.07,1.0,100,1
TXN_29691,USER_6944,9.78,1.0,100,1
TXN_6087,USER_6285,151.57,1.0,100,1
TXN_40409,USER_8426,57.77,1.0,100,1
TXN_6616,USER_3868,40.36,1.0,100,1
TXN_8281,USER_2756,96.29,1.0,100,1
TXN_44649,USER_4138,84.72,1.0,100,1
TXN_31893,USER_4689,44.24,1.0,100,1
TXN_29730,USER_7289,119.16,1.0,100,1
TXN_22272,USER_6091,138.55,1.0,100,1
TXN_14742,USER_6161,10.43,1.0,100,1
TXN_21198,USER_5038,503.53,1.0,100,1
TXN_49459,USER_9953,39.45,1.0,100,1
TXN_44015,USER_8574,275.46,1.0,100,1
TXN_15576,USER_3972,0.26,1.0,100,1
TXN_24581,USER_4473,34.21,1.0,100,1
TXN_19905,USER_5452,8.67,1.0,100,1
TXN_8715,USER_3670,30.48,1.0,100,1
TXN_14783,USER_2705,40.67,1.0,100,1
TXN_7819,USER_9283,106.65,1.0,100,1
TXN_38312,USER_9116,22.13,1.0,100,1
TXN_47871,USER_1435,72.89,1.0,100,1
TXN_47250,USER_6002,109.64,1.0,100,1
TXN_24246,USER_9653,106.36,1.0,100,1
TXN_17975,USER_9716,62.78,1.0,100,1
TXN_26159,USER_2860,251.58,1.0,100,1
TXN_13113,USER_7189,20.96,1.0,100,1
TXN_49038,USER_4213,6.31,1.0,100,1
TXN_44967,USER_8656,407.05,1.0,100,1
TXN_44868,USER_8793,64.51,1.0,100,1
TXN_15348,USER_8219,61.35,1.0,100,1
TXN_2430,USER_6075,65.23,1.0,100,1
TXN_7060,USER_9427,83.84,1.0,100,1
TXN_43682,USER_1645,57.44,1.0,100,1
TXN_33022,USER_4827,33.29,1.0,100,1
TXN_16716,USER_3150,2.16,1.0,100,1
TXN_41490,USER_1995,158.56,1.0,100,1
TXN_9900,USER_1595,168.83,1.0,100,1
TXN_11718,USER_9376,379.23,1.0,100,1
TXN_33278,USER_7581,8.92,1.0,100,1
TXN_27422,USER_6340,42.26,1.0,100,1
TXN_8233,USER_9480,425.7,1.0,100,1
TXN_49073,USER_6911,61.84,1.0,100,1
TXN_39096,USER_3410,418.13,1.0,100,1
TXN_48101,USER_1488,149.38,1.0,100,1
TXN_49564,USER_2996,75.24,1.0,100,1
TXN_18966,USER_7733,66.17,1.0,100,1
TXN_8505,USER_6901,326.97,1.0,100,1
TXN_16827,USER_8634,87.21,1.0,100,1
TXN_33007,USER_5754,173.25,1.0,100,1
TXN_26229,USER_4608,28.19,1.0,100,1
TXN_45410,USER_4192,8.55,1.0,100,1
TXN_43196,USER_3370,77.83,1.0,100,1
TXN_11216,USER_4647,22.08,1.0,100,1
TXN_48008,USER_7567,124.7,1.0,100,1
TXN_49237,USER_7719,74.05,1.0,100,1
TXN_25925,USER_8746,4.36,1.0,100,1
TXN_9809,USER_3283,17.5,1.0,100,1
TXN_35237,USER_7867,42.43,1.0,100,1
TXN_24590,USER_8830,65.03,1.0,100,1
TXN_34804,USER_6407,32.92,1.0,100,1
TXN_32454,USER_2464,342.08,1.0,100,1
TXN_26203,USER_7450,21.99,1.0,100,1
TXN_17236,USER_3188,5.49,1.0,100,1
TXN_6377,USER_1541,14.16,1.0,100,1
TXN_41411,USER_2174,365.5,1.0,100,1
TXN_15370,USER_7168,1.31,1.0,100,1
TXN_44110,USER_8008,31.92,1.0,100,1
TXN_11793,USER_6400,83.2,1.0,100,1
TXN_6257,USER_3000,40.61,1.0,100,1
TXN_18712,USER_4770,232.26,1.0,100,1
TXN_49233,USER_3004,13.67,1.0,100,1
TXN_20068,USER_9455,71.38,1.0,100,1
TXN_20871,USER_1246,11.66,1.0,100,1
TXN_26814,USER_8925,204.27,1.0,100,1
TXN_4871,USER_2191,18.49,1.0,100,1
TXN_13354,USER_5650,70.95,1.0,100,1
TXN_20819,USER_9142,31.33,1.0,100,1
TXN_6286,USER_3083,9.65,1.0,100,1
TXN_13916,USER_2979,24.47,1.0,100,1
TXN_12762,USER_4830,68.19,1.0,100,1
TXN_2120,USER_6588,23.45,1.0,100,1
TXN_41942,USER_7613,48.77,1.0,100,1
TXN_12113,USER_3977,9.78,1.0,100,1
TXN_39604,USER_3024,85.61,1.0,100,1
TXN_2447,USER_8804,95.51,1.0,100,1
TXN_36362,USER_1670,156.7,1.0,100,1
TXN_46852,USER_1119,16.16,1.0,100,1
TXN_35280,USER_2113,139.81,1.0,100,1
TXN_2006,USER_7511,132.34,1.0,100,1
TXN_6637,USER_7614,41.15,1.0,100,1
TXN_43015,USER_1554,13.09,1.0,100,1
TXN_14876,USER_7394,16.22,1.0,100,1
TXN_45676,USER_1475,13.05,1.0,100,1
TXN_18262,USER_8428,260.22,1.0,100,1
TXN_4105,USER_8545,185.41,1.0,100,1
TXN_12022,USER_4013,62.83,1.0,100,1
TXN_9250,USER_9691,30.09,1.0,100,1
TXN_37896,USER_5600,66.03,1.0,100,1
TXN_36623,USER_4161,37.59,1.0,100,1
TXN_41230,USER_9379,83.28,1.0,100,1
TXN_40224,USER_2427,28.4,1.0,100,1
TXN_37649,USER_8019,85.7,1.0,100,1
TXN_45422,USER_1595,266.29,1.0,100,1
TXN_36215,USER_4027,315.57,1.0,100,1
TXN_13741,USER_7499,11.37,1.0,100,1
TXN_42461,USER_3084,61.22,1.0,100,1
TXN_49991,USER_8661,195.19,1.0,100,1
TXN_30058,USER_8426,1.73,1.0,100,1
TXN_31988,USER_5633,111.54,1.0,100,1
TXN_34760,USER_6322,119.62,1.0,100,1
TXN_4808,USER_6831,112.05,1.0,100,1
TXN_26007,USER_5739,62.79,1.0,100,1
TXN_583,USER_8891,111.23,1.0,100,1
TXN_1198,USER_8980,8.45,1.0,100,1
TXN_22644,USER_4804,17.57,1.0,100,1
TXN_13589,USER_5523,40.34,1.0,100,1
TXN_45877,USER_2950,156.38,1.0,100,1
TXN_25990,USER_9495,27.88,1.0,100,1
TXN_38252,USER_7336,167.13,1.0,100,1
TXN_43662,USER_6036,41.58,1.0,100,1
TXN_12562,USER_1211,97.28,1.0,100,1
TXN_27298,USER_7053,246.07,1.0,100,1
TXN_39708,USER_4863,128.89,1.0,100,1
TXN_32437,USER_2158,0.25,1.0,100,1
TXN_650,USER_7996,1.95,1.0,100,1
TXN_7644,USER_2312,33.88,1.0,100,1
TXN_14416,USER_4307,28.65,1.0,100,1
TXN_20894,USER_1415,264.99,1.0,100,1
TXN_40777,USER_6980,19.15,1.0,100,1
TXN_49272,USER_5031,63.49,1.0,100,1
TXN_43633,USER_1913,206.27,1.0,100,1
TXN_9946,USER_9998,133.54,1.0,100,1
TXN_18636,USER_2917,90.73,1.0,100,1
TXN_41933,USER_7050,13.63,1.0,100,1
TXN_24702,USER_5942,113.12,1.0,100,1
TXN_10631,USER_5592,38.16,1.0,100,1
TXN_15986,USER_1584,59.39,1.0,100,1
TXN_13915,USER_3067,327.48,1.0,100,1
TXN_38521,USER_8368,34.3,1.0,100,1
TXN_31864,USER_1589,0.22,1.0,100,1
TXN_46745,USER_5601,39.26,1.0,100,1
TXN_25999,USER_2166,20.55,1.0,100,1
TXN_49915,USER_6975,73.75,1.0,100,1
TXN_22590,USER_7458,159.44,1.0,100,1
TXN_11994,USER_4332,134.69,1.0,100,1
TXN_27993,USER_8211,63.85,1.0,100,1
TXN_13763,USER_3086,79.43,1.0,100,1
TXN_49684,USER_7245,84.36,1.0,100,1
TXN_35348,USER_1783,55.11,1.0,100,1
TXN_19082,USER_7495,268.58,1.0,100,1
TXN_34167,USER_9248,53.99,1.0,100,1
TXN_1011,USER_8221,144.87,1.0,100,1
TXN_37986,USER_9967,78.55,1.0,100,1
TXN_16602,USER_7097,6.34,1.0,100,1
TXN_47656,USER_2320,72.45,1.0,100,1
TXN_28171,USER_7911,9.92,1.0,100,1
TXN_30347,USER_9998,5.74,1.0,100,1
TXN_9775,USER_9744,121.1,1.0,100,1
TXN_43988,USER_4190,4.76,1.0,100,1
TXN_47687,USER_4838,8.03,1.0,100,1
TXN_9139,USER_9328,100.82,1.0,100,1
TXN_13199,USER_9495,9.84,1.0,100,1
TXN_36391,USER_3211,170.73,1.0,100,1
TXN_11473,USER_3633,199.18,1.0,100,1
TXN_6438,USER_7986,224.06,1.0,100,1
TXN_32354,USER_2908,18.24,1.0,100,1
TXN_34526,USER_2615,40.88,1.0,100,1
TXN_33878,USER_1289,67.42,1.0,100,1
TXN_46925,USER_7653,10.16,1.0,100,1
TXN_15126,USER_8646,79.94,1.0,100,1
TXN_44707,USER_1904,63.37,1.0,100,1
TXN_11295,USER_7955,134.82,1.0,100,1
TXN_17340,USER_5944,182.57,1.0,100,1
TXN_20242,USER_4951,46.73,1.0,100,1
TXN_33237,USER_3300,128.15,1.0,100,1
TXN_37364,USER_4728,58.19,1.0,100,1
TXN_41792,USER_5470,61.08,1.0,100,1
TXN_39716,USER_2626,261.71,1.0,100,1
TXN_44255,USER_6752,165.85,1.0,100,1
TXN_29060,USER_7062,59.62,1.0,100,1
TXN_30488,USER_5439,242.77,1.0,100,1
TXN_46370,USER_5890,344.56,1.0,100,1
TXN_25516,USER_6043,49.7,1.0,100,1
TXN_36909,USER_1123,10.71,1.0,100,1
TXN_33794,USER_1099,197.56,1.0,100,1
TXN_32064,USER_1805,200.92,1.0,100,1
TXN_8197,USER_2502,73.37,1.0,100,1
TXN_37088,USER_2730,73.2,1.0,100,1
TXN_19794,USER_2656,116.37,1.0,100,1
TXN_18401,USER_7798,118.34,1.0,100,1
TXN_22498,USER_8856,44.26,1.0,100,1
TXN_41142,USER_7305,98.57,1.0,100,1
TXN_23370,USER_1522,77.2,1.0,100,1
TXN_3509,USER_8206,5.22,1.0,100,1
TXN_27492,USER_5830,156.85,1.0,100,1
TXN_29792,USER_2336,65.71,1.0,100,1
TXN_16010,USER_9462,178.68,1.0,100,1
TXN_39638,USER_4482,65.29,1.0,100,1
TXN_46933,USER_9644,134.5,1.0,100,1
TXN_48916,USER_9282,34.92,1.0,100,1
TXN_27034,USER_9751,37.76,1.0,100,1
TXN_20414,USER_4937,23.73,1.0,100,1
TXN_32038,USER_4592,112.1,1.0,100,1
TXN_3518,USER_3700,0.33,1.0,100,1
TXN_25129,USER_6402,638.16,1.0,100,1
TXN_42060,USER_4019,307.35,1.0,100,1
TXN_18373,USER_7714,143.89,1.0,100,1
TXN_15468,USER_8710,239.71,1.0,100,1
TXN_8174,USER_6947,16.85,1.0,100,1
TXN_4186,USER_5591,1.77,1.0,100,1
TXN_10661,USER_2408,333.63,1.0,100,1
TXN_8516,USER_1419,62.33,1.0,100,1
TXN_14386,USER_5174,127.18,1.0,100,1
TXN_36620,USER_2591,68.28,1.0,100,1
TXN_10203,USER_3019,364.05,1.0,100,1
TXN_11325,USER_4517,57.84,1.0,100,1
TXN_13086,USER_8862,50.05,1.0,100,1
TXN_41368,USER_1765,52.83,1.0,100,1
TXN_1123,USER_7122,45.79,1.0,100,1
TXN_13430,USER_5669,75.38,1.0,100,1
TXN_47594,USER_1086,117.31,1.0,100,1
TXN_45803,USER_2138,133.9,1.0,100,1
TXN_19108,USER_4140,163.07,1.0,100,1
TXN_27248,USER_7000,1.91,1.0,100,1
TXN_13173,USER_6582,4.2,1.0,100,1
TXN_14853,USER_4602,20.65,1.0,100,1
TXN_36553,USER_3676,22.89,1.0,100,1
TXN_35239,USER_4460,289.3,1.0,100,1
TXN_8185,USER_5428,7.14,1.0,100,1
TXN_29248,USER_7669,82.95,1.0,100,1
TXN_39557,USER_1861,22.62,1.0,100,1
TXN_32718,USER_7535,7.38,1.0,100,1
TXN_37675,USER_1138,344.77,1.0,100,1
TXN_6830,USER_6560,36.82,1.0,100,1
TXN_10722,USER_6291,9.11,1.0,100,1
TXN_40667,USER_6257,42.72,1.0,100,1
TXN_24971,USER_4244,186.29,1.0,100,1
TXN_11581,USER_4681,39.06,1.0,100,1
TXN_11506,USER_3170,207.32,1.0,100,1
TXN_49570,USER_7993,1.52,1.0,100,1
TXN_8127,USER_3982,156.39,1.0,100,1
TXN_24199,USER_3200,118.18,1.0,100,1
TXN_18043,USER_6759,2.23,1.0,100,1
TXN_32686,USER_1303,16.6,1.0,100,1
TXN_34496,USER_1531,109.33,1.0,100,1
TXN_44820,USER_6538,42.7,1.0,100,1
TXN_27203,USER_8307,69.28,1.0,100,1
TXN_39207,USER_2797,77.01,1.0,100,1
TXN_34741,USER_3157,39.59,1.0,100,1
TXN_38387,USER_4476,106.29,1.0,100,1
TXN_36590,USER_5479,212.42,1.0,100,1
TXN_44805,USER_1347,16.63,1.0,100,1
TXN_34377,USER_9737,184.93,1.0,100,1
TXN_42890,USER_2256,18.88,1.0,100,1
TXN_28479,USER_5893,3.16,1.0,100,1
TXN_6534,USER_3024,277.15,1.0,100,1
TXN_16833,USER_6331,446.49,1.0,100,1
TXN_11629,USER_8279,118.12,1.0,100,1
TXN_34677,USER_2819,84.86,1.0,100,1
TXN_26779,USER_7645,115.76,1.0,100,1
TXN_16550,USER_5159,104.85,1.0,100,1
TXN_11631,USER_8312,230.23,1.0,100,1
TXN_47504,USER_9880,398.78,1.0,100,1
TXN_10235,USER_3369,54.37,1.0,100,1
TXN_27403,USER_5411,45.88,1.0,100,1
TXN_26223,USER_6597,60.95,1.0,100,1
TXN_5402,USER_9055,582.19,1.0,100,1
TXN_14171,USER_4873,112.76,1.0,100,1
TXN_27458,USER_4468,76.12,1.0,100,1
TXN_16461,USER_2870,35.48,1.0,100,1
TXN_30199,USER_1312,30.6,1.0,100,1
TXN_789,USER_9195,41.11,1.0,100,1
TXN_13387,USER_4966,46.89,1.0,100,1
TXN_33195,USER_5211,75.97,1.0,100,1
TXN_29201,USER_9219,24.19,1.0,100,1
TXN_31855,USER_4174,152.11,1.0,100,1
TXN_31895,USER_1741,7.4,1.0,100,1
TXN_4961,USER_6753,139.83,1.0,100,1
TXN_28043,USER_1592,18.64,1.0,100,1
TXN_18611,USER_2181,40.28,1.0,100,1
TXN_1393,USER_9984,45.09,1.0,100,1
TXN_6639,USER_2009,7.37,1.0,100,1
TXN_7929,USER_4118,283.35,1.0,100,1
TXN_30159,USER_9993,42.38,1.0,100,1
TXN_14383,USER_7053,8.86,1.0,100,1
TXN_44300,USER_1200,211.51,1.0,100,1
TXN_156,USER_7585,232.19,1.0,100,1
TXN_30858,USER_5996,438.29,1.0,100,1
TXN_16637,USER_8359,201.72,1.0,100,1
TXN_40735,USER_8643,239.0,1.0,100,1
TXN_32253,USER_2844,14.04,1.0,100,1
TXN_22234,USER_9575,97.58,1.0,100,1
TXN_47940,USER_7960,85.0,1.0,100,1
TXN_34671,USER_1072,96.36,1.0,100,1
TXN_10155,USER_7762,206.07,1.0,100,1
TXN_44892,USER_1005,106.78,1.0,100,1
TXN_3015,USER_4764,348.75,1.0,100,1
TXN_34133,USER_5804,50.15,1.0,100,1
TXN_21340,USER_2642,43.87,1.0,100,1
TXN_35608,USER_7807,6.51,1.0,100,1
TXN_46368,USER_4149,22.19,1.0,100,1
TXN_41464,USER_7095,19.77,1.0,100,1
TXN_34183,USER_2743,92.85,1.0,100,1
TXN_47705,USER_3688,141.81,1.0,100,1
TXN_23318,USER_1002,4.91,1.0,100,1
TXN_36816,USER_3551,2.41,1.0,100,1
TXN_4618,USER_3949,6.82,1.0,100,1
TXN_43849,USER_5177,38.43,1.0,100,1
TXN_42260,USER_7144,36.15,1.0,100,1
TXN_39274,USER_3640,85.69,1.0,100,1
TXN_46799,USER_9274,143.11,1.0,100,1
TXN_38716,USER_5647,80.3,1.0,100,1
TXN_20952,USER_9766,62.66,1.0,100,1
TXN_34056,USER_3120,9.23,1.0,100,1
TXN_17505,USER_6866,6.6,1.0,100,1
TXN_14660,USER_1169,76.52,1.0,100,1
TXN_34061,USER_4112,205.97,1.0,100,1
TXN_10149,USER_5179,176.22,1.0,100,1
TXN_4999,USER_8465,11.56,1.0,100,1
TXN_27171,USER_4024,23.6,1.0,100,1
TXN_18078,USER_2340,31.18,1.0,100,1
TXN_4596,USER_2499,8.42,1.0,100,1
TXN_10004,USER_1620,50.89,1.0,100,1
TXN_5422,USER_6994,122.2,1.0,100,1
TXN_247,USER_4987,101.58,1.0,100,1
TXN_26070,USER_6166,47.99,1.0,100,1
TXN_34481,USER_8177,294.52,1.0,100,1
TXN_30402,USER_6694,24.01,1.0,100,1
TXN_45392,USER_6976,9.15,1.0,100,1
TXN_44173,USER_5637,304.92,1.0,100,1
TXN_27816,USER_9203,57.33,1.0,100,1
TXN_26609,USER_8063,266.64,1.0,100,1
TXN_3322,USER_9643,45.76,1.0,100,1
TXN_45613,USER_2724,141.47,1.0,100,1
TXN_40949,USER_3224,53.19,1.0,100,1
TXN_20797,USER_3797,113.46,1.0,100,1
TXN_45605,USER_8695,135.78,1.0,100,1
TXN_49761,USER_4801,22.61,1.0,100,1
TXN_44894,USER_9203,20.57,1.0,100,1
TXN_3769,USER_3827,202.24,1.0,100,1
TXN_2479,USER_2478,95.08,1.0,100,1
TXN_10112,USER_4469,549.93,1.0,100,1
TXN_11361,USER_3318,36.8,1.0,100,1
TXN_34668,USER_7744,89.88,1.0,100,1
TXN_37653,USER_2743,42.08,1.0,100,1
TXN_26864,USER_3384,22.48,1.0,100,1
TXN_27714,USER_9702,82.86,1.0,100,1
TXN_25655,USER_6156,105.88,1.0,100,1
TXN_11112,USER_7661,69.81,1.0,100,1
TXN_36477,USER_4435,50.18,1.0,100,1
TXN_49464,USER_5822,79.01,1.0,100,1
TXN_31173,USER_5151,121.04,1.0,100,1
TXN_28177,USER_2861,98.77,1.0,100,1
TXN_41342,USER_7442,278.6,1.0,100,1
TXN_20232,USER_3401,54.06,1.0,100,1
TXN_832,USER_3635,29.87,1.0,100,1
TXN_17405,USER_7799,21.38,1.0,100,1
TXN_44575,USER_8374,25.49,1.0,100,1
TXN_5496,USER_8727,67.95,1.0,100,1
TXN_24388,USER_5534,24.09,1.0,100,1
TXN_26873,USER_6162,6.59,1.0,100,1
TXN_13952,USER_8349,2.06,1.0,100,1
TXN_38132,USER_8906,133.9,1.0,100,1
TXN_29028,USER_1312,99.21,1.0,100,1
TXN_47022,USER_1349,16.39,1.0,100,1
TXN_32700,USER_3800,85.53,1.0,100,1
TXN_14970,USER_8227,64.41,1.0,100,1
TXN_12657,USER_8418,17.07,1.0,100,1
TXN_34242,USER_4942,84.77,1.0,100,1
TXN_49017,USER_3561,17.69,1.0,100,1
TXN_20100,USER_9530,20.11,1.0,100,1
TXN_17460,USER_6961,4.22,1.0,100,1
TXN_26466,USER_1553,74.39,1.0,100,1
TXN_41072,USER_5462,21.61,1.0,100,1
TXN_15337,USER_2529,15.79,1.0,100,1
TXN_5699,USER_2868,67.5,1.0,100,1
TXN_47227,USER_8030,33.09,1.0,100,1
TXN_46906,USER_9430,29.99,1.0,100,1
TXN_22939,USER_7242,43.17,1.0,100,1
TXN_4484,USER_8240,91.35,1.0,100,1
TXN_26034,USER_1533,289.88,1.0,100,1
TXN_28568,USER_3615,4.53,1.0,100,1
TXN_39796,USER_2913,130.56,1.0,100,1
TXN_42620,USER_6521,141.71,1.0,100,1
TXN_31325,USER_9641,76.35,1.0,100,1
TXN_43889,USER_4254,74.17,1.0,100,1
TXN_48748,USER_2789,21.02,1.0,100,1
TXN_20040,USER_1327,359.17,1.0,100,1
TXN_6790,USER_7571,83.75,1.0,100,1
TXN_8553,USER_3328,78.31,1.0,100,1
TXN_15575,USER_9187,33.65,1.0,100,1
TXN_24186,USER_4865,16.39,1.0,100,1
TXN_40099,USER_9772,12.38,1.0,100,1
TXN_7261,USER_3934,97.89,1.0,100,1
TXN_9799,USER_4939,43.58,1.0,100,1
TXN_43676,USER_6459,9.66,1.0,100,1
TXN_941,USER_8112,117.92,1.0,100,1
TXN_8762,USER_7553,33.75,1.0,100,1
TXN_30050,USER_9708,114.32,1.0,100,1
TXN_40349,USER_5238,189.51,1.0,100,1
TXN_1035,USER_4695,86.92,1.0,100,1
TXN_46848,USER_7697,59.9,1.0,100,1
TXN_36117,USER_2783,58.65,1.0,100,1
TXN_19862,USER_7909,17.07,1.0,100,1
TXN_8323,USER_5368,15.5,1.0,100,1
TXN_27652,USER_6859,256.08,1.0,100,1
TXN_49299,USER_7925,0.63,1.0,100,1
TXN_31077,USER_1105,27.81,1.0,100,1
TXN_26560,USER_9360,81.43,1.0,100,1
TXN_22122,USER_3120,140.29,1.0,100,1
TXN_13319,USER_4477,218.65,1.0,100,1
TXN_34049,USER_3919,193.38,1.0,100,1
TXN_45998,USER_2920,12.84,1.0,100,1
TXN_10038,USER_2050,205.86,1.0,100,1
TXN_32915,USER_9016,297.54,1.0,100,1
TXN_25132,USER_9381,91.8,1.0,100,1
TXN_40620,USER_4315,42.42,1.0,100,1
TXN_18898,USER_3748,71.69,1.0,100,1
TXN_49108,USER_7828,107.47,1.0,100,1
TXN_22404,USER_1269,264.14,1.0,100,1
TXN_44856,USER_6827,23.64,1.0,100,1
TXN_35389,USER_9649,14.54,1.0,100,1
TXN_24989,USER_1260,171.12,1.0,100,1
TXN_48795,USER_1838,26.59,1.0,100,1
TXN_3319,USER_9058,130.06,1.0,100,1
TXN_32055,USER_2145,135.8,1.0,100,1
TXN_5431,USER_3349,87.34,1.0,100,1
TXN_19519,USER_7575,34.31,1.0,100,1
TXN_30757,USER_2324,102.54,1.0,100,1
TXN_42773,USER_3766,2.51,1.0,100,1
TXN_47180,USER_9226,64.68,1.0,100,1
TXN_14672,USER_4965,45.83,1.0,100,1
TXN_46415,USER_2313,50.61,1.0,100,1
TXN_4987,USER_4676,68.98,1.0,100,1
TXN_27057,USER_5717,6.03,1.0,100,1
TXN_32461,USER_5093,18.23,1.0,100,1
TXN_40255,USER_2306,96.48,1.0,100,1
TXN_12166,USER_1578,1.21,1.0,100,1
TXN_48726,USER_7870,64.88,1.0,100,1
TXN_17798,USER_8256,137.18,1.0,100,1
TXN_44909,USER_9745,0.05,1.0,100,1
TXN_40724,USER_9295,3.01,1.0,100,1
TXN_39225,USER_4097,141.44,1.0,100,1
TXN_37459,USER_2995,26.09,1.0,100,1
TXN_30688,USER_2105,3.17,1.0,100,1
TXN_15609,USER_1338,595.13,1.0,100,1
TXN_34476,USER_2881,18.56,1.0,100,1
TXN_37695,USER_5525,59.41,1.0,100,1
TXN_26136,USER_1464,324.65,1.0,100,1
TXN_4424,USER_1129,1.71,1.0,100,1
TXN_32186,USER_2425,149.44,1.0,100,1
TXN_17367,USER_6847,227.02,1.0,100,1
TXN_19801,USER_1296,15.22,1.0,100,1
TXN_35711,USER_4410,129.82,1.0,100,1
TXN_13930,USER_9116,43.15,1.0,100,1
TXN_4821,USER_2819,295.0,1.0,100,1
TXN_42955,USER_7103,93.01,1.0,100,1
TXN_13135,USER_9727,265.76,1.0,100,1
TXN_41150,USER_3974,82.97,1.0,100,1
TXN_32422,USER_9801,122.74,1.0,100,1
TXN_36406,USER_3974,301.84,1.0,100,1
TXN_19448,USER_4553,40.57,1.0,100,1
TXN_1050,USER_8083,34.55,1.0,100,1
TXN_38750,USER_1487,350.77,1.0,100,1
TXN_4022,USER_3786,53.68,1.0,100,1
TXN_8336,USER_2159,20.91,1.0,100,1
TXN_46941,USER_9036,65.46,1.0,100,1
TXN_48322,USER_8784,29.57,1.0,100,1
TXN_10373,USER_3769,37.15,1.0,100,1
TXN_49503,USER_7087,16.16,1.0,100,1
TXN_17539,USER_1135,314.04,1.0,100,1
TXN_19172,USER_7682,228.56,1.0,100,1
TXN_39842,USER_8655,64.14,1.0,100,1
TXN_13158,USER_4936,226.95,1.0,100,1
TXN_27620,USER_6970,31.21,1.0,100,1
TXN_12077,USER_7476,217.57,1.0,100,1
TXN_42441,USER_7454,71.74,1.0,100,1
TXN_25267,USER_5299,32.29,1.0,100,1
TXN_10408,USER_9221,118.67,1.0,100,1
TXN_48007,USER_2038,142.75,1.0,100,1
TXN_46348,USER_4731,42.99,1.0,100,1
TXN_34126,USER_5368,73.05,1.0,100,1
TXN_32641,USER_8798,113.43,1.0,100,1
TXN_38953,USER_7160,2.68,1.0,100,1
TXN_20563,USER_4939,365.72,1.0,100,1
TXN_33666,USER_6040,53.89,1.0,100,1
TXN_27231,USER_1789,158.82,1.0,100,1
TXN_656,USER_9017,11.56,1.0,100,1
TXN_32081,USER_7963,17.45,1.0,100,1
TXN_10645,USER_4201,78.49,1.0,100,1
TXN_23433,USER_6005,7.65,1.0,100,1
TXN_28116,USER_2854,17.61,1.0,100,1
TXN_22900,USER_1713,133.64,1.0,100,1
TXN_16046,USER_4722,29.25,1.0,100,1
TXN_44899,USER_5950,13.98,1.0,100,1
TXN_284,USER_1980,46.48,1.0,100,1
TXN_28736,USER_1977,27.69,1.0,100,1
TXN_45234,USER_9954,412.95,1.0,100,1
TXN_29380,USER_3577,88.29,1.0,100,1
TXN_34331,USER_4496,8.86,1.0,100,1
TXN_39152,USER_9782,15.82,1.0,100,1
TXN_14752,USER_2985,135.53,1.0,100,1
TXN_37026,USER_6987,218.93,1.0,100,1
TXN_46609,USER_5390,29.55,1.0,100,1
TXN_18749,USER_7579,80.09,1.0,100,1
TXN_9558,USER_6193,57.66,1.0,100,1
TXN_36642,USER_7427,107.93,1.0,100,1
TXN_13607,USER_4597,51.08,1.0,100,1
TXN_2334,USER_4604,312.38,1.0,100,1
TXN_46568,USER_8085,52.97,1.0,100,1
TXN_2784,USER_1024,190.32,1.0,100,1
TXN_30648,USER_5149,224.59,1.0,100,1
TXN_49977,USER_1316,19.74,1.0,100,1
TXN_33076,USER_4269,53.53,1.0,100,1
TXN_4171,USER_3432,26.15,1.0,100,1
TXN_49883,USER_4705,27.63,1.0,100,1
TXN_49189,USER_8391,28.38,1.0,100,1
TXN_34295,USER_3125,78.58,1.0,100,1
TXN_16414,USER_8354,91.71,1.0,100,1
TXN_31724,USER_9545,12.74,1.0,100,1
TXN_16210,USER_8975,61.16,1.0,100,1
TXN_40265,USER_1304,13.75,1.0,100,1
TXN_35288,USER_6662,267.99,1.0,100,1
TXN_12754,USER_3773,83.41,1.0,100,1
TXN_7554,USER_3486,26.15,1.0,100,1
TXN_45353,USER_3135,15.14,1.0,100,1
TXN_42591,USER_2858,221.73,1.0,100,1
TXN_22585,USER_7144,54.05,1.0,100,1
TXN_32306,USER_3861,118.39,1.0,100,1
TXN_14897,USER_2836,85.92,1.0,100,1
TXN_49284,USER_3680,29.52,1.0,100,1
TXN_9570,USER_7229,325.15,1.0,100,1
TXN_22586,USER_2744,21.16,1.0,100,1
TXN_33819,USER_1290,29.5,1.0,100,1
TXN_2566,USER_6054,216.1,1.0,100,1
TXN_36872,USER_5844,5.0,1.0,100,1
TXN_41672,USER_1219,6.34,1.0,100,1
TXN_17869,USER_8173,50.57,1.0,100,1
TXN_22129,USER_1964,11.09,1.0,100,1
TXN_45212,USER_5318,103.5,1.0,100,1
TXN_10602,USER_4330,230.08,1.0,100,1
TXN_20162,USER_5670,65.85,1.0,100,1
TXN_47505,USER_2286,128.28,1.0,100,1
TXN_7124,USER_5879,7.24,1.0,100,1
TXN_29555,USER_3066,79.74,1.0,100,1
TXN_299,USER_8455,59.82,1.0,100,1
TXN_39271,USER_3380,76.01,1.0,100,1
TXN_39478,USER_7900,16.57,1.0,100,1
TXN_40452,USER_8997,188.28,1.0,100,1
TXN_3371,USER_7409,69.37,1.0,100,1
TXN_41819,USER_9989,130.99,1.0,100,1
TXN_2788,USER_9068,1.96,1.0,100,1
TXN_45351,USER_5993,9.36,1.0,100,1
TXN_34058,USER_1785,20.48,1.0,100,1
TXN_21997,USER_2256,61.33,1.0,100,1
TXN_7488,USER_1801,101.47,1.0,100,1
TXN_27826,USER_7235,43.9,1.0,100,1
TXN_15770,USER_7874,232.42,1.0,100,1
TXN_35018,USER_8246,90.99,1.0,100,1
TXN_36422,USER_6745,25.06,1.0,100,1
TXN_8029,USER_9983,117.84,1.0,100,1
TXN_26079,USER_2105,24.63,1.0,100,1
TXN_32068,USER_5010,62.96,1.0,100,1
TXN_13218,USER_4345,183.0,1.0,100,1
TXN_27149,USER_9309,145.76,1.0,100,1
TXN_4935,USER_7079,51.24,1.0,100,1
TXN_38755,USER_6597,147.88,1.0,100,1
TXN_39726,USER_5123,3.45,1.0,100,1
TXN_20826,USER_7453,45.8,1.0,100,1
TXN_24438,USER_2417,84.47,1.0,100,1
TXN_23300,USER_4948,3.97,1.0,100,1
TXN_2583,USER_3466,55.94,1.0,100,1
TXN_42254,USER_6105,369.33,1.0,100,1
TXN_26414,USER_8102,30.16,1.0,100,1
TXN_47168,USER_9735,53.27,1.0,100,1
TXN_43638,USER_6397,25.71,1.0,100,1
TXN_25211,USER_9985,271.79,1.0,100,1
TXN_21929,USER_9469,16.61,1.0,100,1
TXN_25944,USER_4034,22.31,1.0,100,1
TXN_5973,USER_6003,25.72,1.0,100,1
TXN_38732,USER_6271,27.56,1.0,100,1
TXN_27683,USER_5292,241.16,1.0,100,1
TXN_16317,USER_1050,147.13,1.0,100,1
TXN_12891,USER_3025,144.32,1.0,100,1
TXN_26606,USER_1881,7.82,1.0,100,1
TXN_37788,USER_5880,94.3,1.0,100,1
TXN_40055,USER_7763,78.96,1.0,100,1
TXN_40444,USER_7333,22.18,1.0,100,1
TXN_15528,USER_5611,47.07,1.0,100,1
TXN_5284,USER_2861,51.33,1.0,100,1
TXN_48335,USER_3292,37.46,1.0,100,1
TXN_38749,USER_9181,254.79,1.0,100,1
TXN_39240,USER_1003,52.3,1.0,100,1
TXN_12764,USER_6020,17.35,1.0,100,1
TXN_22262,USER_5753,55.64,1.0,100,1
TXN_27362,USER_4121,46.76,1.0,100,1
TXN_48140,USER_7745,12.1,1.0,100,1
TXN_1765,USER_3349,203.95,1.0,100,1
TXN_32361,USER_6078,38.59,1.0,100,1
TXN_32612,USER_3250,27.08,1.0,100,1
TXN_29296,USER_5650,61.9,1.0,100,1
TXN_24781,USER_9079,65.0,1.0,100,1
TXN_37589,USER_3100,169.89,1.0,100,1
TXN_17607,USER_2602,202.68,1.0,100,1
TXN_33372,USER_7479,148.29,1.0,100,1
TXN_32036,USER_5631,131.54,1.0,100,1
TXN_41326,USER_5887,44.94,1.0,100,1
TXN_13271,USER_7704,31.12,1.0,100,1
TXN_32139,USER_4471,33.23,1.0,100,1
TXN_17125,USER_9243,9.23,1.0,100,1
TXN_21878,USER_9432,3.97,1.0,100,1
TXN_5453,USER_4010,11.43,1.0,100,1
TXN_39319,USER_6195,96.66,1.0,100,1
TXN_7202,USER_9990,3.2,1.0,100,1
TXN_30139,USER_5974,108.71,1.0,100,1
TXN_12139,USER_6539,135.02,1.0,100,1
TXN_37176,USER_2432,80.15,1.0,100,1
TXN_22584,USER_3677,59.6,1.0,100,1
TXN_4286,USER_1725,108.48,1.0,100,1
TXN_1216,USER_8206,218.13,1.0,100,1
TXN_49158,USER_6010,66.84,1.0,100,1
TXN_31956,USER_5541,6.12,1.0,100,1
TXN_24759,USER_5936,63.08,1.0,100,1
TXN_19401,USER_3027,46.03,1.0,100,1
TXN_49786,USER_2941,6.39,1.0,100,1
TXN_689,USER_7090,179.97,1.0,100,1
TXN_48239,USER_8867,170.51,1.0,100,1
TXN_9514,USER_2816,44.67,1.0,100,1
TXN_5648,USER_7159,6.46,1.0,100,1
TXN_35939,USER_7755,33.19,1.0,100,1
TXN_20846,USER_4081,180.86,1.0,100,1
TXN_27406,USER_1718,43.05,1.0,100,1
TXN_16554,USER_9204,28.68,1.0,100,1
TXN_24328,USER_5250,136.38,1.0,100,1
TXN_41616,USER_5262,206.71,1.0,100,1
TXN_48473,USER_3701,117.57,1.0,100,1
TXN_19960,USER_9079,223.61,1.0,100,1
TXN_34286,USER_3228,36.87,1.0,100,1
TXN_47810,USER_7937,96.18,1.0,100,1
TXN_49438,USER_8858,38.41,1.0,100,1
TXN_1870,USER_8045,14.92,1.0,100,1
TXN_29000,USER_5690,12.99,1.0,100,1
TXN_21936,USER_8472,364.82,1.0,100,1
TXN_17083,USER_9648,128.07,1.0,100,1
TXN_8704,USER_1537,68.99,1.0,100,1
TXN_40694,USER_8473,4.81,1.0,100,1
TXN_45760,USER_9440,282.39,1.0,100,1
TXN_48632,USER_8335,128.02,1.0,100,1
TXN_5164,USER_7852,217.45,1.0,100,1
TXN_38060,USER_6441,28.37,1.0,100,1
TXN_26949,USER_5987,174.64,1.0,100,1
TXN_41152,USER_4986,74.12,1.0,100,1
TXN_26696,USER_7148,192.08,1.0,100,1
TXN_31167,USER_3149,94.62,1.0,100,1
TXN_31519,USER_7006,154.41,1.0,100,1
TXN_41378,USER_7840,290.3,1.0,100,1
TXN_38432,USER_9650,86.21,1.0,100,1
TXN_30664,USER_5365,9.81,1.0,100,1
TXN_30711,USER_9169,0.14,1.0,100,1
TXN_39950,USER_4513,89.17,1.0,100,1
TXN_37722,USER_9963,122.27,1.0,100,1
TXN_7106,USER_5538,149.11,1.0,100,1
TXN_30533,USER_7968,136.01,1.0,100,1
TXN_21012,USER_4859,69.59,1.0,100,1
TXN_16326,USER_4728,17.98,1.0,100,1
TXN_22653,USER_6081,410.47,1.0,100,1
TXN_12842,USER_9700,12.91,1.0,100,1
TXN_10933,USER_4527,115.14,1.0,100,1
TXN_48631,USER_4827,9.55,1.0,100,1
TXN_49122,USER_8306,90.35,1.0,100,1
TXN_12672,USER_6153,4.96,1.0,100,1
TXN_2976,USER_7198,35.14,1.0,100,1
TXN_29597,USER_3157,407.73,1.0,100,1
TXN_17526,USER_4411,43.3,1.0,100,1
TXN_40944,USER_9131,322.67,1.0,100,1
TXN_10325,USER_6612,83.72,1.0,100,1
TXN_18308,USER_2249,38.54,1.0,100,1
TXN_47023,USER_4962,83.84,1.0,100,1
TXN_29359,USER_1968,98.05,1.0,100,1
TXN_49006,USER_7441,10.24,1.0,100,1
TXN_43787,USER_8043,52.03,1.0,100,1
TXN_43907,USER_9357,187.0,1.0,100,1
TXN_9434,USER_8874,180.45,1.0,100,1
TXN_47160,USER_3935,54.33,1.0,100,1
TXN_25126,USER_4159,113.7,1.0,100,1
TXN_45331,USER_8054,150.85,1.0,100,1
TXN_25531,USER_4353,55.25,1.0,100,1
TXN_33445,USER_4548,208.76,1.0,100,1
TXN_26795,USER_9422,5.46,1.0,100,1
TXN_19146,USER_8227,124.05,1.0,100,1
TXN_24019,USER_8348,84.28,1.0,100,1
TXN_3668,USER_1615,68.82,1.0,100,1
TXN_45107,USER_3256,291.02,1.0,100,1
TXN_22846,USER_1223,211.29,1.0,100,1
TXN_39771,USER_2730,57.34,1.0,100,1
TXN_31121,USER_2783,10.02,1.0,100,1
TXN_47902,USER_3305,9.66,1.0,100,1
TXN_9904,USER_3243,67.07,1.0,100,1
TXN_21783,USER_6256,109.9,1.0,100,1
TXN_16683,USER_2365,215.38,1.0,100,1
TXN_14003,USER_8564,85.99,1.0,100,1
TXN_7459,USER_9736,551.28,1.0,100,1
TXN_14251,USER_9468,290.81,1.0,100,1
TXN_28240,USER_5578,29.85,1.0,100,1
TXN_27958,USER_7533,43.43,1.0,100,1
TXN_36099,USER_1161,117.68,1.0,100,1
TXN_49465,USER_9625,2.6,1.0,100,1
TXN_27888,USER_1942,10.51,1.0,100,1
TXN_7098,USER_9101,30.57,1.0,100,1
TXN_39320,USER_2869,26.19,1.0,100,1
TXN_34074,USER_7641,421.25,1.0,100,1
TXN_48039,USER_3051,0.02,1.0,100,1
TXN_28051,USER_6551,153.61,1.0,100,1
TXN_10572,USER_7822,243.9,1.0,100,1
TXN_35789,USER_8900,53.05,1.0,100,1
TXN_48511,USER_1931,73.13,1.0,100,1
TXN_8696,USER_8863,28.3,1.0,100,1
TXN_19866,USER_4661,57.75,1.0,100,1
TXN_23995,USER_8859,1.57,1.0,100,1
TXN_41587,USER_9382,62.67,1.0,100,1
TXN_24439,USER_6905,107.76,1.0,100,1
TXN_5985,USER_1709,150.38,1.0,100,1
TXN_17977,USER_2473,2.87,1.0,100,1
TXN_14465,USER_1460,29.33,1.0,100,1
TXN_41564,USER_1442,8.32,1.0,100,1
TXN_44302,USER_3552,125.58,1.0,100,1
TXN_44975,USER_8591,9.11,1.0,100,1
TXN_28986,USER_6021,177.11,1.0,100,1
TXN_30650,USER_6161,22.66,1.0,100,1
TXN_3884,USER_3011,94.39,1.0,100,1
TXN_48042,USER_3940,44.62,1.0,100,1
TXN_5106,USER_1371,87.65,1.0,100,1
TXN_43692,USER_2722,208.19,1.0,100,1
TXN_28606,USER_1119,16.34,1.0,100,1
TXN_37717,USER_9824,40.98,1.0,100,1
TXN_43175,USER_1392,13.38,1.0,100,1
TXN_48905,USER_2096,1.36,1.0,100,1
TXN_10228,USER_6067,93.95,1.0,100,1
TXN_9614,USER_3552,121.49,1.0,100,1
TXN_30475,USER_7482,157.07,1.0,100,1
TXN_19865,USER_3831,115.16,1.0,100,1
TXN_35,USER_4890,101.32,1.0,100,1
TXN_31281,USER_5949,178.39,1.0,100,1
TXN_2535,USER_9210,3.19,1.0,100,1
TXN_21098,USER_1110,42.03,1.0,100,1
TXN_35301,USER_3455,130.53,1.0,100,1
TXN_14247,USER_3522,0.82,1.0,100,1
TXN_35563,USER_5288,103.24,1.0,100,1
TXN_23810,USER_4293,54.29,1.0,100,1
TXN_48218,USER_2045,146.32,1.0,100,1
TXN_47095,USER_7953,147.1,1.0,100,1
TXN_38855,USER_6127,142.16,1.0,100,1
TXN_24943,USER_4680,226.74,1.0,100,1
TXN_21853,USER_9611,79.24,1.0,100,1
TXN_22744,USER_1964,112.71,1.0,100,1
TXN_14262,USER_5750,122.98,1.0,100,1
TXN_35957,USER_8030,203.42,1.0,100,1
TXN_40013,USER_1358,168.08,1.0,100,1
TXN_25487,USER_5406,198.91,1.0,100,1
TXN_43755,USER_3996,49.1,1.0,100,1
TXN_46567,USER_6614,372.15,1.0,100,1
TXN_19553,USER_5690,2.89,1.0,100,1
TXN_35769,USER_3663,93.53,1.0,100,1
TXN_4323,USER_6695,51.34,1.0,100,1
TXN_33147,USER_3394,18.89,1.0,100,1
TXN_48316,USER_6674,135.78,1.0,100,1
TXN_349,USER_8027,4.84,1.0,100,1
TXN_33502,USER_8057,6.5,1.0,100,1
TXN_37068,USER_3013,45.42,1.0,100,1
TXN_18717,USER_4009,33.06,1.0,100,1
TXN_5437,USER_8433,122.87,1.0,100,1
TXN_27756,USER_1780,18.27,1.0,100,1
TXN_28518,USER_8750,308.85,1.0,100,1
TXN_4147,USER_3866,7.5,1.0,100,1
TXN_8232,USER_2184,41.27,1.0,100,1
TXN_49713,USER_1737,21.85,1.0,100,1
TXN_48199,USER_5431,8.71,1.0,100,1
TXN_30123,USER_3505,158.78,1.0,100,1
TXN_48000,USER_9662,11.29,1.0,100,1
TXN_46313,USER_4793,6.51,1.0,100,1
TXN_24110,USER_6290,558.5,1.0,100,1
TXN_30998,USER_4497,161.29,1.0,100,1
TXN_44498,USER_3389,80.2,1.0,100,1
TXN_37936,USER_3537,61.81,1.0,100,1
TXN_11794,USER_2082,116.81,1.0,100,1
TXN_35550,USER_6121,94.79,1.0,100,1
TXN_26264,USER_3390,85.96,1.0,100,1
TXN_42508,USER_2537,144.53,1.0,100,1
TXN_13090,USER_2967,296.75,1.0,100,1
TXN_6586,USER_5071,73.53,1.0,100,1
TXN_24007,USER_7995,110.45,1.0,100,1
TXN_26095,USER_2652,107.34,1.0,100,1
TXN_33054,USER_9521,104.48,1.0,100,1
TXN_12129,USER_1533,40.38,1.0,100,1
TXN_3888,USER_2447,23.29,1.0,100,1
TXN_13499,USER_8296,10.58,1.0,100,1
TXN_44154,USER_9075,225.87,1.0,100,1
TXN_10117,USER_9561,38.18,1.0,100,1
TXN_1666,USER_3875,41.18,1.0,100,1
TXN_14338,USER_3968,6.38,1.0,100,1
TXN_45304,USER_8309,74.88,1.0,100,1
TXN_27645,USER_6905,159.19,1.0,100,1
TXN_35152,USER_6825,82.49,1.0,100,1
TXN_33555,USER_6270,85.96,1.0,100,1
TXN_20780,USER_5286,122.3,1.0,100,1
TXN_38007,USER_7202,40.67,1.0,100,1
TXN_1265,USER_1726,8.99,1.0,100,1
TXN_8143,USER_7763,174.62,1.0,100,1
TXN_8030,USER_1636,16.6,1.0,100,1
TXN_42023,USER_3678,309.75,1.0,100,1
TXN_9939,USER_9272,223.42,1.0,100,1
TXN_9789,USER_9176,154.51,1.0,100,1
TXN_34256,USER_6602,132.63,1.0,100,1
TXN_43032,USER_4094,65.72,1.0,100,1
TXN_43255,USER_9253,63.85,1.0,100,1
TXN_6162,USER_4055,31.71,1.0,100,1
TXN_38526,USER_6606,36.28,1.0,100,1
TXN_30108,USER_1959,147.14,1.0,100,1
TXN_38322,USER_4494,79.75,1.0,100,1
TXN_24745,USER_5313,32.16,1.0,100,1
TXN_31124,USER_3819,0.9,1.0,100,1
TXN_42208,USER_9928,100.31,1.0,100,1
TXN_34230,USER_9681,42.8,1.0,100,1
TXN_41905,USER_7420,93.75,1.0,100,1
TXN_5800,USER_1402,221.31,1.0,100,1
TXN_31657,USER_1456,28.74,1.0,100,1
TXN_31251,USER_3284,82.8,1.0,100,1
TXN_21896,USER_1218,64.49,1.0,100,1
TXN_16643,USER_6719,83.91,1.0,100,1
TXN_5025,USER_9516,317.14,1.0,100,1
TXN_47653,USER_5976,80.72,1.0,100,1
TXN_23898,USER_8884,16.38,1.0,100,1
TXN_12332,USER_2195,208.05,1.0,100,1
TXN_49214,USER_6950,42.2,1.0,100,1
TXN_34432,USER_6764,25.7,1.0,100,1
TXN_9019,USER_4487,71.2,1.0,100,1
TXN_11557,USER_8248,59.77,1.0,100,1
TXN_9355,USER_7487,73.7,1.0,100,1
TXN_6290,USER_2849,126.03,1.0,100,1
TXN_10643,USER_9212,162.68,1.0,100,1
TXN_13425,USER_1653,21.3,1.0,100,1
TXN_14950,USER_5166,70.88,1.0,100,1
TXN_9151,USER_3729,93.41,1.0,100,1
TXN_27432,USER_4070,12.44,1.0,100,1
TXN_6488,USER_4981,39.26,1.0,100,1
TXN_36121,USER_7833,63.35,1.0,100,1
TXN_4187,USER_1589,530.82,1.0,100,1
TXN_43653,USER_4600,72.36,1.0,100,1
TXN_43054,USER_4022,173.13,1.0,100,1
TXN_23062,USER_3157,14.85,1.0,100,1
TXN_2694,USER_7652,29.67,1.0,100,1
TXN_421,USER_5107,103.22,1.0,100,1
TXN_18484,USER_6889,109.24,1.0,100,1
TXN_16349,USER_5172,90.45,1.0,100,1
TXN_24479,USER_2069,78.33,1.0,100,1
TXN_12131,USER_8120,419.03,1.0,100,1
TXN_33118,USER_5848,72.89,1.0,100,1
TXN_11508,USER_4021,89.3,1.0,100,1
TXN_7316,USER_5864,26.94,1.0,100,1
TXN_34970,USER_9955,122.08,1.0,100,1
TXN_16809,USER_7026,9.5,1.0,100,1
TXN_21426,USER_5731,228.83,1.0,100,1
TXN_2170,USER_4920,21.46,1.0,100,1
TXN_5118,USER_4569,118.21,1.0,100,1
TXN_40531,USER_7478,15.21,1.0,100,1
TXN_4163,USER_2719,109.47,1.0,100,1
TXN_4501,USER_3669,11.3,1.0,100,1
TXN_38537,USER_4351,148.62,1.0,100,1
TXN_8364,USER_7176,225.36,1.0,100,1
TXN_17382,USER_9808,31.31,1.0,100,1
TXN_5804,USER_5157,173.37,1.0,100,1
TXN_49082,USER_6774,146.92,1.0,100,1
TXN_38238,USER_9066,357.88,1.0,100,1
TXN_12293,USER_6058,12.32,1.0,100,1
TXN_37301,USER_5783,24.74,1.0,100,1
TXN_5578,USER_9992,479.16,1.0,100,1
TXN_29643,USER_4894,95.24,1.0,100,1
TXN_23774,USER_1971,71.9,1.0,100,1
TXN_21079,USER_5349,120.74,1.0,100,1
TXN_23152,USER_5485,57.99,1.0,100,1
TXN_39501,USER_2475,1.37,1.0,100,1
TXN_12238,USER_9244,182.05,1.0,100,1
TXN_47607,USER_4471,120.54,1.0,100,1
TXN_33047,USER_9608,89.67,1.0,100,1
TXN_34261,USER_5422,15.84,1.0,100,1
TXN_37897,USER_1920,11.57,1.0,100,1
TXN_12826,USER_2275,98.65,1.0,100,1
TXN_29080,USER_9487,49.1,1.0,100,1
TXN_42738,USER_8723,131.5,1.0,100,1
TXN_34101,USER_8691,11.23,1.0,100,1
TXN_27284,USER_5063,30.83,1.0,100,1
TXN_31917,USER_7661,185.02,1.0,100,1
TXN_42937,USER_9904,102.13,1.0,100,1
TXN_1946,USER_5798,12.87,1.0,100,1
TXN_21943,USER_9808,306.29,1.0,100,1
TXN_15740,USER_5271,11.94,1.0,100,1
TXN_16684,USER_8834,5.48,1.0,100,1
TXN_11883,USER_1948,2.79,1.0,100,1
TXN_5338,USER_8376,145.3,1.0,100,1
TXN_18949,USER_4381,501.83,1.0,100,1
TXN_8300,USER_9572,123.27,1.0,100,1
TXN_46764,USER_8164,72.69,1.0,100,1
TXN_24641,USER_1595,45.54,1.0,100,1
TXN_47753,USER_4904,196.01,1.0,100,1
TXN_8405,USER_7010,179.14,1.0,100,1
TXN_19579,USER_3025,24.87,1.0,100,1
TXN_31878,USER_6784,30.73,1.0,100,1
TXN_14808,USER_8596,83.54,1.0,100,1
TXN_39484,USER_6311,51.17,1.0,100,1
TXN_38089,USER_2609,26.02,1.0,100,1
TXN_7012,USER_7982,48.33,1.0,100,1
TXN_15212,USER_2449,152.27,1.0,100,1
TXN_13808,USER_6434,8.76,1.0,100,1
TXN_10711,USER_6179,110.12,1.0,100,1
TXN_28959,USER_6085,55.5,1.0,100,1
TXN_3844,USER_7419,126.32,1.0,100,1
TXN_46375,USER_7318,168.57,1.0,100,1
TXN_37439,USER_6361,140.21,1.0,100,1
TXN_27455,USER_5699,237.04,1.0,100,1
TXN_43325,USER_2209,88.59,1.0,100,1
TXN_546,USER_4627,74.29,1.0,100,1
TXN_15530,USER_8717,61.72,1.0,100,1
TXN_19565,USER_3072,43.19,1.0,100,1
TXN_29200,USER_1265,6.47,1.0,100,1
TXN_30299,USER_6288,58.88,1.0,100,1
TXN_49223,USER_9591,8.47,1.0,100,1
TXN_24048,USER_2739,202.86,1.0,100,1
TXN_11866,USER_2127,227.34,1.0,100,1
TXN_2706,USER_4730,110.21,1.0,100,1
TXN_34944,USER_6104,77.75,1.0,100,1
TXN_3099,USER_8618,11.4,1.0,100,1
TXN_22170,USER_2455,191.15,1.0,100,1
TXN_45431,USER_2585,101.1,1.0,100,1
TXN_8342,USER_8028,106.88,1.0,100,1
TXN_10300,USER_3957,66.97,1.0,100,1
TXN_26191,USER_4788,84.59,1.0,100,1
TXN_2609,USER_7990,44.84,1.0,100,1
TXN_42463,USER_5778,1.27,1.0,100,1
TXN_36456,USER_8599,83.58,1.0,100,1
TXN_24409,USER_3821,22.37,1.0,100,1
TXN_48910,USER_1193,393.11,1.0,100,1
TXN_15175,USER_9654,41.81,1.0,100,1
TXN_11027,USER_3466,90.03,1.0,100,1
TXN_27026,USER_9564,179.43,1.0,100,1
TXN_23060,USER_5552,218.92,1.0,100,1
TXN_1020,USER_3143,44.38,1.0,100,1
TXN_20006,USER_6760,4.0,1.0,100,1
TXN_35869,USER_3027,52.69,1.0,100,1
TXN_13194,USER_7347,274.03,1.0,100,1
TXN_3468,USER_8829,38.47,1.0,100,1
TXN_13874,USER_5145,14.78,1.0,100,1
TXN_37603,USER_3571,51.74,1.0,100,1
TXN_14436,USER_2647,31.23,1.0,100,1
TXN_44834,USER_4189,21.01,1.0,100,1
TXN_5468,USER_2480,14.05,1.0,100,1
TXN_22236,USER_6059,81.21,1.0,100,1
TXN_26922,USER_8056,0.09,1.0,100,1
TXN_25492,USER_9199,66.01,1.0,100,1
TXN_1790,USER_9533,134.19,1.0,100,1
TXN_19153,USER_2529,1.43,1.0,100,1
TXN_47839,USER_5397,22.85,1.0,100,1
TXN_48721,USER_9109,75.57,1.0,100,1
TXN_44322,USER_3754,4.7,1.0,100,1
TXN_26881,USER_1545,4.24,1.0,100,1
TXN_6547,USER_8669,309.08,1.0,100,1
TXN_25526,USER_5138,15.33,1.0,100,1
TXN_43690,USER_2281,81.88,1.0,100,1
TXN_18567,USER_8691,56.88,1.0,100,1
TXN_26603,USER_3376,114.65,1.0,100,1
TXN_33864,USER_8874,196.22,1.0,100,1
TXN_41292,USER_8026,116.15,1.0,100,1
TXN_36907,USER_1715,151.74,1.0,100,1
TXN_31678,USER_9156,65.05,1.0,100,1
TXN_6362,USER_3149,168.56,1.0,100,1
TXN_38912,USER_3420,113.36,1.0,100,1
TXN_47934,USER_7774,210.25,1.0,100,1
TXN_5760,USER_2173,62.41,1.0,100,1
TXN_45426,USER_1022,384.05,1.0,100,1
TXN_33017,USER_8815,3.82,1.0,100,1
TXN_20264,USER_6247,56.04,1.0,100,1
TXN_43866,USER_4718,110.2,1.0,100,1
TXN_33163,USER_6947,73.0,1.0,100,1
TXN_11495,USER_4811,21.64,1.0,100,1
TXN_9629,USER_3952,35.84,1.0,100,1
TXN_19749,USER_5067,57.6,1.0,100,1
TXN_11365,USER_8621,124.81,1.0,100,1
TXN_13512,USER_5741,128.37,1.0,100,1
TXN_41683,USER_5121,339.58,1.0,100,1
TXN_30741,USER_7770,10.18,1.0,100,1
TXN_7582,USER_6773,0.8,1.0,100,1
TXN_37667,USER_8090,40.76,1.0,100,1
TXN_30532,USER_5462,139.89,1.0,100,1
TXN_17259,USER_5834,314.22,1.0,100,1
TXN_38456,USER_7495,378.17,1.0,100,1
TXN_36239,USER_2643,67.93,1.0,100,1
TXN_2193,USER_8710,91.66,1.0,100,1
TXN_26163,USER_5367,20.78,1.0,100,1
TXN_30645,USER_1086,203.58,1.0,100,1
TXN_46923,USER_1996,22.71,1.0,100,1
TXN_11537,USER_5237,183.59,1.0,100,1
TXN_13416,USER_1713,329.84,1.0,100,1
TXN_18407,USER_8546,235.86,1.0,100,1
TXN_40517,USER_1259,85.74,1.0,100,1
TXN_8360,USER_8743,17.31,1.0,100,1
TXN_39555,USER_7570,118.17,1.0,100,1
TXN_11227,USER_2829,97.57,1.0,100,1
TXN_42794,USER_8236,113.98,1.0,100,1
TXN_49534,USER_9587,16.33,1.0,100,1
TXN_24807,USER_8900,47.6,1.0,100,1
TXN_10784,USER_8111,33.38,1.0,100,1
TXN_29822,USER_5635,34.83,1.0,100,1
TXN_45101,USER_3370,31.61,1.0,100,1
TXN_7552,USER_3024,175.46,1.0,100,1
TXN_31119,USER_6347,54.81,1.0,100,1
TXN_46079,USER_9647,38.17,1.0,100,1
TXN_45309,USER_5082,52.23,1.0,100,1
TXN_2732,USER_3808,127.07,1.0,100,1
TXN_1872,USER_6772,89.68,1.0,100,1
TXN_4720,USER_3646,0.15,1.0,100,1
TXN_16631,USER_7898,44.41,1.0,100,1
TXN_1368,USER_9707,103.66,1.0,100,1
TXN_40756,USER_8159,158.02,1.0,100,1
TXN_36173,USER_2693,228.48,1.0,100,1
TXN_49016,USER_5741,1.8,1.0,100,1
TXN_1059,USER_3768,39.64,1.0,100,1
TXN_43981,USER_9226,55.82,1.0,100,1
TXN_33633,USER_7490,81.55,1.0,100,1
TXN_4479,USER_7897,54.69,1.0,100,1
TXN_4198,USER_8984,47.5,1.0,100,1
TXN_47991,USER_5433,68.31,1.0,100,1
TXN_31779,USER_2542,153.24,1.0,100,1
TXN_39595,USER_5862,46.01,1.0,100,1
TXN_47927,USER_8890,24.86,1.0,100,1
TXN_761,USER_1232,33.34,1.0,100,1
TXN_42897,USER_6909,1.92,1.0,100,1
TXN_48476,USER_3145,182.1,1.0,100,1
TXN_41036,USER_8544,283.07,1.0,100,1
TXN_47052,USER_4255,210.39,1.0,100,1
TXN_41829,USER_9976,176.73,1.0,100,1
TXN_26394,USER_3044,88.78,1.0,100,1
TXN_2428,USER_6394,39.01,1.0,100,1
TXN_29962,USER_9064,113.46,1.0,100,1
TXN_35035,USER_6391,164.29,1.0,100,1
TXN_36091,USER_9841,420.08,1.0,100,1
TXN_26874,USER_7840,91.52,1.0,100,1
TXN_16477,USER_1059,65.98,1.0,100,1
TXN_20708,USER_9623,66.22,1.0,100,1
TXN_21459,USER_6422,19.27,1.0,100,1
TXN_32819,USER_7112,103.79,1.0,100,1
TXN_41596,USER_5398,118.13,1.0,100,1
TXN_38298,USER_7688,20.19,1.0,100,1
TXN_17490,USER_1679,35.74,1.0,100,1
TXN_32998,USER_3020,86.32,1.0,100,1
TXN_30895,USER_6460,29.86,1.0,100,1
TXN_2005,USER_6439,22.61,1.0,100,1
TXN_12603,USER_5885,24.25,1.0,100,1
TXN_13987,USER_5116,88.0,1.0,100,1
TXN_17147,USER_8222,303.16,1.0,100,1
TXN_2968,USER_7091,175.19,1.0,100,1
TXN_13257,USER_3394,4.38,1.0,100,1
TXN_45411,USER_4892,42.85,1.0,100,1
TXN_21910,USER_9011,21.52,1.0,100,1
TXN_15462,USER_5576,38.87,1.0,100,1
TXN_14370,USER_3783,51.92,1.0,100,1
TXN_44444,USER_4519,214.48,1.0,100,1
TXN_12567,USER_2332,13.92,1.0,100,1
TXN_6878,USER_4845,212.11,1.0,100,1
TXN_21733,USER_8754,24.55,1.0,100,1
TXN_29078,USER_6635,26.99,1.0,100,1
TXN_9578,USER_5969,68.17,1.0,100,1
TXN_40895,USER_5454,2.74,1.0,100,1
TXN_18529,USER_2169,47.84,1.0,100,1
TXN_33918,USER_5415,189.57,1.0,100,1
TXN_27593,USER_2517,11.29,1.0,100,1
TXN_10096,USER_7190,143.76,1.0,100,1
TXN_19505,USER_3083,81.49,1.0,100,1
TXN_37053,USER_2052,16.27,1.0,100,1
TXN_32180,USER_7239,185.96,1.0,100,1
TXN_40637,USER_7245,29.41,1.0,100,1
TXN_40727,USER_1310,152.65,1.0,100,1
TXN_47152,USER_3205,137.09,1.0,100,1
TXN_24002,USER_4709,9.73,1.0,100,1
TXN_28259,USER_9087,49.97,1.0,100,1
TXN_34853,USER_6351,71.9,1.0,100,1
TXN_7681,USER_9201,131.08,1.0,100,1
TXN_6508,USER_3544,30.72,1.0,100,1
TXN_16793,USER_4670,119.63,1.0,100,1
TXN_1916,USER_4302,43.19,1.0,100,1
TXN_7072,USER_1393,113.74,1.0,100,1
TXN_8214,USER_7806,54.83,1.0,100,1
TXN_41963,USER_4991,262.92,1.0,100,1
TXN_9530,USER_3093,117.09,1.0,100,1
TXN_48509,USER_7471,44.21,1.0,100,1
TXN_23910,USER_4560,0.57,1.0,100,1
TXN_32905,USER_5038,3.7,1.0,100,1
TXN_5449,USER_4192,94.07,1.0,100,1
TXN_19637,USER_9940,497.04,1.0,100,1
TXN_16640,USER_9192,36.45,1.0,100,1
TXN_42443,USER_7031,310.97,1.0,100,1
TXN_32603,USER_9060,16.86,1.0,100,1
TXN_6741,USER_4237,127.77,1.0,100,1
TXN_31677,USER_6606,249.96,1.0,100,1
TXN_5268,USER_6823,104.6,1.0,100,1
TXN_43724,USER_5017,124.62,1.0,100,1
TXN_32257,USER_8577,60.28,1.0,100,1
TXN_30068,USER_4676,68.11,1.0,100,1
TXN_32341,USER_1387,224.89,1.0,100,1
TXN_25106,USER_4176,27.95,1.0,100,1
TXN_48835,USER_6334,4.02,1.0,100,1
TXN_12060,USER_7260,31.54,1.0,100,1
TXN_8681,USER_2995,99.68,1.0,100,1
TXN_8196,USER_6672,38.44,1.0,100,1
TXN_48655,USER_9806,4.09,1.0,100,1
TXN_16856,USER_1588,377.36,1.0,100,1
TXN_25178,USER_9310,31.44,1.0,100,1
TXN_28218,USER_1732,79.18,1.0,100,1
TXN_17865,USER_3324,146.61,1.0,100,1
TXN_36333,USER_6445,20.87,1.0,100,1
TXN_14954,USER_8371,63.8,1.0,100,1
TXN_26906,USER_2934,268.83,1.0,100,1
TXN_31604,USER_1575,11.01,1.0,100,1
TXN_13531,USER_3802,15.12,1.0,100,1
TXN_2701,USER_3834,172.65,1.0,100,1
TXN_26068,USER_9923,27.96,1.0,100,1
TXN_34500,USER_7564,19.28,1.0,100,1
TXN_38842,USER_1744,3.49,1.0,100,1
TXN_3537,USER_2673,221.61,1.0,100,1
TXN_47610,USER_2968,84.54,1.0,100,1
TXN_259,USER_9754,85.23,1.0,100,1
TXN_40730,USER_2691,95.26,1.0,100,1
TXN_7536,USER_9001,9.63,1.0,100,1
TXN_20432,USER_9117,15.3,1.0,100,1
TXN_43839,USER_3957,133.3,1.0,100,1
TXN_46105,USER_3962,59.38,1.0,100,1
TXN_10950,USER_8727,113.69,1.0,100,1
TXN_40789,USER_4135,57.68,1.0,100,1
TXN_7405,USER_3592,3.62,1.0,100,1
TXN_46990,USER_5600,41.07,1.0,100,1
TXN_49523,USER_5832,102.59,1.0,100,1
TXN_14510,USER_1543,37.91,1.0,100,1
TXN_4685,USER_9693,351.52,1.0,100,1
TXN_31184,USER_3489,80.63,1.0,100,1
TXN_43666,USER_8033,100.68,1.0,100,1
TXN_43746,USER_3520,131.16,1.0,100,1
TXN_41925,USER_5526,54.92,1.0,100,1
TXN_49606,USER_1813,5.76,1.0,100,1
TXN_40000,USER_7562,117.73,1.0,100,1
TXN_15325,USER_4042,54.9,1.0,100,1
TXN_31180,USER_9505,136.89,1.0,100,1
TXN_8081,USER_9650,5.29,1.0,100,1
TXN_14550,USER_2477,16.68,1.0,100,1
TXN_45595,USER_2388,26.5,1.0,100,1
TXN_24934,USER_9505,236.62,1.0,100,1
TXN_29343,USER_5942,35.97,1.0,100,1
TXN_4623,USER_2243,4.65,1.0,100,1
TXN_47923,USER_4139,34.73,1.0,100,1
TXN_25695,USER_6251,6.11,1.0,100,1
TXN_5214,USER_7637,70.33,1.0,100,1
TXN_41640,USER_1665,50.02,1.0,100,1
TXN_49047,USER_4843,110.83,1.0,100,1
TXN_38473,USER_3044,160.13,1.0,100,1
TXN_31453,USER_4686,4.86,1.0,100,1
TXN_20997,USER_2228,147.34,1.0,100,1
TXN_13434,USER_4039,16.84,1.0,100,1
TXN_43906,USER_7572,25.55,1.0,100,1
TXN_30115,USER_4921,57.94,1.0,100,1
TXN_4690,USER_5386,55.12,1.0,100,1
TXN_34281,USER_8784,82.39,1.0,100,1
TXN_41558,USER_8239,139.56,1.0,100,1
TXN_23009,USER_2363,29.31,1.0,100,1
TXN_32028,USER_1467,16.07,1.0,100,1
TXN_28367,USER_9925,67.44,1.0,100,1
TXN_28296,USER_7289,15.87,1.0,100,1
TXN_17799,USER_7461,90.59,1.0,100,1
TXN_14517,USER_9560,36.34,1.0,100,1
TXN_3967,USER_8869,93.41,1.0,100,1
TXN_13211,USER_1937,37.67,1.0,100,1
TXN_6634,USER_4243,119.75,1.0,100,1
TXN_3472,USER_4644,23.74,1.0,100,1
TXN_4843,USER_5683,11.81,1.0,100,1
TXN_46388,USER_6457,50.94,1.0,100,1
TXN_16324,USER_1079,53.87,1.0,100,1
TXN_30592,USER_5965,7.31,1.0,100,1
TXN_18234,USER_6507,112.18,1.0,100,1
TXN_6625,USER_8027,69.33,1.0,100,1
TXN_20387,USER_4967,101.04,1.0,100,1
TXN_2122,USER_5966,132.55,1.0,100,1
TXN_31561,USER_6243,109.83,1.0,100,1
TXN_14062,USER_9491,22.59,1.0,100,1
TXN_40672,USER_3874,29.54,1.0,100,1
TXN_30661,USER_9916,190.04,1.0,100,1
TXN_39057,USER_4866,240.19,1.0,100,1
TXN_13223,USER_1518,288.23,1.0,100,1
TXN_41810,USER_9732,170.84,1.0,100,1
TXN_18131,USER_3197,58.1,1.0,100,1
TXN_3302,USER_1139,1.8,1.0,100,1
TXN_22793,USER_2129,55.11,1.0,100,1
TXN_25332,USER_1645,100.49,1.0,100,1
TXN_47964,USER_5436,17.82,1.0,100,1
TXN_33378,USER_6085,24.56,1.0,100,1
TXN_16578,USER_5661,107.95,1.0,100,1
TXN_49253,USER_5261,152.64,1.0,100,1
TXN_38852,USER_5214,210.19,1.0,100,1
TXN_13722,USER_9098,69.51,1.0,100,1
TXN_12998,USER_2716,24.09,1.0,100,1
TXN_15640,USER_1567,248.64,1.0,100,1
TXN_45933,USER_1117,166.09,1.0,100,1
TXN_44189,USER_5729,13.39,1.0,100,1
TXN_29027,USER_8086,148.19,1.0,100,1
TXN_25975,USER_4079,115.68,1.0,100,1
TXN_37151,USER_3902,4.46,1.0,100,1
TXN_3274,USER_1389,69.06,1.0,100,1
TXN_36471,USER_7098,379.68,1.0,100,1
TXN_18927,USER_5033,65.58,1.0,100,1
TXN_49138,USER_7783,148.37,1.0,100,1
TXN_12922,USER_6385,36.03,1.0,100,1
TXN_1349,USER_9073,45.96,1.0,100,1
TXN_11522,USER_2885,69.21,1.0,100,1
TXN_592,USER_5804,18.48,1.0,100,1
TXN_8794,USER_8637,163.38,1.0,100,1
TXN_25641,USER_2637,32.6,1.0,100,1
TXN_35516,USER_3184,72.7,1.0,100,1
TXN_7756,USER_5365,149.93,1.0,100,1
TXN_12326,USER_5105,67.43,1.0,100,1
TXN_24374,USER_7720,15.58,1.0,100,1
TXN_36949,USER_1235,144.35,1.0,100,1
TXN_48082,USER_9797,116.84,1.0,100,1
TXN_34545,USER_3203,108.78,1.0,100,1
TXN_35876,USER_3161,177.13,1.0,100,1
TXN_13967,USER_7176,3.67,1.0,100,1
TXN_29927,USER_9934,189.06,1.0,100,1
TXN_39180,USER_8508,171.26,1.0,100,1
TXN_47832,USER_4948,123.37,1.0,100,1
TXN_48640,USER_7818,70.97,1.0,100,1
TXN_40033,USER_3163,53.28,1.0,100,1
TXN_33856,USER_9696,10.95,1.0,100,1
TXN_40147,USER_4367,7.15,1.0,100,1
TXN_42670,USER_2841,36.49,1.0,100,1
TXN_39799,USER_2487,24.66,1.0,100,1
TXN_31366,USER_3172,53.44,1.0,100,1
TXN_15266,USER_4924,384.32,1.0,100,1
TXN_8216,USER_9123,179.86,1.0,100,1
TXN_29333,USER_7326,58.79,1.0,100,1
TXN_26412,USER_7779,74.18,1.0,100,1
TXN_42490,USER_1414,54.07,1.0,100,1
TXN_28776,USER_6913,2.7,1.0,100,1
TXN_49546,USER_9682,69.2,1.0,100,1
TXN_14220,USER_4145,254.6,1.0,100,1
TXN_41251,USER_8723,111.78,1.0,100,1
TXN_21336,USER_1588,71.18,1.0,100,1
TXN_49958,USER_6621,169.52,1.0,100,1
TXN_16517,USER_7255,34.84,1.0,100,1
TXN_23617,USER_6482,149.14,1.0,100,1
TXN_1228,USER_4760,0.72,1.0,100,1
TXN_39674,USER_3401,2.51,1.0,100,1
TXN_14105,USER_9535,256.38,1.0,100,1
TXN_18580,USER_7654,11.11,1.0,100,1
TXN_1028,USER_1822,323.77,1.0,100,1
TXN_43933,USER_8193,3.84,1.0,100,1
TXN_9730,USER_5839,145.67,1.0,100,1
TXN_10102,USER_2400,159.36,1.0,100,1
TXN_29664,USER_2839,111.67,1.0,100,1
TXN_392,USER_7484,59.53,1.0,100,1
TXN_38790,USER_2114,2.67,1.0,100,1
TXN_9993,USER_1918,36.55,1.0,100,1
TXN_12366,USER_3291,249.9,1.0,100,1
TXN_25585,USER_2674,86.26,1.0,100,1
TXN_8964,USER_2660,110.06,1.0,100,1
TXN_25681,USER_4751,36.53,1.0,100,1
TXN_34686,USER_4092,77.02,1.0,100,1
TXN_19745,USER_2403,146.27,1.0,100,1
TXN_12462,USER_2701,257.73,1.0,100,1
TXN_43751,USER_6772,340.74,1.0,100,1
TXN_42012,USER_9172,49.68,1.0,100,1
TXN_14979,USER_1097,16.08,1.0,100,1
TXN_1595,USER_7980,228.7,1.0,100,1
TXN_12302,USER_6228,131.44,1.0,100,1
TXN_23592,USER_4254,6.88,1.0,100,1
TXN_10180,USER_8762,64.29,1.0,100,1
TXN_47597,USER_4677,35.13,1.0,100,1
TXN_24341,USER_5860,68.12,1.0,100,1
TXN_41054,USER_7808,70.56,1.0,100,1
TXN_33408,USER_2475,144.19,1.0,100,1
TXN_15874,USER_6743,124.07,1.0,100,1
TXN_27748,USER_4186,53.38,1.0,100,1
TXN_26311,USER_1335,238.89,1.0,100,1
TXN_37795,USER_7496,10.03,1.0,100,1
TXN_28188,USER_7662,18.63,1.0,100,1
TXN_26747,USER_4080,68.61,1.0,100,1
TXN_11654,USER_8670,39.18,1.0,100,1
TXN_17830,USER_7544,168.73,1.0,100,1
TXN_11959,USER_5687,190.45,1.0,100,1
TXN_42816,USER_7605,30.93,1.0,100,1
TXN_40588,USER_2127,62.58,1.0,100,1
TXN_28741,USER_1582,15.31,1.0,100,1
TXN_28660,USER_6059,35.18,1.0,100,1
TXN_14637,USER_8048,246.88,1.0,100,1
TXN_5391,USER_1556,17.24,1.0,100,1
TXN_49467,USER_7183,37.7,1.0,100,1
TXN_8148,USER_3338,127.77,1.0,100,1
TXN_33781,USER_7026,18.5,1.0,100,1
TXN_21948,USER_2357,132.41,1.0,100,1
TXN_45821,USER_6179,367.06,1.0,100,1
TXN_4607,USER_1923,110.37,1.0,100,1
TXN_12111,USER_6760,48.21,1.0,100,1
TXN_9912,USER_7553,25.22,1.0,100,1
TXN_15808,USER_4340,32.26,1.0,100,1
TXN_28571,USER_4984,118.64,1.0,100,1
TXN_19125,USER_7590,81.34,1.0,100,1
TXN_19720,USER_8117,26.84,1.0,100,1
TXN_39648,USER_2122,39.91,1.0,100,1
TXN_6353,USER_1681,12.61,1.0,100,1
TXN_3207,USER_4722,10.05,1.0,100,1
TXN_38123,USER_6172,199.16,1.0,100,1
TXN_13239,USER_4276,123.39,1.0,100,1
TXN_47619,USER_6020,396.0,1.0,100,1
TXN_4950,USER_6618,61.03,1.0,100,1
TXN_15441,USER_1637,4.56,1.0,100,1
TXN_49112,USER_5775,85.37,1.0,100,1
TXN_3894,USER_6462,77.27,1.0,100,1
TXN_44723,USER_5586,155.15,1.0,100,1
TXN_42014,USER_4509,39.6,1.0,100,1
TXN_41306,USER_4182,144.11,1.0,100,1
TXN_4281,USER_4722,353.46,1.0,100,1
TXN_39358,USER_5077,17.73,1.0,100,1
TXN_3181,USER_9575,70.45,1.0,100,1
TXN_43159,USER_8620,149.92,1.0,100,1
TXN_12499,USER_5383,119.27,1.0,100,1
TXN_36811,USER_3475,91.19,1.0,100,1
TXN_43831,USER_5368,75.63,1.0,100,1
TXN_30630,USER_5339,69.99,1.0,100,1
TXN_25775,USER_1577,57.99,1.0,100,1
TXN_46782,USER_1597,80.58,1.0,100,1
TXN_21293,USER_3795,10.68,1.0,100,1
TXN_21065,USER_4389,117.39,1.0,100,1
TXN_21521,USER_4562,128.22,1.0,100,1
TXN_26937,USER_5620,91.85,1.0,100,1
TXN_49608,USER_2627,121.4,1.0,100,1
TXN_27351,USER_9586,26.77,1.0,100,1
TXN_37378,USER_2876,198.99,1.0,100,1
TXN_12164,USER_8689,34.43,1.0,100,1
TXN_16272,USER_9645,70.95,1.0,100,1
TXN_43648,USER_5096,70.53,1.0,100,1
TXN_26373,USER_1092,420.31,1.0,100,1
TXN_34630,USER_7479,93.6,1.0,100,1
TXN_43266,USER_9342,204.04,1.0,100,1
TXN_955,USER_7490,58.14,1.0,100,1
TXN_42397,USER_8502,7.35,1.0,100,1
TXN_19046,USER_5211,129.07,1.0,100,1
TXN_42607,USER_7124,129.34,1.0,100,1
TXN_1665,USER_3190,98.85,1.0,100,1
TXN_10194,USER_8487,53.9,1.0,100,1
TXN_23066,USER_7044,4.22,1.0,100,1
TXN_37239,USER_1903,73.18,1.0,100,1
TXN_49331,USER_1742,63.42,1.0,100,1
TXN_48893,USER_2529,72.3,1.0,100,1
TXN_9575,USER_3107,10.31,1.0,100,1
TXN_6091,USER_9273,207.85,1.0,100,1
TXN_34729,USER_5956,275.89,1.0,100,1
TXN_36971,USER_7307,208.22,1.0,100,1
TXN_18007,USER_7369,212.12,1.0,100,1
TXN_42072,USER_9004,56.65,1.0,100,1
TXN_40467,USER_3165,257.37,1.0,100,1
TXN_9028,USER_2369,0.66,1.0,100,1
TXN_32457,USER_7245,22.75,1.0,100,1
TXN_5312,USER_9997,74.25,1.0,100,1
TXN_39812,USER_7146,41.77,1.0,100,1
TXN_33503,USER_8865,82.4,1.0,100,1
TXN_34303,USER_2838,57.84,1.0,100,1
TXN_12368,USER_5362,53.16,1.0,100,1
TXN_27486,USER_4914,123.78,1.0,100,1
TXN_29615,USER_5387,80.38,1.0,100,1
TXN_18912,USER_5078,95.69,1.0,100,1
TXN_4317,USER_2620,134.82,1.0,100,1
TXN_29014,USER_7760,102.36,1.0,100,1
TXN_42595,USER_8335,10.64,1.0,100,1
TXN_44004,USER_9821,84.66,1.0,100,1
TXN_11456,USER_6922,202.75,1.0,100,1
TXN_1394,USER_1791,143.26,1.0,100,1
TXN_43863,USER_5265,196.3,1.0,100,1
TXN_234,USER_6592,7.08,1.0,100,1
TXN_8638,USER_1889,57.5,1.0,100,1
TXN_30191,USER_2203,119.47,1.0,100,1
TXN_17383,USER_5166,252.64,1.0,100,1
TXN_10624,USER_9471,5.75,1.0,100,1
TXN_33094,USER_8745,205.15,1.0,100,1
TXN_31643,USER_5603,36.03,1.0,100,1
TXN_27971,USER_3373,90.13,1.0,100,1
TXN_19300,USER_3728,93.95,1.0,100,1
TXN_42062,USER_3364,123.16,1.0,100,1
TXN_45068,USER_2060,119.3,1.0,100,1
TXN_25195,USER_9385,273.92,1.0,100,1
TXN_29885,USER_7609,187.35,1.0,100,1
TXN_836,USER_4391,162.61,1.0,100,1
TXN_24838,USER_8790,77.41,1.0,100,1
TXN_26971,USER_2815,89.45,1.0,100,1
TXN_27485,USER_4405,32.74,1.0,100,1
TXN_529,USER_5268,9.62,1.0,100,1
TXN_45611,USER_8657,45.36,1.0,100,1
TXN_23891,USER_4688,226.02,1.0,100,1
TXN_20428,USER_5778,12.11,1.0,100,1
TXN_635,USER_8239,3.2,1.0,100,1
TXN_34685,USER_9853,228.93,1.0,100,1
TXN_9309,USER_3599,3.49,1.0,100,1
TXN_30919,USER_4651,43.75,1.0,100,1
TXN_49500,USER_7489,16.57,1.0,100,1
TXN_41764,USER_8930,1.71,1.0,100,1
TXN_43977,USER_2364,271.92,1.0,100,1
TXN_4715,USER_1692,2.22,1.0,100,1
TXN_7153,USER_8520,332.18,1.0,100,1
TXN_38726,USER_5864,127.58,1.0,100,1
TXN_49356,USER_9204,120.72,1.0,100,1
TXN_828,USER_2908,3.98,1.0,100,1
TXN_42227,USER_4498,49.2,1.0,100,1
TXN_36505,USER_7099,123.04,1.0,100,1
TXN_6785,USER_2872,135.06,1.0,100,1
TXN_36254,USER_7812,67.25,1.0,100,1
TXN_41350,USER_5691,148.43,1.0,100,1
TXN_24873,USER_6124,102.9,1.0,100,1
TXN_29854,USER_6445,112.8,1.0,100,1
TXN_47965,USER_1021,239.78,1.0,100,1
TXN_42564,USER_6901,36.62,1.0,100,1
TXN_44132,USER_5305,83.03,1.0,100,1
TXN_40858,USER_6494,50.72,1.0,100,1
TXN_28995,USER_6612,30.98,1.0,100,1
TXN_17001,USER_4733,74.01,1.0,100,1
TXN_21821,USER_5804,49.82,1.0,100,1
TXN_35445,USER_9258,225.15,1.0,100,1
TXN_27141,USER_6976,572.19,1.0,100,1
TXN_36793,USER_2412,11.35,1.0,100,1
TXN_8164,USER_7806,182.26,1.0,100,1
TXN_48201,USER_6007,24.16,1.0,100,1
TXN_23538,USER_5288,99.49,1.0,100,1
TXN_26358,USER_3391,13.98,1.0,100,1
TXN_19057,USER_4436,8.04,1.0,100,1
TXN_20233,USER_9941,78.64,1.0,100,1
TXN_42342,USER_2606,24.01,1.0,100,1
TXN_6357,USER_8339,37.64,1.0,100,1
TXN_21005,USER_8587,10.45,1.0,100,1
TXN_18214,USER_4550,63.07,1.0,100,1
TXN_44047,USER_8892,328.22,1.0,100,1
TXN_24812,USER_1778,44.0,1.0,100,1
TXN_4043,USER_1191,21.21,1.0,100,1
TXN_42194,USER_7912,83.45,1.0,100,1
TXN_24740,USER_3546,80.85,1.0,100,1
TXN_36857,USER_2720,170.53,1.0,100,1
TXN_3328,USER_6941,295.4,1.0,100,1
TXN_37336,USER_6144,18.75,1.0,100,1
TXN_18422,USER_3751,150.92,1.0,100,1
TXN_22006,USER_5993,36.01,1.0,100,1
TXN_32164,USER_9413,116.46,1.0,100,1
TXN_43003,USER_3473,2.62,1.0,100,1
TXN_9881,USER_1496,540.81,1.0,100,1
TXN_13366,USER_9893,211.47,1.0,100,1
TXN_45885,USER_4538,79.14,1.0,100,1
TXN_2030,USER_8569,30.52,1.0,100,1
TXN_6157,USER_5284,105.41,1.0,100,1
TXN_4015,USER_7622,156.31,1.0,100,1
TXN_19941,USER_3542,160.18,1.0,100,1
TXN_48627,USER_4228,36.67,1.0,100,1
TXN_39724,USER_4752,7.79,1.0,100,1
TXN_8773,USER_1560,0.92,1.0,100,1
TXN_27592,USER_5755,116.84,1.0,100,1
TXN_49440,USER_5919,155.81,1.0,100,1
TXN_20642,USER_7999,40.58,1.0,100,1
TXN_17329,USER_6071,101.82,1.0,100,1
TXN_48370,USER_6660,29.34,1.0,100,1
TXN_39122,USER_6993,47.94,1.0,100,1
TXN_27194,USER_2407,327.56,1.0,100,1
TXN_19845,USER_3643,114.14,1.0,100,1
TXN_34597,USER_3832,47.89,1.0,100,1
TXN_9329,USER_4676,63.19,1.0,100,1
TXN_46369,USER_2547,79.81,1.0,100,1
TXN_36264,USER_9345,187.56,1.0,100,1
TXN_49045,USER_4102,1.9,1.0,100,1
TXN_32087,USER_7910,225.47,1.0,100,1
TXN_12698,USER_1648,96.0,1.0,100,1
TXN_36143,USER_8496,149.64,1.0,100,1
TXN_41474,USER_8534,27.48,1.0,100,1
TXN_36675,USER_5372,10.89,1.0,100,1
TXN_33730,USER_1950,37.59,1.0,100,1
TXN_5870,USER_6555,21.71,1.0,100,1
TXN_4313,USER_2048,5.33,1.0,100,1
TXN_27558,USER_3508,39.99,1.0,100,1
TXN_46629,USER_7799,79.6,1.0,100,1
TXN_30743,USER_6273,71.4,1.0,100,1
TXN_18277,USER_4837,115.19,1.0,100,1
TXN_38548,USER_1029,45.61,1.0,100,1
TXN_34284,USER_3783,87.33,1.0,100,1
TXN_44220,USER_7326,0.15,1.0,100,1
TXN_22737,USER_3409,135.05,1.0,100,1
TXN_16700,USER_4041,19.91,1.0,100,1
TXN_47771,USER_9687,120.78,1.0,100,1
TXN_3422,USER_6039,24.23,1.0,100,1
TXN_11074,USER_9537,57.45,1.0,100,1
TXN_17148,USER_2176,68.23,1.0,100,1
TXN_40939,USER_4792,7.5,1.0,100,1
TXN_435,USER_6745,36.77,1.0,100,1
TXN_3351,USER_6755,62.0,1.0,100,1
TXN_21002,USER_4305,11.73,1.0,100,1
TXN_12367,USER_2532,88.31,1.0,100,1
TXN_24292,USER_6711,134.65,1.0,100,1
TXN_7669,USER_2156,1.38,1.0,100,1
TXN_19449,USER_2349,367.92,1.0,100,1
TXN_23076,USER_6245,66.15,1.0,100,1
TXN_35320,USER_9664,243.19,1.0,100,1
TXN_46277,USER_1129,99.37,1.0,100,1
TXN_33119,USER_9421,20.91,1.0,100,1
TXN_9276,USER_1588,41.45,1.0,100,1
TXN_30528,USER_9727,76.27,1.0,100,1
TXN_14994,USER_1331,102.28,1.0,100,1
TXN_7952,USER_1625,319.02,1.0,100,1
TXN_48937,USER_6680,443.76,1.0,100,1
TXN_9544,USER_1949,13.07,1.0,100,1
TXN_48698,USER_1873,34.1,1.0,100,1
TXN_17386,USER_5354,259.56,1.0,100,1
TXN_8614,USER_8156,330.02,1.0,100,1
TXN_32513,USER_9606,280.22,1.0,100,1
TXN_27864,USER_9866,65.13,1.0,100,1
TXN_49209,USER_5098,35.98,1.0,100,1
TXN_33838,USER_3261,235.73,1.0,100,1
TXN_33969,USER_9485,292.3,1.0,100,1
TXN_5516,USER_1471,465.24,1.0,100,1
TXN_37798,USER_5471,50.45,1.0,100,1
TXN_17835,USER_5671,48.82,1.0,100,1
TXN_25789,USER_3370,68.25,1.0,100,1
TXN_11896,USER_9802,73.36,1.0,100,1
TXN_23753,USER_2153,90.11,1.0,100,1
TXN_46676,USER_6770,379.7,1.0,100,1
TXN_16060,USER_6898,81.94,1.0,100,1
TXN_9005,USER_1234,133.68,1.0,100,1
TXN_45727,USER_2093,37.19,1.0,100,1
TXN_37716,USER_3731,157.38,1.0,100,1
TXN_6717,USER_4949,56.61,1.0,100,1
TXN_45950,USER_9797,45.33,1.0,100,1
TXN_36324,USER_8441,51.28,1.0,100,1
TXN_15179,USER_4309,198.65,1.0,100,1
TXN_4684,USER_1643,413.6,1.0,100,1
TXN_41573,USER_4566,147.94,1.0,100,1
TXN_17797,USER_9503,9.46,1.0,100,1
TXN_35890,USER_6236,13.74,1.0,100,1
TXN_15428,USER_9465,1.26,1.0,100,1
TXN_47719,USER_8456,151.95,1.0,100,1
TXN_43603,USER_8994,53.55,1.0,100,1
TXN_44318,USER_5795,27.49,1.0,100,1
TXN_22482,USER_7068,349.64,1.0,100,1
TXN_26464,USER_9458,9.06,1.0,100,1
TXN_9991,USER_8224,62.99,1.0,100,1
TXN_16287,USER_2249,386.69,1.0,100,1
TXN_21805,USER_5186,15.17,1.0,100,1
TXN_15208,USER_2502,14.57,1.0,100,1
TXN_32216,USER_3843,4.84,1.0,100,1
TXN_34564,USER_7612,100.65,1.0,100,1
TXN_27143,USER_9537,126.15,1.0,100,1
TXN_7092,USER_1966,144.2,1.0,100,1
TXN_43864,USER_2388,43.43,1.0,100,1
TXN_45560,USER_4139,2.08,1.0,100,1
TXN_39965,USER_5662,112.15,1.0,100,1
TXN_1795,USER_5211,246.06,1.0,100,1
TXN_23886,USER_6416,75.91,1.0,100,1
TXN_39815,USER_6879,98.29,1.0,100,1
TXN_36755,USER_3512,42.58,1.0,100,1
TXN_16853,USER_1354,113.91,1.0,100,1
TXN_24289,USER_4630,49.92,1.0,100,1
TXN_45289,USER_7720,106.35,1.0,100,1
TXN_30765,USER_5061,42.7,1.0,100,1
TXN_20007,USER_8260,234.24,1.0,100,1
TXN_37041,USER_3290,6.63,1.0,100,1
TXN_21643,USER_7640,3.81,1.0,100,1
TXN_45938,USER_9963,47.38,1.0,100,1
TXN_14433,USER_8622,5.6,1.0,100,1
TXN_21486,USER_8078,169.58,1.0,100,1
TXN_18210,USER_8699,18.24,1.0,100,1
TXN_46183,USER_6543,2.93,1.0,100,1
TXN_20523,USER_8647,1.94,1.0,100,1
TXN_16521,USER_4647,277.66,1.0,100,1
TXN_20118,USER_4963,49.24,1.0,100,1
TXN_37683,USER_1742,6.0,1.0,100,1
TXN_36540,USER_9017,299.6,1.0,100,1
TXN_22326,USER_7558,21.74,1.0,100,1
TXN_38882,USER_3512,63.81,1.0,100,1
TXN_49729,USER_5374,0.36,1.0,100,1
TXN_21899,USER_8152,10.9,1.0,100,1
TXN_39195,USER_8959,103.41,1.0,100,1
TXN_37594,USER_1491,96.25,1.0,100,1
TXN_33199,USER_3773,22.64,1.0,100,1
TXN_1869,USER_2960,313.57,1.0,100,1
TXN_44999,USER_3204,85.62,1.0,100,1
TXN_29,USER_5658,103.27,1.0,100,1
TXN_8958,USER_9533,11.77,1.0,100,1
TXN_15502,USER_2637,12.67,1.0,100,1
TXN_7739,USER_9808,69.11,1.0,100,1
TXN_4059,USER_8737,144.53,1.0,100,1
TXN_46344,USER_2620,219.31,1.0,100,1
TXN_46338,USER_6492,31.38,1.0,100,1
TXN_44272,USER_8109,11.06,1.0,100,1
TXN_34784,USER_1392,42.89,1.0,100,1
TXN_9485,USER_1095,133.67,1.0,100,1
TXN_29891,USER_8710,154.86,1.0,100,1
TXN_6153,USER_9772,27.91,1.0,100,1
TXN_36249,USER_1744,38.63,1.0,100,1
TXN_39521,USER_7069,181.3,1.0,100,1
TXN_7882,USER_1148,6.77,1.0,100,1
TXN_30627,USER_9160,283.46,1.0,100,1
TXN_37799,USER_6681,27.85,1.0,100,1
TXN_12579,USER_8402,26.76,1.0,100,1
TXN_18773,USER_2027,175.85,1.0,100,1
TXN_8158,USER_6901,163.94,1.0,100,1
TXN_32643,USER_5364,5.47,1.0,100,1
TXN_35830,USER_4155,311.62,1.0,100,1
TXN_9892,USER_3397,39.69,1.0,100,1
TXN_17301,USER_6943,123.18,1.0,100,1
TXN_24589,USER_2610,50.21,1.0,100,1
TXN_17344,USER_3570,10.6,1.0,100,1
TXN_24434,USER_2488,29.77,1.0,100,1
TXN_1782,USER_4610,271.1,1.0,100,1
TXN_33200,USER_3416,127.39,1.0,100,1
TXN_40282,USER_2323,29.73,1.0,100,1
TXN_9450,USER_5354,49.67,1.0,100,1
TXN_7150,USER_3276,21.85,1.0,100,1
TXN_41865,USER_1781,13.79,1.0,100,1
TXN_13706,USER_6736,68.0,1.0,100,1
TXN_25432,USER_3503,3.37,1.0,100,1
TXN_31220,USER_3435,146.69,1.0,100,1
TXN_6844,USER_7035,436.19,1.0,100,1
TXN_32978,USER_1548,446.58,1.0,100,1
TXN_24727,USER_1203,45.47,1.0,100,1
TXN_41206,USER_2787,40.65,1.0,100,1
TXN_26042,USER_4013,7.88,1.0,100,1
TXN_20575,USER_2474,51.82,1.0,100,1
TXN_20441,USER_2634,128.93,1.0,100,1
TXN_21578,USER_6236,72.22,1.0,100,1
TXN_34161,USER_1843,229.63,1.0,100,1
TXN_34562,USER_5502,19.82,1.0,100,1
TXN_48587,USER_9896,66.59,1.0,100,1
TXN_30069,USER_6076,82.19,1.0,100,1
TXN_31064,USER_8407,137.75,1.0,100,1
TXN_29567,USER_9715,0.66,1.0,100,1
TXN_18638,USER_9644,134.26,1.0,100,1
TXN_16306,USER_4941,95.73,1.0,100,1
TXN_48882,USER_5471,166.1,1.0,100,1
TXN_46943,USER_5602,506.07,1.0,100,1
TXN_24766,USER_7525,20.54,1.0,100,1
TXN_31974,USER_2719,68.78,1.0,100,1
TXN_45197,USER_2460,68.05,1.0,100,1
TXN_44567,USER_6676,138.81,1.0,100,1
TXN_21103,USER_9453,19.39,1.0,100,1
TXN_30789,USER_4047,86.23,1.0,100,1
TXN_34468,USER_7738,28.84,1.0,100,1
TXN_14542,USER_9854,18.8,1.0,100,1
TXN_34403,USER_4842,7.49,1.0,100,1
TXN_35466,USER_9763,26.62,1.0,100,1
TXN_43342,USER_1465,83.12,1.0,100,1
TXN_43479,USER_6976,53.25,1.0,100,1
TXN_33916,USER_7473,63.55,1.0,100,1
TXN_4225,USER_6184,145.77,1.0,100,1
TXN_25794,USER_1579,2.12,1.0,100,1
TXN_9209,USER_7869,63.28,1.0,100,1
TXN_3140,USER_7242,24.08,1.0,100,1
TXN_34874,USER_5325,21.08,1.0,100,1
TXN_7408,USER_3587,118.71,1.0,100,1
TXN_34599,USER_6991,140.42,1.0,100,1
TXN_24193,USER_4172,207.24,1.0,100,1
TXN_1037,USER_2308,612.09,1.0,100,1
TXN_4510,USER_8189,76.15,1.0,100,1
TXN_8173,USER_2782,8.64,1.0,100,1
TXN_35661,USER_5934,145.65,1.0,100,1
TXN_11851,USER_8556,161.98,1.0,100,1
TXN_33963,USER_3714,16.1,1.0,100,1
TXN_8348,USER_6967,63.93,1.0,100,1
TXN_34903,USER_4702,88.38,1.0,100,1
TXN_19494,USER_3336,29.65,1.0,100,1
TXN_6261,USER_2603,242.19,1.0,100,1
TXN_38063,USER_1498,32.38,1.0,100,1
TXN_7426,USER_3107,27.08,1.0,100,1
TXN_35125,USER_9656,90.59,1.0,100,1
TXN_37478,USER_5256,131.34,1.0,100,1
TXN_38288,USER_3542,5.0,1.0,100,1
TXN_28823,USER_2569,39.65,1.0,100,1
TXN_12167,USER_1061,344.52,1.0,100,1
TXN_18735,USER_2297,19.57,1.0,100,1
TXN_25231,USER_9422,9.07,1.0,100,1
TXN_43299,USER_8939,80.86,1.0,100,1
TXN_31001,USER_4394,3.99,1.0,100,1
TXN_26197,USER_1047,41.74,1.0,100,1
TXN_6950,USER_4083,90.99,1.0,100,1
TXN_30503,USER_1494,114.42,1.0,100,1
TXN_33423,USER_2647,225.75,1.0,100,1
TXN_40320,USER_8375,154.6,1.0,100,1
TXN_30913,USER_8187,272.11,1.0,100,1
TXN_33992,USER_9571,187.45,1.0,100,1
TXN_49308,USER_2091,78.27,1.0,100,1
TXN_48508,USER_3953,89.27,1.0,100,1
TXN_6761,USER_4771,187.26,1.0,100,1
TXN_4275,USER_5552,99.42,1.0,100,1
TXN_30326,USER_5902,17.26,1.0,100,1
TXN_40492,USER_3265,120.52,1.0,100,1
TXN_7363,USER_1966,9.54,1.0,100,1
TXN_4210,USER_6368,258.03,1.0,100,1
TXN_26865,USER_4679,18.1,1.0,100,1
TXN_34772,USER_1676,29.39,1.0,100,1
TXN_1787,USER_8979,47.13,1.0,100,1
TXN_7763,USER_4399,4.94,1.0,100,1
TXN_683,USER_2906,33.97,1.0,100,1
TXN_44279,USER_4128,23.32,1.0,100,1
TXN_31287,USER_7668,82.33,1.0,100,1
TXN_7089,USER_2909,27.86,1.0,100,1
TXN_34423,USER_6961,105.16,1.0,100,1
TXN_29313,USER_7633,88.07,1.0,100,1
TXN_40145,USER_9603,71.63,1.0,100,1
TXN_47124,USER_2664,41.53,1.0,100,1
TXN_1767,USER_2241,189.14,1.0,100,1
TXN_4708,USER_8837,43.43,1.0,100,1
TXN_22023,USER_7731,3.4,1.0,100,1
TXN_11253,USER_2395,26.93,1.0,100,1
TXN_9822,USER_3913,24.94,1.0,100,1
TXN_7381,USER_7382,65.06,1.0,100,1
TXN_12863,USER_6316,95.74,1.0,100,1
TXN_47945,USER_8804,73.41,1.0,100,1
TXN_43524,USER_5703,40.75,1.0,100,1
TXN_27637,USER_2203,256.15,1.0,100,1
TXN_43694,USER_6858,202.92,1.0,100,1
TXN_45762,USER_4384,107.95,1.0,100,1
TXN_28723,USER_7768,0.61,1.0,100,1
TXN_31978,USER_2535,109.24,1.0,100,1
TXN_3297,USER_8291,79.9,1.0,100,1
TXN_38124,USER_1341,0.37,1.0,100,1
TXN_14895,USER_6588,35.13,1.0,100,1
TXN_47021,USER_3889,96.39,1.0,100,1
TXN_49124,USER_9114,38.84,1.0,100,1
TXN_41978,USER_2639,206.93,1.0,100,1
TXN_47001,USER_2815,116.98,1.0,100,1
TXN_24313,USER_9880,3.06,1.0,100,1
TXN_11946,USER_5703,216.17,1.0,100,1
TXN_826,USER_2604,12.23,1.0,100,1
TXN_39088,USER_8503,177.91,1.0,100,1
TXN_47543,USER_2186,73.63,1.0,100,1
TXN_12491,USER_4116,195.79,1.0,100,1
TXN_6287,USER_3040,66.38,1.0,100,1
TXN_9670,USER_8187,5.11,1.0,100,1
TXN_28093,USER_4481,225.15,1.0,100,1
TXN_1606,USER_8351,16.57,1.0,100,1
TXN_7663,USER_2725,102.23,1.0,100,1
TXN_29054,USER_7165,28.23,1.0,100,1
TXN_25007,USER_9297,146.91,1.0,100,1
TXN_8523,USER_1591,43.81,1.0,100,1
TXN_49553,USER_4230,94.67,1.0,100,1
TXN_47473,USER_5344,11.68,1.0,100,1
TXN_24419,USER_1716,31.84,1.0,100,1
TXN_9757,USER_9609,277.23,1.0,100,1
TXN_42930,USER_1202,80.84,1.0,100,1
TXN_15164,USER_1381,38.85,1.0,100,1
TXN_47462,USER_6905,203.54,1.0,100,1
TXN_38101,USER_6986,6.57,1.0,100,1
TXN_18368,USER_8477,72.74,1.0,100,1
TXN_29162,USER_2809,99.47,1.0,100,1
TXN_25076,USER_5320,32.87,1.0,100,1
TXN_8376,USER_4629,773.02,1.0,100,1
TXN_11701,USER_7094,119.76,1.0,100,1
TXN_49185,USER_5542,32.64,1.0,100,1
TXN_49505,USER_7456,112.14,1.0,100,1
TXN_47391,USER_6212,114.25,1.0,100,1
TXN_47353,USER_9701,22.34,1.0,100,1
TXN_25974,USER_5940,150.22,1.0,100,1
TXN_31829,USER_1473,44.53,1.0,100,1
TXN_27644,USER_6690,134.23,1.0,100,1
TXN_19914,USER_3193,198.62,1.0,100,1
TXN_49640,USER_8724,7.09,1.0,100,1
TXN_36350,USER_8931,32.33,1.0,100,1
TXN_38718,USER_5216,78.7,1.0,100,1
TXN_41495,USER_7473,32.4,1.0,100,1
TXN_33908,USER_2143,36.48,1.0,100,1
TXN_906,USER_1345,41.52,1.0,100,1
TXN_29010,USER_3117,63.13,1.0,100,1
TXN_7198,USER_2075,157.16,1.0,100,1
TXN_11766,USER_6101,4.72,1.0,100,1
TXN_47805,USER_5903,3.92,1.0,100,1
TXN_17701,USER_3625,21.51,1.0,100,1
TXN_7208,USER_7800,30.9,1.0,100,1
TXN_49888,USER_2697,76.43,1.0,100,1
TXN_20077,USER_1907,29.13,1.0,100,1
TXN_32228,USER_2287,237.43,1.0,100,1
TXN_7224,USER_2069,24.69,1.0,100,1
TXN_46829,USER_1523,190.27,1.0,100,1
TXN_2598,USER_7563,76.94,1.0,100,1
TXN_1249,USER_2868,340.58,1.0,100,1
TXN_15565,USER_2495,28.97,1.0,100,1
TXN_46855,USER_2790,211.51,1.0,100,1
TXN_4692,USER_3339,12.26,1.0,100,1
TXN_31691,USER_6935,75.5,1.0,100,1
TXN_38775,USER_8256,68.26,1.0,100,1
TXN_21687,USER_1804,69.75,1.0,100,1
TXN_28622,USER_9935,38.04,1.0,100,1
TXN_7428,USER_5320,28.76,1.0,100,1
TXN_35816,USER_1580,82.91,1.0,100,1
TXN_46854,USER_3847,72.77,1.0,100,1
TXN_8922,USER_8512,81.26,1.0,100,1
TXN_13220,USER_5816,48.3,1.0,100,1
TXN_40293,USER_8872,7.68,1.0,100,1
TXN_2766,USER_4637,63.28,1.0,100,1
TXN_27760,USER_4296,94.6,1.0,100,1
TXN_23050,USER_4246,171.49,1.0,100,1
TXN_18069,USER_6290,40.42,1.0,100,1
TXN_30546,USER_4810,137.06,1.0,100,1
TXN_49400,USER_9728,15.82,1.0,100,1
TXN_25994,USER_8114,25.22,1.0,100,1
TXN_13243,USER_7613,36.02,1.0,100,1
TXN_31297,USER_7790,9.61,1.0,100,1
TXN_22442,USER_2394,27.4,1.0,100,1
TXN_2614,USER_2141,17.72,1.0,100,1
TXN_1879,USER_8179,118.98,1.0,100,1
TXN_30800,USER_9339,30.69,1.0,100,1
TXN_46944,USER_8810,13.75,1.0,100,1
TXN_48081,USER_5947,122.79,1.0,100,1
TXN_25978,USER_8536,5.67,1.0,100,1
TXN_43273,USER_2500,150.3,1.0,100,1
TXN_14578,USER_4395,33.62,1.0,100,1
TXN_39102,USER_6357,89.63,1.0,100,1
TXN_16310,USER_6396,34.41,1.0,100,1
TXN_9980,USER_1754,75.15,1.0,100,1
TXN_11512,USER_4285,26.11,1.0,100,1
TXN_25979,USER_6919,53.81,1.0,100,1
TXN_16915,USER_4457,39.01,1.0,100,1
TXN_26493,USER_8403,127.46,1.0,100,1
TXN_39695,USER_2789,91.74,1.0,100,1
TXN_46965,USER_1644,133.18,1.0,100,1
TXN_26278,USER_4533,424.6,1.0,100,1
TXN_16990,USER_4983,25.59,1.0,100,1
TXN_16706,USER_9573,27.43,1.0,100,1
TXN_49632,USER_5032,74.79,1.0,100,1
TXN_8847,USER_1011,30.19,1.0,100,1
TXN_42280,USER_5822,11.45,1.0,100,1
TXN_34576,USER_8806,3.46,1.0,100,1
TXN_5123,USER_7947,1.95,1.0,100,1
TXN_26592,USER_4848,1.86,1.0,100,1
TXN_8309,USER_3239,0.56,1.0,100,1
TXN_10001,USER_6445,27.52,1.0,100,1
TXN_45294,USER_6801,29.07,1.0,100,1
TXN_2151,USER_9667,220.02,1.0,100,1
TXN_41962,USER_3702,35.39,1.0,100,1
TXN_2297,USER_1475,411.87,1.0,100,1
TXN_24763,USER_5720,2.11,1.0,100,1
TXN_30662,USER_4754,119.39,1.0,100,1
TXN_21983,USER_8490,145.31,1.0,100,1
TXN_9315,USER_9422,260.54,1.0,100,1
TXN_36702,USER_1258,463.5,1.0,100,1
TXN_24603,USER_8103,23.15,1.0,100,1
TXN_22347,USER_7786,0.21,1.0,100,1
TXN_7550,USER_4227,59.31,1.0,100,1
TXN_18459,USER_1975,161.98,1.0,100,1
TXN_23750,USER_3201,415.74,1.0,100,1
TXN_48667,USER_3899,109.97,1.0,100,1
TXN_5817,USER_1452,13.21,1.0,100,1
TXN_17957,USER_5138,63.14,1.0,100,1
TXN_42801,USER_5491,7.78,1.0,100,1
TXN_13359,USER_9564,101.21,1.0,100,1
TXN_46590,USER_5852,99.25,1.0,100,1
TXN_10366,USER_9507,50.03,1.0,100,1
TXN_11248,USER_6620,112.27,1.0,100,1
TXN_31523,USER_8381,268.72,1.0,100,1
TXN_14152,USER_5117,94.57,1.0,100,1
TXN_42580,USER_2660,7.37,1.0,100,1
TXN_2912,USER_9418,79.48,1.0,100,1
TXN_33777,USER_6412,15.86,1.0,100,1
TXN_45200,USER_1091,102.81,1.0,100,1
TXN_9161,USER_5477,9.47,1.0,100,1
TXN_24233,USER_2067,184.05,1.0,100,1
TXN_21589,USER_9438,21.26,1.0,100,1
TXN_4862,USER_2312,19.42,1.0,100,1
TXN_14931,USER_7817,57.9,1.0,100,1
TXN_37700,USER_2914,137.41,1.0,100,1
TXN_47531,USER_3251,5.38,1.0,100,1
TXN_45135,USER_2131,66.18,1.0,100,1
TXN_48860,USER_1926,0.4,1.0,100,1
TXN_10851,USER_6759,36.14,1.0,100,1
TXN_7734,USER_7449,130.27,1.0,100,1
TXN_37826,USER_4757,206.19,1.0,100,1
TXN_37995,USER_8593,60.88,1.0,100,1
TXN_2698,USER_9017,21.1,1.0,100,1
TXN_11566,USER_9260,442.7,1.0,100,1
TXN_9202,USER_7277,57.41,1.0,100,1
TXN_14055,USER_3607,45.54,1.0,100,1
TXN_38501,USER_9887,0.47,1.0,100,1
TXN_45791,USER_8237,71.46,1.0,100,1
TXN_9872,USER_7764,22.13,1.0,100,1
TXN_3352,USER_7309,69.98,1.0,100,1
TXN_23839,USER_8206,21.49,1.0,100,1
TXN_10937,USER_7158,7.4,1.0,100,1
TXN_945,USER_5212,73.11,1.0,100,1
TXN_46623,USER_1659,83.97,1.0,100,1
TXN_12976,USER_9699,88.09,1.0,100,1
TXN_29234,USER_2547,108.8,1.0,100,1
TXN_25139,USER_1712,94.04,1.0,100,1
TXN_38694,USER_9664,70.05,1.0,100,1
TXN_12840,USER_1653,12.15,1.0,100,1
TXN_46073,USER_1935,79.05,1.0,100,1
TXN_7053,USER_3735,321.56,1.0,100,1
TXN_42228,USER_4413,196.62,1.0,100,1
TXN_11073,USER_7829,152.82,1.0,100,1
TXN_7691,USER_2506,29.85,1.0,100,1
TXN_24490,USER_8013,20.59,1.0,100,1
TXN_15688,USER_7781,127.37,1.0,100,1
TXN_13829,USER_7940,156.04,1.0,100,1
TXN_49008,USER_5153,31.64,1.0,100,1
TXN_11305,USER_6088,37.37,1.0,100,1
TXN_10806,USER_3755,182.55,1.0,100,1
TXN_46400,USER_1926,28.74,1.0,100,1
TXN_25597,USER_7469,187.78,1.0,100,1
TXN_8890,USER_6672,19.68,1.0,100,1
TXN_41046,USER_3539,6.41,1.0,100,1
TXN_17911,USER_9823,186.46,1.0,100,1
TXN_26944,USER_3764,2.19,1.0,100,1
TXN_42100,USER_3782,137.46,1.0,100,1
TXN_14705,USER_6917,188.08,1.0,100,1
TXN_47145,USER_9806,74.83,1.0,100,1
TXN_25152,USER_5977,103.46,1.0,100,1
TXN_688,USER_7238,6.43,1.0,100,1
TXN_49471,USER_8748,44.56,1.0,100,1
TXN_24925,USER_5002,148.28,1.0,100,1
TXN_12614,USER_2995,68.16,1.0,100,1
TXN_13341,USER_6146,15.18,1.0,100,1
TXN_9099,USER_3963,61.58,1.0,100,1
TXN_5663,USER_6159,99.09,1.0,100,1
TXN_37272,USER_5765,41.65,1.0,100,1
TXN_14368,USER_5315,116.76,1.0,100,1
TXN_16938,USER_3545,20.04,1.0,100,1
TXN_3336,USER_5456,14.4,1.0,100,1
TXN_3624,USER_6626,61.55,1.0,100,1
TXN_39459,USER_4850,187.63,1.0,100,1
TXN_42277,USER_4565,216.81,1.0,100,1
TXN_13103,USER_8846,197.5,1.0,100,1
TXN_41035,USER_3529,158.88,1.0,100,1
TXN_3739,USER_1919,65.94,1.0,100,1
TXN_31442,USER_2143,120.01,1.0,100,1
TXN_24020,USER_1575,68.93,1.0,100,1
TXN_24404,USER_9675,301.93,1.0,100,1
TXN_40138,USER_1412,66.92,1.0,100,1
TXN_43758,USER_5101,81.77,1.0,100,1
TXN_27001,USER_6877,2.36,1.0,100,1
TXN_14212,USER_4538,21.1,1.0,100,1
TXN_19722,USER_3990,87.16,1.0,100,1
TXN_18535,USER_3210,123.13,1.0,100,1
TXN_3182,USER_6810,104.3,1.0,100,1
TXN_20948,USER_3788,76.72,1.0,100,1
TXN_48924,USER_5037,124.4,1.0,100,1
TXN_17253,USER_7345,48.77,1.0,100,1
TXN_2727,USER_8269,62.56,1.0,100,1
TXN_44599,USER_3713,208.3,1.0,100,1
TXN_28096,USER_6559,3.01,1.0,100,1
TXN_40011,USER_6729,271.02,1.0,100,1
TXN_11809,USER_9948,12.16,1.0,100,1
TXN_38793,USER_7955,40.71,1.0,100,1
TXN_45575,USER_4887,287.15,1.0,100,1
TXN_856,USER_5670,249.55,1.0,100,1
TXN_24231,USER_3292,55.24,1.0,100,1
TXN_45470,USER_2149,142.38,1.0,100,1
TXN_14870,USER_5548,180.81,1.0,100,1
TXN_27891,USER_8471,246.6,1.0,100,1
TXN_16400,USER_9772,256.81,1.0,100,1
TXN_27170,USER_5126,26.16,1.0,100,1
TXN_35252,USER_7045,49.02,1.0,100,1
TXN_49983,USER_1676,61.69,1.0,100,1
TXN_43265,USER_7632,75.25,1.0,100,1
TXN_33911,USER_8606,113.5,1.0,100,1
TXN_40680,USER_1003,11.4,1.0,100,1
TXN_11041,USER_6278,36.05,1.0,100,1
TXN_20791,USER_9933,1.93,1.0,100,1
TXN_3807,USER_4255,23.17,1.0,100,1
TXN_25100,USER_7545,32.79,1.0,100,1
TXN_1025,USER_9356,1.71,1.0,100,1
TXN_14405,USER_4187,37.27,1.0,100,1
TXN_31468,USER_8447,94.78,1.0,100,1
TXN_31641,USER_4141,4.5,1.0,100,1
TXN_6435,USER_8282,171.15,1.0,100,1
TXN_39818,USER_4606,509.65,1.0,100,1
TXN_5816,USER_5137,30.07,1.0,100,1
TXN_4604,USER_7770,286.28,1.0,100,1
TXN_40826,USER_7320,20.93,1.0,100,1
TXN_30371,USER_6298,60.63,1.0,100,1
TXN_2812,USER_6185,26.51,1.0,100,1
TXN_44,USER_6486,4.31,1.0,100,1
TXN_30906,USER_6514,13.49,1.0,100,1
TXN_19152,USER_2978,5.07,1.0,100,1
TXN_31944,USER_2791,21.1,1.0,100,1
TXN_1926,USER_8898,76.81,1.0,100,1
TXN_44721,USER_1231,103.15,1.0,100,1
TXN_49628,USER_4480,157.15,1.0,100,1
TXN_40326,USER_7539,22.0,1.0,100,1
TXN_49492,USER_4077,109.3,1.0,100,1
TXN_42322,USER_4356,58.88,1.0,100,1
TXN_14570,USER_7315,26.32,1.0,100,1
TXN_17899,USER_1089,85.8,1.0,100,1
TXN_14142,USER_9315,34.89,1.0,100,1
TXN_7343,USER_2308,197.08,1.0,100,1
TXN_18648,USER_7044,8.72,1.0,100,1
TXN_43242,USER_8687,89.03,1.0,100,1
TXN_7884,USER_8378,837.29,1.0,100,1
TXN_41825,USER_6429,193.63,1.0,100,1
TXN_6881,USER_4293,56.93,1.0,100,1
TXN_3073,USER_4212,130.89,1.0,100,1
TXN_30118,USER_6008,41.5,1.0,100,1
TXN_42656,USER_8126,219.89,1.0,100,1
TXN_19210,USER_7763,142.16,1.0,100,1
TXN_25793,USER_5214,109.11,1.0,100,1
TXN_13978,USER_8383,7.11,1.0,100,1
TXN_25305,USER_3932,22.23,1.0,100,1
TXN_45109,USER_4921,109.79,1.0,100,1
TXN_37347,USER_3860,93.02,1.0,100,1
TXN_32859,USER_9162,87.7,1.0,100,1
TXN_16611,USER_2097,39.6,1.0,100,1
TXN_8203,USER_4483,86.85,1.0,100,1
TXN_30507,USER_3036,31.77,1.0,100,1
TXN_1739,USER_8227,75.58,1.0,100,1
TXN_45108,USER_2072,43.96,1.0,100,1
TXN_21108,USER_3082,20.37,1.0,100,1
TXN_39869,USER_9190,31.85,1.0,100,1
TXN_22659,USER_5173,20.66,1.0,100,1
TXN_47195,USER_5674,278.83,1.0,100,1
TXN_38028,USER_6351,131.36,1.0,100,1
TXN_5418,USER_9096,109.16,1.0,100,1
TXN_3597,USER_4764,130.4,1.0,100,1
TXN_36798,USER_7056,152.47,1.0,100,1
TXN_28849,USER_4406,236.08,1.0,100,1
TXN_33764,USER_6355,112.63,1.0,100,1
TXN_23304,USER_4072,9.75,1.0,100,1
TXN_23160,USER_8696,154.01,1.0,100,1
TXN_12810,USER_7995,22.22,1.0,100,1
TXN_31674,USER_1370,36.84,1.0,100,1
TXN_12291,USER_6408,74.01,1.0,100,1
TXN_4044,USER_9690,61.26,1.0,100,1
TXN_3433,USER_2361,94.76,1.0,100,1
TXN_6711,USER_4513,44.02,1.0,100,1
TXN_32377,USER_7233,37.85,1.0,100,1
TXN_11655,USER_1800,137.71,1.0,100,1
TXN_36198,USER_9143,88.56,1.0,100,1
TXN_31049,USER_7283,82.77,1.0,100,1
TXN_24887,USER_1450,79.76,1.0,100,1
TXN_48648,USER_2538,23.98,1.0,100,1
TXN_33983,USER_7873,32.77,1.0,100,1
TXN_40986,USER_3633,107.89,1.0,100,1
TXN_5996,USER_7658,60.16,1.0,100,1
TXN_21912,USER_9175,21.93,1.0,100,1
TXN_45184,USER_7146,58.42,1.0,100,1
TXN_30576,USER_1877,31.98,1.0,100,1
TXN_40557,USER_3705,93.44,1.0,100,1
TXN_17477,USER_9937,394.73,1.0,100,1
TXN_23735,USER_3921,165.22,1.0,100,1
TXN_232,USER_9445,51.22,1.0,100,1
TXN_45483,USER_3553,88.42,1.0,100,1
TXN_48409,USER_2777,76.1,1.0,100,1
TXN_805,USER_2828,17.27,1.0,100,1
TXN_920,USER_9795,69.77,1.0,100,1
TXN_19988,USER_8045,13.25,1.0,100,1
TXN_1443,USER_1778,127.16,1.0,100,1
TXN_21694,USER_1012,10.79,1.0,100,1
TXN_9700,USER_6622,170.26,1.0,100,1
TXN_24116,USER_9151,255.35,1.0,100,1
TXN_48840,USER_8109,102.61,1.0,100,1
TXN_17178,USER_5798,12.15,1.0,100,1
TXN_1722,USER_7284,1.44,1.0,100,1
TXN_13885,USER_3846,290.58,1.0,100,1
TXN_102,USER_4840,77.36,1.0,100,1
TXN_35926,USER_5538,2.47,1.0,100,1
TXN_47752,USER_4075,10.47,1.0,100,1
TXN_35818,USER_9293,45.93,1.0,100,1
TXN_29662,USER_7343,15.92,1.0,100,1
TXN_44616,USER_2565,8.42,1.0,100,1
TXN_18944,USER_4557,240.15,1.0,100,1
TXN_3072,USER_9711,2.5,1.0,100,1
TXN_49135,USER_5405,99.38,1.0,100,1
TXN_40371,USER_8063,79.1,1.0,100,1
TXN_4489,USER_6807,83.31,1.0,100,1
TXN_44226,USER_8472,111.2,1.0,100,1
TXN_23785,USER_1685,77.17,1.0,100,1
TXN_1084,USER_3074,245.69,1.0,100,1
TXN_49617,USER_2154,127.33,1.0,100,1
TXN_24475,USER_9044,68.42,1.0,100,1
TXN_28297,USER_1102,108.86,1.0,100,1
TXN_40470,USER_3654,376.79,1.0,100,1
TXN_37451,USER_8361,130.61,1.0,100,1
TXN_12159,USER_5090,8.72,1.0,100,1
TXN_36611,USER_6287,198.43,1.0,100,1
TXN_28293,USER_4826,133.31,1.0,100,1
TXN_19121,USER_7799,84.27,1.0,100,1
TXN_5493,USER_9167,7.06,1.0,100,1
TXN_11375,USER_7583,160.38,1.0,100,1
TXN_21892,USER_2011,7.1,1.0,100,1
TXN_34378,USER_5014,57.43,1.0,100,1
TXN_20591,USER_7755,18.41,1.0,100,1
TXN_25904,USER_6485,4.25,1.0,100,1
TXN_5905,USER_3243,76.95,1.0,100,1
TXN_40913,USER_1821,23.66,1.0,100,1
TXN_13447,USER_8250,27.89,1.0,100,1
TXN_18426,USER_9623,19.1,1.0,100,1
TXN_34811,USER_5901,74.93,1.0,100,1
TXN_35364,USER_8730,46.18,1.0,100,1
TXN_1880,USER_8967,127.54,1.0,100,1
TXN_23133,USER_4368,165.53,1.0,100,1
TXN_17885,USER_8649,74.04,1.0,100,1
TXN_735,USER_3797,26.4,1.0,100,1
TXN_2838,USER_1182,28.25,1.0,100,1
TXN_1272,USER_8906,33.86,1.0,100,1
TXN_4836,USER_8876,19.53,1.0,100,1
TXN_12610,USER_5766,73.29,1.0,100,1
TXN_16926,USER_8686,19.97,1.0,100,1
TXN_35729,USER_5893,172.04,1.0,100,1
TXN_17268,USER_1036,56.29,1.0,100,1
TXN_39018,USER_7534,35.9,1.0,100,1
TXN_19955,USER_7440,671.83,1.0,100,1
TXN_13357,USER_9962,16.14,1.0,100,1
TXN_33162,USER_2702,55.2,1.0,100,1
TXN_29934,USER_9143,126.24,1.0,100,1
TXN_26110,USER_7981,82.58,1.0,100,1
TXN_4587,USER_5085,446.26,1.0,100,1
TXN_356,USER_1635,0.66,1.0,100,1
TXN_20694,USER_3568,13.36,1.0,100,1
TXN_30597,USER_2932,26.49,1.0,100,1
TXN_48238,USER_3099,201.86,1.0,100,1
TXN_28267,USER_5994,47.85,1.0,100,1
TXN_553,USER_2256,286.9,1.0,100,1
TXN_9380,USER_7993,75.86,1.0,100,1
TXN_39856,USER_3820,22.73,1.0,100,1
TXN_2736,USER_7068,32.66,1.0,100,1
TXN_48015,USER_5133,11.95,1.0,100,1
TXN_8607,USER_3314,77.04,1.0,100,1
TXN_20158,USER_2317,4.44,1.0,100,1
TXN_43908,USER_7093,16.89,1.0,100,1
TXN_36248,USER_7529,31.54,1.0,100,1
TXN_9713,USER_5756,0.76,1.0,100,1
TXN_22196,USER_8042,201.8,1.0,100,1
TXN_2488,USER_8429,0.14,1.0,100,1
TXN_40230,USER_4349,8.23,1.0,100,1
TXN_37411,USER_8570,155.07,1.0,100,1
TXN_8207,USER_9160,90.89,1.0,100,1
TXN_7977,USER_9831,40.79,1.0,100,1
TXN_47913,USER_9057,46.53,1.0,100,1
TXN_19851,USER_9983,3.49,1.0,100,1
TXN_6964,USER_1779,92.84,1.0,100,1
TXN_1745,USER_1482,13.7,1.0,100,1
TXN_39938,USER_6956,95.84,1.0,100,1
TXN_34141,USER_8688,215.06,1.0,100,1
TXN_2267,USER_2727,57.87,1.0,100,1
TXN_9688,USER_7213,48.2,1.0,100,1
TXN_44396,USER_6553,82.64,1.0,100,1
TXN_36841,USER_9570,108.85,1.0,100,1
TXN_4099,USER_3230,64.0,1.0,100,1
TXN_38209,USER_8628,331.85,1.0,100,1
TXN_35384,USER_9411,31.23,1.0,100,1
TXN_25110,USER_7291,67.38,1.0,100,1
TXN_23430,USER_9776,71.93,1.0,100,1
TXN_46741,USER_8799,69.8,1.0,100,1
TXN_48590,USER_1334,54.65,1.0,100,1
TXN_4451,USER_7553,51.77,1.0,100,1
TXN_20508,USER_2026,216.1,1.0,100,1
TXN_49059,USER_8892,17.06,1.0,100,1
TXN_14902,USER_4485,16.34,1.0,100,1
TXN_48004,USER_8169,14.75,1.0,100,1
TXN_42162,USER_6908,9.42,1.0,100,1
TXN_36200,USER_9545,211.55,1.0,100,1
TXN_35142,USER_1615,0.32,1.0,100,1
TXN_22120,USER_9722,97.08,1.0,100,1
TXN_27664,USER_7492,248.37,1.0,100,1
TXN_8460,USER_9708,14.31,1.0,100,1
TXN_29763,USER_9490,205.77,1.0,100,1
TXN_34013,USER_8364,36.06,1.0,100,1
TXN_4334,USER_7799,19.76,1.0,100,1
TXN_23134,USER_8872,51.14,1.0,100,1
TXN_34399,USER_8861,6.72,1.0,100,1
TXN_24136,USER_7485,285.07,1.0,100,1
TXN_5019,USER_8297,202.61,1.0,100,1
TXN_38611,USER_6244,126.33,1.0,100,1
TXN_675,USER_4579,11.11,1.0,100,1
TXN_5945,USER_2425,83.65,1.0,100,1
TXN_7728,USER_4923,17.11,1.0,100,1
TXN_20032,USER_7739,119.06,1.0,100,1
TXN_44478,USER_3888,107.25,1.0,100,1
TXN_25649,USER_4126,14.8,1.0,100,1
TXN_11366,USER_5929,138.08,1.0,100,1
TXN_44761,USER_2580,6.37,1.0,100,1
TXN_22226,USER_1891,197.92,1.0,100,1
TXN_8441,USER_2831,30.79,1.0,100,1
TXN_32090,USER_2540,20.33,1.0,100,1
TXN_41969,USER_2977,435.39,1.0,100,1
TXN_42473,USER_8623,173.05,1.0,100,1
TXN_11888,USER_2104,5.46,1.0,100,1
TXN_5635,USER_1004,66.62,1.0,100,1
TXN_11579,USER_4546,245.96,1.0,100,1
TXN_41312,USER_2274,135.57,1.0,100,1
TXN_48616,USER_6565,2.2,1.0,100,1
TXN_45522,USER_9968,43.58,1.0,100,1
TXN_17843,USER_6668,247.26,1.0,100,1
TXN_24284,USER_9294,19.5,1.0,100,1
TXN_15227,USER_2577,1.95,1.0,100,1
TXN_15925,USER_8846,74.77,1.0,100,1
TXN_24117,USER_1028,142.46,1.0,100,1
TXN_35212,USER_4929,108.75,1.0,100,1
TXN_40792,USER_2136,54.05,1.0,100,1
TXN_10227,USER_1303,179.6,1.0,100,1
TXN_32229,USER_1267,98.49,1.0,100,1
TXN_44273,USER_5581,73.87,1.0,100,1
TXN_46462,USER_3687,32.19,1.0,100,1
TXN_6864,USER_2214,27.35,1.0,100,1
TXN_39192,USER_3196,9.94,1.0,100,1
TXN_17074,USER_7409,25.12,1.0,100,1
TXN_38573,USER_2225,150.22,1.0,100,1
TXN_24314,USER_9301,0.17,1.0,100,1
TXN_5866,USER_5332,95.83,1.0,100,1
TXN_41541,USER_4594,60.87,1.0,100,1
TXN_11649,USER_6491,27.52,1.0,100,1
TXN_9500,USER_9954,68.49,1.0,100,1
TXN_35044,USER_5667,171.65,1.0,100,1
TXN_6405,USER_2790,398.83,1.0,100,1
TXN_48314,USER_5551,19.3,1.0,100,1
TXN_41079,USER_2699,18.42,1.0,100,1
TXN_47051,USER_5806,135.58,1.0,100,1
TXN_21771,USER_2271,5.38,1.0,100,1
TXN_14347,USER_3787,132.91,1.0,100,1
TXN_13848,USER_2299,14.81,1.0,100,1
TXN_22421,USER_5610,282.78,1.0,100,1
TXN_14636,USER_6459,3.06,1.0,100,1
TXN_24655,USER_2586,6.12,1.0,100,1
TXN_44010,USER_3936,94.97,1.0,100,1
TXN_46048,USER_4756,274.47,1.0,100,1
TXN_18328,USER_2615,62.51,1.0,100,1
TXN_42220,USER_8505,10.07,1.0,100,1
TXN_638,USER_1770,67.79,1.0,100,1
TXN_14466,USER_8971,15.32,1.0,100,1
TXN_12102,USER_6450,3.0,1.0,100,1
TXN_31962,USER_8386,328.52,1.0,100,1
TXN_43131,USER_2837,216.1,1.0,100,1
TXN_14790,USER_4090,18.98,1.0,100,1
TXN_15642,USER_3258,8.6,1.0,100,1
TXN_40457,USER_4704,279.73,1.0,100,1
TXN_41739,USER_8573,300.13,1.0,100,1
TXN_32617,USER_7761,6.99,1.0,100,1
TXN_16641,USER_7501,153.7,1.0,100,1
TXN_31712,USER_6168,227.77,1.0,100,1
TXN_8056,USER_8573,9.41,1.0,100,1
TXN_34199,USER_2768,122.9,1.0,100,1
TXN_28945,USER_8741,89.1,1.0,100,1
TXN_29937,USER_5242,284.58,1.0,100,1
TXN_38883,USER_7105,283.33,1.0,100,1
TXN_13228,USER_6161,216.0,1.0,100,1
TXN_29828,USER_2419,188.65,1.0,100,1
TXN_10083,USER_7575,6.69,1.0,100,1
TXN_11374,USER_8988,172.74,1.0,100,1
TXN_8973,USER_7010,373.64,1.0,100,1
TXN_29627,USER_7568,130.81,1.0,100,1
TXN_19906,USER_2368,56.58,1.0,100,1
TXN_6104,USER_8959,275.41,1.0,100,1
TXN_37721,USER_1414,94.42,1.0,100,1
TXN_28210,USER_2057,20.87,1.0,100,1
TXN_28239,USER_7972,52.55,1.0,100,1
TXN_20368,USER_8918,5.66,1.0,100,1
TXN_33990,USER_4482,5.94,1.0,100,1
TXN_5130,USER_9033,104.66,1.0,100,1
TXN_36853,USER_8918,113.06,1.0,100,1
TXN_22231,USER_3333,42.85,1.0,100,1
TXN_40306,USER_2864,162.88,1.0,100,1
TXN_19754,USER_9214,7.33,1.0,100,1
TXN_42353,USER_3722,22.02,1.0,100,1
TXN_1437,USER_7154,154.15,1.0,100,1
TXN_24946,USER_4997,0.62,1.0,100,1
TXN_20888,USER_3945,34.29,1.0,100,1
TXN_20550,USER_7162,206.34,1.0,100,1
TXN_49619,USER_6127,167.41,1.0,100,1
TXN_31768,USER_8361,16.69,1.0,100,1
TXN_16777,USER_7096,97.45,1.0,100,1
TXN_45057,USER_3864,133.9,1.0,100,1
TXN_33157,USER_9340,104.38,1.0,100,1
TXN_35097,USER_7287,167.66,1.0,100,1
TXN_7509,USER_6273,101.72,1.0,100,1
TXN_12849,USER_6360,18.83,1.0,100,1
TXN_29477,USER_5509,26.95,1.0,100,1
TXN_9541,USER_6674,9.14,1.0,100,1
TXN_38486,USER_6754,138.08,1.0,100,1
TXN_15426,USER_8965,222.93,1.0,100,1
TXN_24104,USER_4750,535.33,1.0,100,1
TXN_1957,USER_4493,30.0,1.0,100,1
TXN_11845,USER_7695,71.85,1.0,100,1
TXN_36314,USER_9176,26.45,1.0,100,1
TXN_35940,USER_7467,434.11,1.0,100,1
TXN_7703,USER_8999,4.29,1.0,100,1
TXN_42396,USER_4496,194.28,1.0,100,1
TXN_16949,USER_3923,1.26,1.0,100,1
TXN_20741,USER_9791,129.56,1.0,100,1
TXN_7034,USER_9445,86.54,1.0,100,1
TXN_41992,USER_7259,14.96,1.0,100,1
TXN_9812,USER_8867,7.63,1.0,100,1
TXN_11818,USER_8215,25.2,1.0,100,1
TXN_21741,USER_7579,0.85,1.0,100,1
TXN_26056,USER_6670,20.04,1.0,100,1
TXN_3244,USER_3230,110.83,1.0,100,1
TXN_44613,USER_4323,241.18,1.0,100,1
TXN_5690,USER_2007,9.66,1.0,100,1
TXN_38320,USER_7566,38.4,1.0,100,1
TXN_1842,USER_9435,78.5,1.0,100,1
TXN_8058,USER_1879,78.63,1.0,100,1
TXN_44344,USER_7097,8.4,1.0,100,1
TXN_26165,USER_4294,11.5,1.0,100,1
TXN_4488,USER_4809,44.54,1.0,100,1
TXN_36326,USER_2137,10.98,1.0,100,1
TXN_33843,USER_1336,68.6,1.0,100,1
TXN_21313,USER_4656,40.49,1.0,100,1
TXN_37002,USER_5694,886.3,1.0,100,1
TXN_48401,USER_6609,269.81,1.0,100,1
TXN_27648,USER_5073,65.25,1.0,100,1
TXN_28095,USER_5641,233.96,1.0,100,1
TXN_13083,USER_1254,49.16,1.0,100,1
TXN_45391,USER_5015,46.93,1.0,100,1
TXN_49629,USER_5606,2.26,1.0,100,1
TXN_31576,USER_2323,18.48,1.0,100,1
TXN_32754,USER_8034,171.01,1.0,100,1
TXN_43961,USER_3582,22.78,1.0,100,1
TXN_36660,USER_7275,511.15,1.0,100,1
TXN_29788,USER_4973,52.36,1.0,100,1
TXN_14546,USER_4037,115.28,1.0,100,1
TXN_3019,USER_4483,6.95,1.0,100,1
TXN_38355,USER_8138,278.39,1.0,100,1
TXN_33987,USER_2610,49.9,1.0,100,1
TXN_10022,USER_7621,75.75,1.0,100,1
TXN_16314,USER_7516,41.11,1.0,100,1
TXN_31267,USER_7363,83.43,1.0,100,1
TXN_11320,USER_9894,143.42,1.0,100,1
TXN_18992,USER_3030,46.49,1.0,100,1
TXN_27051,USER_1540,141.66,1.0,100,1
TXN_11780,USER_9789,202.67,1.0,100,1
TXN_41926,USER_8784,111.57,1.0,100,1
TXN_14392,USER_3293,96.26,1.0,100,1
TXN_1929,USER_5837,64.06,1.0,100,1
TXN_29542,USER_1623,53.32,1.0,100,1
TXN_14244,USER_4191,8.58,1.0,100,1
TXN_49752,USER_7646,133.17,1.0,100,1
TXN_41857,USER_7706,25.44,1.0,100,1
TXN_11203,USER_9660,16.14,1.0,100,1
TXN_38717,USER_5018,167.27,1.0,100,1
TXN_33573,USER_5432,24.39,1.0,100,1
TXN_17124,USER_9152,22.97,1.0,100,1
TXN_7256,USER_5833,62.6,1.0,100,1
TXN_18764,USER_3506,47.95,1.0,100,1
TXN_12432,USER_7940,92.94,1.0,100,1
TXN_18390,USER_6182,86.63,1.0,100,1
TXN_49955,USER_8579,143.71,1.0,100,1
TXN_40021,USER_1142,200.63,1.0,100,1
TXN_23022,USER_7011,154.51,1.0,100,1
TXN_27265,USER_7149,16.64,1.0,100,1
TXN_530,USER_5748,232.38,1.0,100,1
TXN_28394,USER_7544,114.36,1.0,100,1
TXN_44702,USER_4325,6.69,1.0,100,1
TXN_48764,USER_9429,111.87,1.0,100,1
TXN_40367,USER_7749,65.66,1.0,100,1
TXN_2188,USER_4384,80.52,1.0,100,1
TXN_4568,USER_2581,123.92,1.0,100,1
TXN_44007,USER_5921,65.53,1.0,100,1
TXN_10459,USER_5177,100.79,1.0,100,1
TXN_11657,USER_4495,70.51,1.0,100,1
TXN_47538,USER_5925,8.27,1.0,100,1
TXN_19943,USER_9148,3.32,1.0,100,1
TXN_41588,USER_4462,50.99,1.0,100,1
TXN_11746,USER_6969,54.74,1.0,100,1
TXN_19617,USER_8426,6.88,1.0,100,1
TXN_40700,USER_2352,165.64,1.0,100,1
TXN_46696,USER_7233,79.35,1.0,100,1
TXN_4872,USER_3639,16.26,1.0,100,1
TXN_27547,USER_3086,303.22,1.0,100,1
TXN_13691,USER_2695,113.99,1.0,100,1
TXN_11482,USER_8408,79.84,1.0,100,1
TXN_4753,USER_7748,198.43,1.0,100,1
TXN_1833,USER_8574,2.64,1.0,100,1
TXN_15807,USER_5590,108.1,1.0,100,1
TXN_33390,USER_2653,284.28,1.0,100,1
TXN_27910,USER_2383,13.26,1.0,100,1
TXN_27925,USER_4955,196.01,1.0,100,1
TXN_13479,USER_6489,138.0,1.0,100,1
TXN_16648,USER_6279,48.68,1.0,100,1
TXN_47780,USER_2677,0.72,1.0,100,1
TXN_45626,USER_5712,147.86,1.0,100,1
TXN_40878,USER_6627,42.5,1.0,100,1
TXN_1206,USER_6468,279.74,1.0,100,1
TXN_13714,USER_8931,132.45,1.0,100,1
TXN_41535,USER_2908,129.94,1.0,100,1
TXN_11446,USER_7414,131.78,1.0,100,1
TXN_12331,USER_6224,208.2,1.0,100,1
TXN_37241,USER_7205,145.57,1.0,100,1
TXN_31794,USER_2188,55.7,1.0,100,1
TXN_41493,USER_7215,463.97,1.0,100,1
TXN_34122,USER_2007,11.78,1.0,100,1
TXN_10352,USER_1309,143.01,1.0,100,1
TXN_38266,USER_6377,236.91,1.0,100,1
TXN_9223,USER_5829,298.58,1.0,100,1
TXN_39425,USER_5994,155.38,1.0,100,1
TXN_8936,USER_1065,116.14,1.0,100,1
TXN_40558,USER_9964,97.38,1.0,100,1
TXN_6466,USER_9989,41.44,1.0,100,1
TXN_4240,USER_4854,108.06,1.0,100,1
TXN_45247,USER_1749,48.63,1.0,100,1
TXN_16795,USER_5031,44.76,1.0,100,1
TXN_14910,USER_9951,26.05,1.0,100,1
TXN_16469,USER_8607,25.54,1.0,100,1
TXN_49560,USER_5777,32.67,1.0,100,1
TXN_35765,USER_8580,39.31,1.0,100,1
TXN_4664,USER_4164,91.94,1.0,100,1
TXN_48258,USER_6696,2.85,1.0,100,1
TXN_38303,USER_1050,183.91,1.0,100,1
TXN_29914,USER_4930,22.32,1.0,100,1
TXN_42749,USER_6921,127.27,1.0,100,1
TXN_24536,USER_6156,67.11,1.0,100,1
TXN_2621,USER_4267,81.27,1.0,100,1
TXN_29852,USER_7438,140.39,1.0,100,1
TXN_33674,USER_1772,30.47,1.0,100,1
TXN_1772,USER_1072,9.84,1.0,100,1
TXN_20286,USER_8636,259.43,1.0,100,1
TXN_15964,USER_2533,329.82,1.0,100,1
TXN_39766,USER_8639,29.26,1.0,100,1
TXN_17968,USER_3484,13.68,1.0,100,1
TXN_28599,USER_9608,55.57,1.0,100,1
TXN_37269,USER_6850,91.34,1.0,100,1
TXN_15737,USER_1390,239.08,1.0,100,1
TXN_25131,USER_1560,66.25,1.0,100,1
TXN_17246,USER_7582,24.46,1.0,100,1
TXN_45889,USER_9065,97.05,1.0,100,1
TXN_42807,USER_1131,6.29,1.0,100,1
TXN_29422,USER_3358,29.15,1.0,100,1
TXN_33731,USER_5436,31.52,1.0,100,1
TXN_47141,USER_9435,62.14,1.0,100,1
TXN_25914,USER_7288,19.03,1.0,100,1
TXN_45233,USER_1421,243.9,1.0,100,1
TXN_27147,USER_4904,52.11,1.0,100,1
TXN_31396,USER_2147,90.5,1.0,100,1
TXN_40496,USER_7706,96.73,1.0,100,1
TXN_24497,USER_2049,247.39,1.0,100,1
TXN_39073,USER_7609,491.06,1.0,100,1
TXN_48841,USER_9200,74.91,1.0,100,1
TXN_29020,USER_1010,229.48,1.0,100,1
TXN_32517,USER_7803,125.34,1.0,100,1
TXN_24403,USER_8261,26.62,1.0,100,1
TXN_18599,USER_2368,24.76,1.0,100,1
TXN_22713,USER_5796,103.73,1.0,100,1
TXN_40712,USER_7258,154.9,1.0,100,1
TXN_11686,USER_4549,38.12,1.0,100,1
TXN_41105,USER_3729,18.85,1.0,100,1
TXN_33131,USER_8658,57.97,1.0,100,1
TXN_46253,USER_5691,130.07,1.0,100,1
TXN_8896,USER_9974,37.56,1.0,100,1
TXN_46221,USER_9567,3.12,1.0,100,1
TXN_24719,USER_1411,34.24,1.0,100,1
TXN_2777,USER_8470,14.16,1.0,100,1
TXN_3825,USER_7582,24.81,1.0,100,1
TXN_40679,USER_7766,151.4,1.0,100,1
TXN_18543,USER_6385,119.17,1.0,100,1
TXN_45059,USER_6412,12.82,1.0,100,1
TXN_1329,USER_9780,22.77,1.0,100,1
TXN_8652,USER_9232,33.65,1.0,100,1
TXN_35566,USER_7835,0.3,1.0,100,1
TXN_3699,USER_7483,1.26,1.0,100,1
TXN_6027,USER_2872,190.89,1.0,100,1
TXN_24634,USER_3759,42.75,1.0,100,1
TXN_16881,USER_8624,12.51,1.0,100,1
TXN_12517,USER_9792,121.01,1.0,100,1
TXN_3976,USER_9112,116.89,1.0,100,1
TXN_20407,USER_3418,106.2,1.0,100,1
TXN_3437,USER_2993,113.03,1.0,100,1
TXN_12847,USER_5799,226.51,1.0,100,1
TXN_5758,USER_6565,8.02,1.0,100,1
TXN_35377,USER_8632,80.7,1.0,100,1
TXN_47072,USER_6457,35.85,1.0,100,1
TXN_13776,USER_7167,181.24,1.0,100,1
TXN_24671,USER_7487,41.92,1.0,100,1
TXN_37186,USER_7610,3.26,1.0,100,1
TXN_3477,USER_4074,31.6,1.0,100,1
TXN_11850,USER_8816,38.75,1.0,100,1
TXN_34015,USER_3631,22.14,1.0,100,1
TXN_34143,USER_8330,48.28,1.0,100,1
TXN_49558,USER_1450,222.04,1.0,100,1
TXN_37639,USER_9626,34.74,1.0,100,1
TXN_39955,USER_5677,332.86,1.0,100,1
TXN_28325,USER_7325,15.13,1.0,100,1
TXN_40982,USER_2223,183.58,1.0,100,1
TXN_39048,USER_3832,59.08,1.0,100,1
TXN_5125,USER_4662,4.05,1.0,100,1
TXN_39292,USER_9783,61.78,1.0,100,1
TXN_49848,USER_1738,63.33,1.0,100,1
TXN_31735,USER_9359,84.85,1.0,100,1
TXN_36568,USER_1791,198.22,1.0,100,1
TXN_11021,USER_6613,186.48,1.0,100,1
TXN_32717,USER_6521,15.21,1.0,100,1
TXN_28788,USER_7826,12.27,1.0,100,1
TXN_1504,USER_1306,214.2,1.0,100,1
TXN_39623,USER_3259,20.49,1.0,100,1
TXN_18417,USER_9643,143.39,1.0,100,1
TXN_36810,USER_3812,13.74,1.0,100,1
TXN_35355,USER_6318,0.92,1.0,100,1
TXN_17691,USER_4933,89.36,1.0,100,1
TXN_10719,USER_4754,199.46,1.0,100,1
TXN_36156,USER_8247,168.11,1.0,100,1
TXN_41290,USER_8807,83.79,1.0,100,1
TXN_32166,USER_6175,18.24,1.0,100,1
TXN_49428,USER_6695,2.51,1.0,100,1
TXN_37456,USER_9620,92.39,1.0,100,1
TXN_14371,USER_3808,225.78,1.0,100,1
TXN_19112,USER_2334,171.18,1.0,100,1
TXN_44377,USER_2372,55.99,1.0,100,1
TXN_27581,USER_9676,257.28,1.0,100,1
TXN_45313,USER_3017,241.57,1.0,100,1
TXN_19307,USER_1743,216.24,1.0,100,1
TXN_26274,USER_9093,19.09,1.0,100,1
TXN_6595,USER_8422,70.91,1.0,100,1
TXN_43584,USER_2571,235.37,1.0,100,1
TXN_19597,USER_3677,89.78,1.0,100,1
TXN_10158,USER_5883,25.63,1.0,100,1
TXN_37990,USER_3819,56.31,1.0,100,1
TXN_3689,USER_7111,27.78,1.0,100,1
TXN_23589,USER_4153,141.4,1.0,100,1
TXN_2844,USER_6575,139.29,1.0,100,1
TXN_37917,USER_8930,61.19,1.0,100,1
TXN_17251,USER_3608,105.58,1.0,100,1
TXN_47322,USER_8685,72.92,1.0,100,1
TXN_39629,USER_9612,103.95,1.0,100,1
TXN_35965,USER_9616,9.87,1.0,100,1
TXN_15763,USER_9431,118.93,1.0,100,1
TXN_37514,USER_5958,4.49,1.0,100,1
TXN_36831,USER_7971,385.4,1.0,100,1
TXN_31052,USER_6461,58.87,1.0,100,1
TXN_27855,USER_9791,232.81,1.0,100,1
TXN_43398,USER_8403,29.19,1.0,100,1
TXN_31780,USER_6244,22.78,1.0,100,1
TXN_43995,USER_6467,60.14,1.0,100,1
TXN_5955,USER_4539,0.98,1.0,100,1
TXN_2720,USER_1882,98.78,1.0,100,1
TXN_20905,USER_4971,5.6,1.0,100,1
TXN_24083,USER_4472,108.69,1.0,100,1
TXN_29621,USER_1947,284.61,1.0,100,1
TXN_28598,USER_2207,4.9,1.0,100,1
TXN_21561,USER_6945,178.3,1.0,100,1
TXN_19562,USER_2315,51.25,1.0,100,1
TXN_5546,USER_7984,272.22,1.0,100,1
TXN_21280,USER_3495,148.1,1.0,100,1
TXN_18364,USER_2632,286.36,1.0,100,1
TXN_20925,USER_1701,136.01,1.0,100,1
TXN_48185,USER_1854,53.47,1.0,100,1
TXN_11520,USER_8479,60.19,1.0,100,1
TXN_11540,USER_1565,207.73,1.0,100,1
TXN_35949,USER_2688,34.16,1.0,100,1
TXN_44545,USER_1847,64.01,1.0,100,1
TXN_48973,USER_8899,104.45,1.0,100,1
TXN_24866,USER_9302,204.01,1.0,100,1
TXN_20319,USER_5358,66.85,1.0,100,1
TXN_25831,USER_9419,38.09,1.0,100,1
TXN_18041,USER_3494,6.36,1.0,100,1
TXN_18500,USER_2767,77.42,1.0,100,1
TXN_43599,USER_6377,289.27,1.0,100,1
TXN_8452,USER_5722,28.96,1.0,100,1
TXN_37949,USER_6944,80.49,1.0,100,1
TXN_14048,USER_6150,33.51,1.0,100,1
TXN_40956,USER_2333,24.51,1.0,100,1
TXN_14689,USER_2969,458.62,1.0,100,1
TXN_867,USER_6765,123.99,1.0,100,1
TXN_47293,USER_4014,4.81,1.0,100,1
TXN_393,USER_8421,22.84,1.0,100,1
TXN_12189,USER_2080,106.92,1.0,100,1
TXN_13141,USER_1256,54.36,1.0,100,1
TXN_38349,USER_7815,80.55,1.0,100,1
TXN_20415,USER_7886,218.42,1.0,100,1
TXN_15793,USER_3997,29.62,1.0,100,1
TXN_19228,USER_2724,107.42,1.0,100,1
TXN_15346,USER_6482,62.33,1.0,100,1
TXN_44184,USER_2882,18.9,1.0,100,1
TXN_14900,USER_2905,19.86,1.0,100,1
TXN_23359,USER_8657,127.16,1.0,100,1
TXN_32558,USER_2943,258.93,1.0,100,1
TXN_48539,USER_2410,48.33,1.0,100,1
TXN_6664,USER_3513,72.86,1.0,100,1
TXN_42444,USER_9876,203.56,1.0,100,1
TXN_10841,USER_9527,74.21,1.0,100,1
TXN_44574,USER_8015,195.42,1.0,100,1
TXN_45672,USER_8425,1.27,1.0,100,1
TXN_39242,USER_8930,70.75,1.0,100,1
TXN_12927,USER_7056,19.39,1.0,100,1
TXN_48163,USER_7571,78.4,1.0,100,1
TXN_21283,USER_9323,134.67,1.0,100,1
TXN_48294,USER_4517,22.18,1.0,100,1
TXN_32344,USER_3489,146.93,1.0,100,1
TXN_1768,USER_2125,50.84,1.0,100,1
TXN_6096,USER_1162,33.43,1.0,100,1
TXN_10494,USER_5674,155.85,1.0,100,1
TXN_14460,USER_7932,27.21,1.0,100,1
TXN_21094,USER_7498,82.77,1.0,100,1
TXN_16770,USER_5899,92.44,1.0,100,1
TXN_41736,USER_8333,201.8,1.0,100,1
TXN_15626,USER_8001,111.85,1.0,100,1
TXN_47803,USER_9150,169.53,1.0,100,1
TXN_33679,USER_9337,104.7,1.0,100,1
TXN_39561,USER_1209,6.0,1.0,100,1
TXN_5465,USER_8067,4.52,1.0,100,1
TXN_28789,USER_6667,108.12,1.0,100,1
TXN_24222,USER_2977,389.64,1.0,100,1
TXN_6077,USER_5095,97.06,1.0,100,1
TXN_135,USER_6450,157.15,1.0,100,1
TXN_15773,USER_6243,15.51,1.0,100,1
TXN_9292,USER_8211,243.58,1.0,100,1
TXN_26447,USER_3346,149.07,1.0,100,1
TXN_23084,USER_5329,37.25,1.0,100,1
TXN_10563,USER_7339,148.08,1.0,100,1
TXN_12882,USER_2184,185.86,1.0,100,1
TXN_3314,USER_4951,157.68,1.0,100,1
TXN_39849,USER_6852,470.84,1.0,100,1
TXN_34342,USER_3619,104.67,1.0,100,1
TXN_48832,USER_2020,218.14,1.0,100,1
TXN_23358,USER_6391,106.55,1.0,100,1
TXN_28105,USER_3312,6.14,1.0,100,1
TXN_33429,USER_8187,30.35,1.0,100,1
TXN_14538,USER_2254,63.75,1.0,100,1
TXN_17917,USER_7881,60.45,1.0,100,1
TXN_5887,USER_5378,186.53,1.0,100,1
TXN_6061,USER_5076,39.21,1.0,100,1
TXN_12018,USER_3628,152.85,1.0,100,1
TXN_17461,USER_4944,148.14,1.0,100,1
TXN_44490,USER_3275,127.97,1.0,100,1
TXN_14410,USER_4544,101.38,1.0,100,1
TXN_49942,USER_3000,47.88,1.0,100,1
TXN_36546,USER_2930,181.49,1.0,100,1
TXN_31031,USER_1987,165.96,1.0,100,1
TXN_12433,USER_3670,451.52,1.0,100,1
TXN_27470,USER_7260,74.84,1.0,100,1
TXN_32119,USER_9735,163.02,1.0,100,1
TXN_1858,USER_8373,70.27,1.0,100,1
TXN_25489,USER_8591,33.05,1.0,100,1
TXN_29465,USER_6698,113.05,1.0,100,1
TXN_34762,USER_6811,149.87,1.0,100,1
TXN_45013,USER_9375,5.11,1.0,100,1
TXN_41815,USER_2304,24.85,1.0,100,1
TXN_32863,USER_9310,101.67,1.0,100,1
TXN_3204,USER_4273,134.67,1.0,100,1
TXN_42750,USER_3025,86.71,1.0,100,1
TXN_41957,USER_6941,16.83,1.0,100,1
TXN_26134,USER_1018,29.17,1.0,100,1
TXN_31934,USER_6447,79.79,1.0,100,1
TXN_41165,USER_2540,165.01,1.0,100,1
TXN_9133,USER_2787,377.16,1.0,100,1
TXN_48087,USER_2057,105.31,1.0,100,1
TXN_28725,USER_1082,57.46,1.0,100,1
TXN_42577,USER_5239,18.8,1.0,100,1
TXN_41300,USER_4938,10.66,1.0,100,1
TXN_29126,USER_4116,58.38,1.0,100,1
TXN_16579,USER_5606,52.35,1.0,100,1
TXN_15131,USER_8354,71.06,1.0,100,1
TXN_25908,USER_6980,18.55,1.0,100,1
TXN_11299,USER_7408,21.64,1.0,100,1
TXN_5207,USER_3118,56.66,1.0,100,1
TXN_44474,USER_6370,106.2,1.0,100,1
TXN_2792,USER_9448,154.85,1.0,100,1
TXN_32655,USER_8887,269.0,1.0,100,1
TXN_29224,USER_6570,42.33,1.0,100,1
TXN_26461,USER_8146,53.23,1.0,100,1
TXN_21331,USER_3721,56.79,1.0,100,1
TXN_16893,USER_5541,161.94,1.0,100,1
TXN_5061,USER_4197,177.02,1.0,100,1
TXN_41224,USER_6386,1.97,1.0,100,1
TXN_45298,USER_9124,1.18,1.0,100,1
TXN_4412,USER_7792,21.8,1.0,100,1
TXN_48489,USER_6367,390.0,1.0,100,1
TXN_44227,USER_3651,88.54,1.0,100,1
TXN_42893,USER_6286,105.81,1.0,100,1
TXN_5888,USER_9449,259.08,1.0,100,1
TXN_3718,USER_5172,109.32,1.0,100,1
TXN_10614,USER_7007,16.61,1.0,100,1
TXN_22036,USER_7671,42.83,1.0,100,1
TXN_26930,USER_6659,27.1,1.0,100,1
TXN_48088,USER_7312,243.16,1.0,100,1
TXN_47038,USER_1512,63.5,1.0,100,1
TXN_15759,USER_3953,508.49,1.0,100,1
TXN_17986,USER_2014,109.59,1.0,100,1
TXN_17286,USER_9756,301.84,1.0,100,1
TXN_17448,USER_1184,71.22,1.0,100,1
TXN_34993,USER_7584,42.66,1.0,100,1
TXN_12897,USER_4773,38.03,1.0,100,1
TXN_43674,USER_7415,5.88,1.0,100,1
TXN_18867,USER_2753,232.49,1.0,100,1
TXN_44208,USER_1407,102.02,1.0,100,1
TXN_29737,USER_1392,69.05,1.0,100,1
TXN_38604,USER_9759,93.25,1.0,100,1
TXN_22537,USER_8281,181.63,1.0,100,1
TXN_2794,USER_4175,44.07,1.0,100,1
TXN_39566,USER_9867,69.88,1.0,100,1
TXN_37319,USER_7343,24.48,1.0,100,1
TXN_40438,USER_8983,192.72,1.0,100,1
TXN_49944,USER_8788,37.49,1.0,100,1
TXN_35899,USER_7292,45.47,1.0,100,1
TXN_30703,USER_2821,83.0,1.0,100,1
TXN_19674,USER_3862,28.4,1.0,100,1
TXN_30153,USER_9686,345.48,1.0,100,1
TXN_13513,USER_7832,7.8,1.0,100,1
TXN_14103,USER_9123,29.41,1.0,100,1
TXN_6421,USER_1615,25.21,1.0,100,1
TXN_27551,USER_1978,13.57,1.0,100,1
TXN_37489,USER_7642,152.65,1.0,100,1
TXN_4309,USER_2609,198.61,1.0,100,1
TXN_35014,USER_4047,8.79,1.0,100,1
TXN_31109,USER_9770,19.22,1.0,100,1
TXN_39671,USER_3512,25.69,1.0,100,1
TXN_27762,USER_5492,171.68,1.0,100,1
TXN_49447,USER_4372,48.94,1.0,100,1
TXN_40053,USER_8089,85.54,1.0,100,1
TXN_41712,USER_4211,1.26,1.0,100,1
TXN_9239,USER_8063,123.33,1.0,100,1
TXN_32763,USER_5500,45.72,1.0,100,1
TXN_47196,USER_4360,11.41,1.0,100,1
TXN_6023,USER_2164,191.71,1.0,100,1
TXN_27261,USER_4580,71.85,1.0,100,1
TXN_3867,USER_7026,239.49,1.0,100,1
TXN_37093,USER_2769,8.74,1.0,100,1
TXN_32803,USER_6634,7.02,1.0,100,1
TXN_34794,USER_7433,114.89,1.0,100,1
TXN_47161,USER_1016,146.96,1.0,100,1
TXN_19402,USER_6213,178.05,1.0,100,1
TXN_15299,USER_1379,21.76,1.0,100,1
TXN_26080,USER_4180,130.72,1.0,100,1
TXN_37473,USER_7249,166.26,1.0,100,1
TXN_9631,USER_4118,118.23,1.0,100,1
TXN_18791,USER_4632,55.33,1.0,100,1
TXN_42106,USER_6139,397.2,1.0,100,1
TXN_48556,USER_8614,140.37,1.0,100,1
TXN_13803,USER_5517,1.2,1.0,100,1
TXN_27715,USER_9729,174.81,1.0,100,1
TXN_31079,USER_4238,61.1,1.0,100,1
TXN_9213,USER_8864,187.33,1.0,100,1
TXN_32802,USER_6561,78.79,1.0,100,1
TXN_37483,USER_6298,8.79,1.0,100,1
TXN_40192,USER_3215,104.26,1.0,100,1
TXN_29659,USER_8093,113.8,1.0,100,1
TXN_36297,USER_4769,31.22,1.0,100,1
TXN_19717,USER_6481,219.05,1.0,100,1
TXN_15062,USER_8173,108.73,1.0,100,1
TXN_1602,USER_6370,51.51,1.0,100,1
TXN_24804,USER_3405,120.48,1.0,100,1
TXN_43947,USER_7574,88.81,1.0,100,1
TXN_40717,USER_3370,23.76,1.0,100,1
TXN_47339,USER_3777,8.6,1.0,100,1
TXN_41023,USER_5227,219.68,1.0,100,1
TXN_30086,USER_3584,45.44,1.0,100,1
TXN_46304,USER_2933,88.26,1.0,100,1
TXN_43641,USER_5862,60.33,1.0,100,1
TXN_20957,USER_8488,50.59,1.0,100,1
TXN_45282,USER_1560,15.2,1.0,100,1
TXN_28237,USER_3569,148.61,1.0,100,1
TXN_29341,USER_2419,81.0,1.0,100,1
TXN_49000,USER_9821,5.05,1.0,100,1
TXN_5714,USER_7520,114.91,1.0,100,1
TXN_26098,USER_6318,376.13,1.0,100,1
TXN_42021,USER_5589,2.42,1.0,100,1
TXN_10815,USER_6190,350.84,1.0,100,1
TXN_47954,USER_8389,99.35,1.0,100,1
TXN_16622,USER_3338,89.88,1.0,100,1
TXN_22275,USER_1829,332.2,1.0,100,1
TXN_17550,USER_2293,90.11,1.0,100,1
TXN_28505,USER_4924,170.46,1.0,100,1
TXN_39010,USER_6632,176.94,1.0,100,1
TXN_19980,USER_7547,141.09,1.0,100,1
TXN_43139,USER_8191,40.68,1.0,100,1
TXN_42218,USER_3037,23.63,1.0,100,1
TXN_10597,USER_1974,17.63,1.0,100,1
TXN_11067,USER_8453,65.14,1.0,100,1
TXN_59,USER_5297,64.71,1.0,100,1
TXN_28672,USER_7356,227.61,1.0,100,1
TXN_707,USER_7376,83.43,1.0,100,1
TXN_37012,USER_5409,0.24,1.0,100,1
TXN_30035,USER_3781,93.26,1.0,100,1
TXN_37090,USER_5123,24.88,1.0,100,1
TXN_45364,USER_9414,395.96,1.0,100,1
TXN_4290,USER_3197,282.09,1.0,100,1
TXN_1522,USER_7675,180.7,1.0,100,1
TXN_32268,USER_3383,238.07,1.0,100,1
TXN_44473,USER_7539,44.1,1.0,100,1
TXN_28516,USER_5655,179.62,1.0,100,1
TXN_16973,USER_7294,130.13,1.0,100,1
TXN_48057,USER_1778,51.72,1.0,100,1
TXN_43784,USER_6282,20.25,1.0,100,1
TXN_29705,USER_1023,66.26,1.0,100,1
TXN_49091,USER_7543,11.63,1.0,100,1
TXN_31298,USER_4501,43.85,1.0,100,1
TXN_43199,USER_4533,55.66,1.0,100,1
TXN_32110,USER_3993,28.96,1.0,100,1
TXN_27929,USER_5572,173.29,1.0,100,1
TXN_45005,USER_2538,217.53,1.0,100,1
TXN_47772,USER_5839,308.71,1.0,100,1
TXN_16383,USER_7171,81.43,1.0,100,1
TXN_36202,USER_5082,18.74,1.0,100,1
TXN_1144,USER_3322,170.33,1.0,100,1
TXN_39252,USER_5792,67.06,1.0,100,1
TXN_2423,USER_2967,5.9,1.0,100,1
TXN_49602,USER_3578,55.63,1.0,100,1
TXN_976,USER_6182,29.63,1.0,100,1
TXN_19427,USER_5971,141.39,1.0,100,1
TXN_6621,USER_3263,147.11,1.0,100,1
TXN_40416,USER_4974,162.77,1.0,100,1
TXN_14530,USER_4682,151.88,1.0,100,1
TXN_43830,USER_4980,18.25,1.0,100,1
TXN_4591,USER_7828,8.6,1.0,100,1
TXN_34569,USER_7838,406.32,1.0,100,1
TXN_33587,USER_4093,12.1,1.0,100,1
TXN_8456,USER_4235,164.36,1.0,100,1
TXN_29004,USER_8986,10.59,1.0,100,1
TXN_48728,USER_9808,80.56,1.0,100,1
TXN_9494,USER_5077,10.36,1.0,100,1
TXN_33603,USER_7639,28.02,1.0,100,1
TXN_33084,USER_8875,20.28,1.0,100,1
TXN_17528,USER_5069,41.64,1.0,100,1
TXN_3717,USER_9092,8.5,1.0,100,1
TXN_11200,USER_5147,0.75,1.0,100,1
TXN_15855,USER_6129,126.22,1.0,100,1
TXN_9361,USER_8631,58.93,1.0,100,1
TXN_28553,USER_3592,282.24,1.0,100,1
TXN_47973,USER_9536,209.0,1.0,100,1
TXN_41835,USER_8639,61.05,1.0,100,1
TXN_37914,USER_4439,19.51,1.0,100,1
TXN_41156,USER_8080,79.23,1.0,100,1
TXN_21414,USER_2459,29.44,1.0,100,1
TXN_33068,USER_8135,32.77,1.0,100,1
TXN_27469,USER_1027,142.52,1.0,100,1
TXN_41372,USER_9825,9.16,1.0,100,1
TXN_36570,USER_1743,113.13,1.0,100,1
TXN_32570,USER_8253,33.91,1.0,100,1
TXN_46054,USER_9787,266.88,1.0,100,1
TXN_27966,USER_4682,138.29,1.0,100,1
TXN_15405,USER_7652,32.93,1.0,100,1
TXN_44518,USER_5414,29.54,1.0,100,1
TXN_15383,USER_5353,56.56,1.0,100,1
TXN_21191,USER_8542,82.71,1.0,100,1
TXN_11298,USER_6278,134.33,1.0,100,1
TXN_3872,USER_1649,3.54,1.0,100,1
TXN_33246,USER_2117,7.23,1.0,100,1
TXN_20266,USER_7290,39.62,1.0,100,1
TXN_33409,USER_3407,87.02,1.0,100,1
TXN_11702,USER_4681,241.86,1.0,100,1
TXN_22290,USER_9852,55.81,1.0,100,1
TXN_807,USER_5234,34.27,1.0,100,1
TXN_16434,USER_1589,123.15,1.0,100,1
TXN_33105,USER_6976,171.38,1.0,100,1
TXN_16439,USER_9939,121.46,1.0,100,1
TXN_42714,USER_9108,150.66,1.0,100,1
TXN_32054,USER_9891,51.42,1.0,100,1
TXN_14975,USER_4372,20.87,1.0,100,1
TXN_14809,USER_1539,71.39,1.0,100,1
TXN_39526,USER_6284,43.51,1.0,100,1
TXN_47286,USER_4404,68.95,1.0,100,1
TXN_30983,USER_3803,34.97,1.0,100,1
TXN_16509,USER_7812,94.73,1.0,100,1
TXN_15844,USER_5790,11.23,1.0,100,1
TXN_32864,USER_9054,189.62,1.0,100,1
TXN_35077,USER_1324,53.47,1.0,100,1
TXN_23192,USER_1955,313.07,1.0,100,1
TXN_44733,USER_6524,49.85,1.0,100,1
TXN_49566,USER_8136,21.57,1.0,100,1
TXN_42892,USER_8516,79.89,1.0,100,1
TXN_17346,USER_4887,36.47,1.0,100,1
TXN_5725,USER_4985,20.41,1.0,100,1
TXN_16756,USER_9396,1.78,1.0,100,1
TXN_44125,USER_7312,247.85,1.0,100,1
TXN_7617,USER_4849,350.08,1.0,100,1
TXN_29478,USER_5526,243.82,1.0,100,1
TXN_37351,USER_7305,69.08,1.0,100,1
TXN_95,USER_8215,102.61,1.0,100,1
TXN_15478,USER_3311,64.45,1.0,100,1
TXN_45311,USER_6599,211.32,1.0,100,1
TXN_9069,USER_2109,16.46,1.0,100,1
TXN_18493,USER_2036,104.11,1.0,100,1
TXN_8126,USER_9848,111.1,1.0,100,1
TXN_7300,USER_1270,151.97,1.0,100,1
TXN_22093,USER_1797,18.58,1.0,100,1
TXN_2403,USER_8418,169.88,1.0,100,1
TXN_10502,USER_4136,6.14,1.0,100,1
TXN_33514,USER_4766,48.21,1.0,100,1
TXN_38538,USER_1460,34.72,1.0,100,1
TXN_35668,USER_6083,98.91,1.0,100,1
TXN_8645,USER_8025,103.61,1.0,100,1
TXN_19005,USER_7911,40.65,1.0,100,1
TXN_8810,USER_8607,87.24,1.0,100,1
TXN_8828,USER_5511,377.69,1.0,100,1
TXN_32669,USER_8377,6.59,1.0,100,1
TXN_41595,USER_3159,341.45,1.0,100,1
TXN_4417,USER_6308,81.89,1.0,100,1
TXN_45248,USER_2597,89.91,1.0,100,1
TXN_39386,USER_1328,40.05,1.0,100,1
TXN_48677,USER_9559,15.1,1.0,100,1
TXN_20793,USER_6082,10.22,1.0,100,1
TXN_32498,USER_9212,198.57,1.0,100,1
TXN_24960,USER_6019,65.83,1.0,100,1
TXN_46268,USER_4981,75.89,1.0,100,1
TXN_14679,USER_1592,135.03,1.0,100,1
TXN_18573,USER_9071,98.82,1.0,100,1
TXN_22933,USER_5607,0.54,1.0,100,1
TXN_12091,USER_5511,67.6,1.0,100,1
TXN_43220,USER_4467,20.37,1.0,100,1
TXN_410,USER_5000,116.82,1.0,100,1
TXN_27575,USER_7223,167.87,1.0,100,1
TXN_46444,USER_8709,172.12,1.0,100,1
TXN_1135,USER_7185,61.01,1.0,100,1
TXN_10101,USER_4355,139.99,1.0,100,1
TXN_44306,USER_9478,15.33,1.0,100,1
TXN_4516,USER_9671,25.64,1.0,100,1
TXN_35526,USER_3967,7.2,1.0,100,1
TXN_29342,USER_4917,96.47,1.0,100,1
TXN_35673,USER_7224,159.76,1.0,100,1
TXN_19215,USER_7687,0.35,1.0,100,1
TXN_10558,USER_6487,85.68,1.0,100,1
TXN_19191,USER_5696,195.85,1.0,100,1
TXN_23266,USER_5340,45.32,1.0,100,1
TXN_49271,USER_5208,119.59,1.0,100,1
TXN_37153,USER_9875,4.85,1.0,100,1
TXN_8965,USER_6692,101.21,1.0,100,1
TXN_14418,USER_5370,411.24,1.0,100,1
TXN_30332,USER_9708,79.89,1.0,100,1
TXN_1948,USER_3355,17.59,1.0,100,1
TXN_8251,USER_8282,164.06,1.0,100,1
TXN_14066,USER_1248,159.67,1.0,100,1
TXN_15776,USER_6899,224.39,1.0,100,1
TXN_11752,USER_8857,63.6,1.0,100,1
TXN_31268,USER_5567,52.53,1.0,100,1
TXN_43219,USER_7317,131.83,1.0,100,1
TXN_47268,USER_9908,12.07,1.0,100,1
TXN_19084,USER_6053,276.38,1.0,100,1
TXN_8788,USER_8358,84.53,1.0,100,1
TXN_12415,USER_1703,171.5,1.0,100,1
TXN_39510,USER_3830,46.85,1.0,100,1
TXN_43657,USER_4807,31.56,1.0,100,1
TXN_22875,USER_9163,9.03,1.0,100,1
TXN_33217,USER_2979,168.26,1.0,100,1
TXN_1543,USER_2525,10.92,1.0,100,1
TXN_28115,USER_6777,3.2,1.0,100,1
TXN_47797,USER_6545,164.97,1.0,100,1
TXN_18530,USER_9443,159.31,1.0,100,1
TXN_17103,USER_1862,132.1,1.0,100,1
TXN_10206,USER_2646,165.65,1.0,100,1
TXN_49133,USER_7021,9.4,1.0,100,1
TXN_32142,USER_7098,336.28,1.0,100,1
TXN_49842,USER_8073,60.41,1.0,100,1
TXN_21601,USER_5459,212.51,1.0,100,1
TXN_36172,USER_4710,77.09,1.0,100,1
TXN_37147,USER_6949,23.68,1.0,100,1
TXN_33334,USER_8319,18.33,1.0,100,1
TXN_35900,USER_2560,121.27,1.0,100,1
TXN_6028,USER_3024,6.93,1.0,100,1
TXN_47725,USER_6989,49.09,1.0,100,1
TXN_49698,USER_3336,15.96,1.0,100,1
TXN_34277,USER_2371,138.86,1.0,100,1
TXN_21179,USER_3849,118.26,1.0,100,1
TXN_30629,USER_3715,76.22,1.0,100,1
TXN_12543,USER_1950,337.51,1.0,100,1
TXN_28478,USER_6646,95.02,1.0,100,1
TXN_5088,USER_3330,107.28,1.0,100,1
TXN_6545,USER_5601,275.13,1.0,100,1
TXN_31631,USER_7663,81.09,1.0,100,1
TXN_25059,USER_2178,36.17,1.0,100,1
TXN_5389,USER_1495,24.56,1.0,100,1
TXN_48032,USER_8388,7.8,1.0,100,1
TXN_643,USER_8901,200.64,1.0,100,1
TXN_5723,USER_3569,61.43,1.0,100,1
TXN_610,USER_2633,57.73,1.0,100,1
TXN_39984,USER_5505,40.27,1.0,100,1
TXN_12836,USER_4234,107.55,1.0,100,1
TXN_43699,USER_7262,82.99,1.0,100,1
TXN_13740,USER_1539,618.96,1.0,100,1
TXN_42889,USER_4516,132.0,1.0,100,1
TXN_1069,USER_3541,19.86,1.0,100,1
TXN_49368,USER_1607,39.0,1.0,100,1
TXN_48379,USER_3523,230.39,1.0,100,1
TXN_12747,USER_9469,82.74,1.0,100,1
TXN_11697,USER_9689,158.66,1.0,100,1
TXN_21462,USER_5378,87.82,1.0,100,1
TXN_22789,USER_6181,35.93,1.0,100,1
TXN_45640,USER_4910,21.28,1.0,100,1
TXN_33144,USER_5325,23.13,1.0,100,1
TXN_16097,USER_6078,327.99,1.0,100,1
TXN_40881,USER_1126,12.52,1.0,100,1
TXN_29160,USER_3716,19.78,1.0,100,1
TXN_26392,USER_7858,5.53,1.0,100,1
TXN_45555,USER_3202,126.55,1.0,100,1
TXN_23440,USER_5948,391.25,1.0,100,1
TXN_15473,USER_7747,143.98,1.0,100,1
TXN_26291,USER_9296,8.03,1.0,100,1
TXN_37881,USER_2671,305.4,1.0,100,1
TXN_40393,USER_9699,25.98,1.0,100,1
TXN_22282,USER_5814,106.19,1.0,100,1
TXN_15829,USER_8860,229.82,1.0,100,1
TXN_31093,USER_6066,177.17,1.0,100,1
TXN_33462,USER_4356,191.72,1.0,100,1
TXN_9148,USER_1414,198.06,1.0,100,1
TXN_18165,USER_4140,37.81,1.0,100,1
TXN_41964,USER_9651,142.24,1.0,100,1
TXN_48251,USER_6933,45.01,1.0,100,1
TXN_13183,USER_8430,7.58,1.0,100,1
TXN_24287,USER_7376,130.33,1.0,100,1
TXN_45592,USER_7756,12.85,1.0,100,1
TXN_36745,USER_3417,55.67,1.0,100,1
TXN_22100,USER_9700,50.1,1.0,100,1
TXN_30509,USER_4560,142.36,1.0,100,1
TXN_5473,USER_7273,31.16,1.0,100,1
TXN_41532,USER_3304,37.15,1.0,100,1
TXN_3032,USER_3295,41.14,1.0,100,1
TXN_7471,USER_7942,45.84,1.0,100,1
TXN_49623,USER_3432,69.4,1.0,100,1
TXN_4863,USER_3962,81.41,1.0,100,1
TXN_28689,USER_1538,33.78,1.0,100,1
TXN_32950,USER_1325,94.58,1.0,100,1
TXN_33499,USER_6117,42.37,1.0,100,1
TXN_8064,USER_4960,185.75,1.0,100,1
TXN_6622,USER_1211,38.47,1.0,100,1
TXN_27220,USER_4232,172.1,1.0,100,1
TXN_65,USER_8892,6.19,1.0,100,1
TXN_42125,USER_8073,65.79,1.0,100,1
TXN_22854,USER_2523,2.34,1.0,100,1
TXN_42476,USER_6635,118.7,1.0,100,1
TXN_31549,USER_3698,65.13,1.0,100,1
TXN_35834,USER_3201,132.09,1.0,100,1
TXN_38602,USER_7421,144.15,1.0,100,1
TXN_973,USER_5243,193.85,1.0,100,1
TXN_10834,USER_1611,167.82,1.0,100,1
TXN_1477,USER_9907,63.35,1.0,100,1
TXN_7329,USER_9215,3.16,1.0,100,1
TXN_6444,USER_7170,177.89,1.0,100,1
TXN_41758,USER_2752,79.62,1.0,100,1
TXN_41463,USER_8785,314.88,1.0,100,1
TXN_38180,USER_7243,27.89,1.0,100,1
TXN_46589,USER_8824,43.9,1.0,100,1
TXN_30066,USER_7826,257.32,1.0,100,1
TXN_17613,USER_6812,65.76,1.0,100,1
TXN_15645,USER_2982,127.51,1.0,100,1
TXN_8945,USER_8960,90.9,1.0,100,1
TXN_29418,USER_7914,231.28,1.0,100,1
TXN_39810,USER_4692,12.89,1.0,100,1
TXN_20721,USER_8228,73.54,1.0,100,1
TXN_34041,USER_1989,69.02,1.0,100,1
TXN_16867,USER_4754,24.99,1.0,100,1
TXN_17404,USER_3480,3.19,1.0,100,1
TXN_37597,USER_2914,42.11,1.0,100,1
TXN_13785,USER_2649,165.25,1.0,100,1
TXN_31,USER_8734,87.31,1.0,100,1
TXN_45703,USER_7534,7.52,1.0,100,1
TXN_43591,USER_3067,3.53,1.0,100,1
TXN_2112,USER_3179,139.21,1.0,100,1
TXN_41108,USER_5200,144.39,1.0,100,1
TXN_12752,USER_1302,971.61,1.0,100,1
TXN_46396,USER_3860,73.05,1.0,100,1
TXN_43439,USER_9599,90.64,1.0,100,1
TXN_33590,USER_8977,162.81,1.0,100,1
TXN_8527,USER_2654,51.49,1.0,100,1
TXN_39844,USER_1376,55.6,1.0,100,1
TXN_8691,USER_2884,28.41,1.0,100,1
TXN_9756,USER_5919,64.5,1.0,100,1
TXN_3540,USER_3294,130.21,1.0,100,1
TXN_44512,USER_7026,36.41,1.0,100,1
TXN_39639,USER_9037,25.18,1.0,100,1
TXN_7661,USER_2610,5.42,1.0,100,1
TXN_18958,USER_9191,17.59,1.0,100,1
TXN_7529,USER_4416,5.26,1.0,100,1
TXN_48120,USER_4129,95.52,1.0,100,1
TXN_32073,USER_8549,55.18,1.0,100,1
TXN_9136,USER_9065,45.2,1.0,100,1
TXN_13213,USER_7989,96.54,1.0,100,1
TXN_12072,USER_2787,344.26,1.0,100,1
TXN_41303,USER_2594,84.41,1.0,100,1
TXN_27431,USER_4850,94.8,1.0,100,1
TXN_45383,USER_3532,26.55,1.0,100,1
TXN_2003,USER_9964,76.11,1.0,100,1
TXN_19999,USER_2845,362.16,1.0,100,1
TXN_45932,USER_9894,272.99,1.0,100,1
TXN_32226,USER_2656,207.17,1.0,100,1
TXN_27596,USER_4768,162.99,1.0,100,1
TXN_43147,USER_2104,12.64,1.0,100,1
TXN_23740,USER_8426,16.77,1.0,100,1
TXN_16080,USER_3182,116.45,1.0,100,1
TXN_11092,USER_6271,48.63,1.0,100,1
TXN_23674,USER_7286,121.61,1.0,100,1
TXN_31432,USER_4686,127.7,1.0,100,1
TXN_22127,USER_5408,147.87,1.0,100,1
TXN_45382,USER_2664,51.25,1.0,100,1
TXN_35291,USER_4630,432.38,1.0,100,1
TXN_48113,USER_9429,116.8,1.0,100,1
TXN_994,USER_6083,86.95,1.0,100,1
TXN_17341,USER_6058,225.81,1.0,100,1
TXN_29587,USER_3036,35.48,1.0,100,1
TXN_41126,USER_1882,92.38,1.0,100,1
TXN_33235,USER_8173,47.56,1.0,100,1
TXN_9895,USER_7194,223.62,1.0,100,1
TXN_37535,USER_3387,260.45,1.0,100,1
TXN_39728,USER_5450,266.03,1.0,100,1
TXN_46042,USER_2446,63.82,1.0,100,1
TXN_38527,USER_4902,5.17,1.0,100,1
TXN_9182,USER_1416,48.5,1.0,100,1
TXN_29530,USER_2814,19.88,1.0,100,1
TXN_34639,USER_3428,118.8,1.0,100,1
TXN_18882,USER_7277,79.43,1.0,100,1
TXN_31805,USER_2514,24.35,1.0,100,1
TXN_36567,USER_9586,6.91,1.0,100,1
TXN_1241,USER_5494,49.08,1.0,100,1
TXN_14739,USER_4446,239.46,1.0,100,1
TXN_8160,USER_2754,29.93,1.0,100,1
TXN_43216,USER_5773,201.86,1.0,100,1
TXN_48075,USER_9717,183.25,1.0,100,1
TXN_31927,USER_7462,188.61,1.0,100,1
TXN_46979,USER_9672,147.78,1.0,100,1
TXN_38584,USER_3537,80.71,1.0,100,1
TXN_41981,USER_6849,71.49,1.0,100,1
TXN_18864,USER_5530,180.41,1.0,100,1
TXN_32509,USER_3604,9.53,1.0,100,1
TXN_16952,USER_9229,75.1,1.0,100,1
TXN_45469,USER_6725,84.25,1.0,100,1
TXN_45811,USER_6375,102.66,1.0,100,1
TXN_33610,USER_4069,230.85,1.0,100,1
TXN_34823,USER_2773,55.56,1.0,100,1
TXN_23005,USER_8507,76.09,1.0,100,1
TXN_14823,USER_4513,315.34,1.0,100,1
TXN_4435,USER_3176,44.29,1.0,100,1
TXN_25187,USER_5796,4.08,1.0,100,1
TXN_40165,USER_8991,93.93,1.0,100,1
TXN_47889,USER_5289,23.21,1.0,100,1
TXN_12944,USER_8504,189.99,1.0,100,1
TXN_1199,USER_1130,119.51,1.0,100,1
TXN_33104,USER_2730,32.01,1.0,100,1
TXN_34208,USER_5237,101.37,1.0,100,1
TXN_45711,USER_4127,50.6,1.0,100,1
TXN_40068,USER_5103,266.93,1.0,100,1
TXN_20055,USER_4733,61.26,1.0,100,1
TXN_15969,USER_1847,17.74,1.0,100,1
TXN_599,USER_6124,0.35,1.0,100,1
TXN_15098,USER_2219,30.01,1.0,100,1
TXN_24061,USER_2200,152.24,1.0,100,1
TXN_14800,USER_1307,38.67,1.0,100,1
TXN_45891,USER_9450,256.97,1.0,100,1
TXN_25579,USER_4661,109.61,1.0,100,1
TXN_30464,USER_1993,100.63,1.0,100,1
TXN_7023,USER_1809,38.81,1.0,100,1
TXN_35140,USER_2571,79.06,1.0,100,1
TXN_22592,USER_5714,28.11,1.0,100,1
TXN_23618,USER_3884,80.42,1.0,100,1
TXN_11160,USER_2656,133.38,1.0,100,1
TXN_4572,USER_8604,29.85,1.0,100,1
TXN_8907,USER_2941,42.41,1.0,100,1
TXN_10615,USER_5130,167.68,1.0,100,1
TXN_8330,USER_9118,65.85,1.0,100,1
TXN_8611,USER_7739,83.85,1.0,100,1
TXN_16687,USER_7444,453.72,1.0,100,1
TXN_2162,USER_4471,25.89,1.0,100,1
TXN_6486,USER_2561,48.41,1.0,100,1
TXN_32877,USER_2685,22.95,1.0,100,1
TXN_10418,USER_8274,172.06,1.0,100,1
TXN_32359,USER_9190,15.64,1.0,100,1
TXN_838,USER_6468,0.55,1.0,100,1
TXN_12531,USER_2934,42.05,1.0,100,1
TXN_32045,USER_5225,146.47,1.0,100,1
TXN_13264,USER_7335,255.45,1.0,100,1
TXN_45899,USER_5313,39.04,1.0,100,1
TXN_4089,USER_5247,13.18,1.0,100,1
TXN_10469,USER_3675,85.73,1.0,100,1
TXN_28663,USER_1897,71.27,1.0,100,1
TXN_2964,USER_4923,46.24,1.0,100,1
TXN_24730,USER_3536,4.99,1.0,100,1
TXN_2212,USER_9017,26.42,1.0,100,1
TXN_9554,USER_1352,67.9,1.0,100,1
TXN_8703,USER_9904,1.24,1.0,100,1
TXN_13219,USER_7360,411.4,1.0,100,1
TXN_29955,USER_9680,116.99,1.0,100,1
TXN_41597,USER_5146,27.8,1.0,100,1
TXN_27397,USER_2436,190.02,1.0,100,1
TXN_19784,USER_3145,41.55,1.0,100,1
TXN_29382,USER_9133,16.11,1.0,100,1
TXN_42200,USER_3357,23.06,1.0,100,1
TXN_17762,USER_1805,60.56,1.0,100,1
TXN_17133,USER_5780,198.07,1.0,100,1
TXN_45630,USER_7373,24.09,1.0,100,1
TXN_39730,USER_8571,7.08,1.0,100,1
TXN_12174,USER_8414,197.21,1.0,100,1
TXN_38189,USER_7246,29.1,1.0,100,1
TXN_47274,USER_7725,54.11,1.0,100,1
TXN_33600,USER_7122,221.39,1.0,100,1
TXN_20301,USER_1987,43.86,1.0,100,1
TXN_1389,USER_1933,17.6,1.0,100,1
TXN_19852,USER_7063,19.08,1.0,100,1
TXN_20200,USER_5695,45.18,1.0,100,1
TXN_27758,USER_3153,13.2,1.0,100,1
TXN_41060,USER_1443,71.03,1.0,100,1
TXN_2451,USER_6374,11.25,1.0,100,1
TXN_43433,USER_3214,29.4,1.0,100,1
TXN_32550,USER_2381,3.83,1.0,100,1
TXN_10316,USER_5210,193.15,1.0,100,1
TXN_439,USER_1728,5.01,1.0,100,1
TXN_35470,USER_1656,269.55,1.0,100,1
TXN_18947,USER_1787,17.2,1.0,100,1
TXN_17637,USER_3267,79.55,1.0,100,1
TXN_27933,USER_6869,16.86,1.0,100,1
TXN_3209,USER_3832,29.64,1.0,100,1
TXN_45798,USER_2432,0.38,1.0,100,1
TXN_3078,USER_8594,334.39,1.0,100,1
TXN_35451,USER_6356,100.16,1.0,100,1
TXN_3490,USER_1195,145.42,1.0,100,1
TXN_41536,USER_3230,27.09,1.0,100,1
TXN_46469,USER_3709,89.13,1.0,100,1
TXN_18713,USER_1029,90.42,1.0,100,1
TXN_21290,USER_5923,1.94,1.0,100,1
TXN_40289,USER_8564,69.71,1.0,100,1
TXN_27781,USER_8304,132.83,1.0,100,1
TXN_38895,USER_8779,130.3,1.0,100,1
TXN_13821,USER_2442,23.59,1.0,100,1
TXN_43886,USER_1157,96.81,1.0,100,1
TXN_9140,USER_7333,108.43,1.0,100,1
TXN_12215,USER_8008,22.81,1.0,100,1
TXN_46257,USER_7502,142.84,1.0,100,1
TXN_29753,USER_5340,112.26,1.0,100,1
TXN_1982,USER_9080,224.49,1.0,100,1
TXN_1096,USER_5225,289.34,1.0,100,1
TXN_20030,USER_6852,83.71,1.0,100,1
TXN_19186,USER_2623,21.77,1.0,100,1
TXN_42729,USER_6389,34.98,1.0,100,1
TXN_41403,USER_8723,32.02,1.0,100,1
TXN_16803,USER_4190,153.65,1.0,100,1
TXN_16722,USER_5487,30.48,1.0,100,1
TXN_31804,USER_1365,32.55,1.0,100,1
TXN_40403,USER_2768,505.38,1.0,100,1
TXN_5614,USER_2565,215.85,1.0,100,1
TXN_49490,USER_1004,140.32,1.0,100,1
TXN_37837,USER_7970,16.83,1.0,100,1
TXN_7376,USER_1145,6.0,1.0,100,1
TXN_41379,USER_7905,15.28,1.0,100,1
TXN_31997,USER_6129,386.44,1.0,100,1
TXN_11853,USER_8000,63.87,1.0,100,1
TXN_27536,USER_2341,45.86,1.0,100,1
TXN_38233,USER_3566,467.82,1.0,100,1
TXN_8149,USER_1500,297.37,1.0,100,1
TXN_45230,USER_1331,108.44,1.0,100,1
TXN_4701,USER_8354,81.32,1.0,100,1
TXN_36541,USER_1290,2.84,1.0,100,1
TXN_20332,USER_3092,172.06,1.0,100,1
TXN_11140,USER_1446,125.74,1.0,100,1
TXN_14423,USER_4729,0.97,1.0,100,1
TXN_28774,USER_5242,13.88,1.0,100,1
TXN_9906,USER_2701,205.75,1.0,100,1
TXN_25996,USER_9612,33.33,1.0,100,1
TXN_47014,USER_2586,107.63,1.0,100,1
TXN_39750,USER_8457,441.69,1.0,100,1
TXN_45419,USER_1123,19.61,1.0,100,1
TXN_46310,USER_3636,43.53,1.0,100,1
TXN_20749,USER_8749,11.96,1.0,100,1
TXN_44565,USER_6048,130.14,1.0,100,1
TXN_36582,USER_8517,57.86,1.0,100,1
TXN_19875,USER_7850,95.25,1.0,100,1
TXN_6423,USER_6677,47.96,1.0,100,1
TXN_17557,USER_5334,157.21,1.0,100,1
TXN_17785,USER_2722,79.73,1.0,100,1
TXN_817,USER_6287,162.0,1.0,100,1
TXN_26236,USER_7238,5.78,1.0,100,1
TXN_35639,USER_2861,232.98,1.0,100,1
TXN_34288,USER_7332,97.86,1.0,100,1
TXN_35951,USER_1404,12.13,1.0,100,1
TXN_24245,USER_9280,233.31,1.0,100,1
TXN_1835,USER_4267,16.91,1.0,100,1
TXN_43203,USER_3966,6.58,1.0,100,1
TXN_1744,USER_4040,34.01,1.0,100,1
TXN_35594,USER_8304,345.97,1.0,100,1
TXN_25233,USER_8476,86.83,1.0,100,1
TXN_41954,USER_7628,29.76,1.0,100,1
TXN_27607,USER_4660,96.35,1.0,100,1
TXN_16302,USER_8617,104.65,1.0,100,1
TXN_24140,USER_3096,150.89,1.0,100,1
TXN_13408,USER_3164,8.95,1.0,100,1
TXN_32219,USER_7644,127.68,1.0,100,1
TXN_9594,USER_4259,172.86,1.0,100,1
TXN_33770,USER_2234,140.08,1.0,100,1
TXN_43137,USER_9992,34.18,1.0,100,1
TXN_20995,USER_8259,115.45,1.0,100,1
TXN_42650,USER_9169,137.65,1.0,100,1
TXN_39028,USER_4353,1.36,1.0,100,1
TXN_3576,USER_4645,120.6,1.0,100,1
TXN_5728,USER_5310,33.69,1.0,100,1
TXN_32,USER_2267,216.27,1.0,100,1
TXN_36974,USER_7071,46.05,1.0,100,1
TXN_48173,USER_2107,17.4,1.0,100,1
TXN_2392,USER_1948,155.72,1.0,100,1
TXN_11063,USER_3015,90.65,1.0,100,1
TXN_23174,USER_2382,94.32,1.0,100,1
TXN_43253,USER_2207,28.92,1.0,100,1
TXN_10372,USER_9580,0.74,1.0,100,1
TXN_35727,USER_6660,109.79,1.0,100,1
TXN_16283,USER_8265,22.1,1.0,100,1
TXN_19004,USER_2119,168.69,1.0,100,1
TXN_12137,USER_2955,34.53,1.0,100,1
TXN_31261,USER_1808,47.36,1.0,100,1
TXN_40813,USER_6529,162.7,1.0,100,1
TXN_25760,USER_7447,93.88,1.0,100,1
TXN_45138,USER_4523,51.52,1.0,100,1
TXN_2500,USER_6410,38.52,1.0,100,1
TXN_31608,USER_7753,161.05,1.0,100,1
TXN_18632,USER_2514,65.63,1.0,100,1
TXN_41211,USER_5584,29.15,1.0,100,1
TXN_20257,USER_8285,182.94,1.0,100,1
TXN_10340,USER_2111,98.07,1.0,100,1
TXN_6905,USER_2777,213.29,1.0,100,1
TXN_45916,USER_5892,345.48,1.0,100,1
TXN_6338,USER_9461,10.98,1.0,100,1
TXN_45532,USER_3522,156.95,1.0,100,1
TXN_15655,USER_8312,15.95,1.0,100,1
TXN_10105,USER_4247,223.13,1.0,100,1
TXN_42112,USER_6069,40.86,1.0,100,1
TXN_14797,USER_7092,83.93,1.0,100,1
TXN_26710,USER_2360,94.45,1.0,100,1
TXN_21986,USER_6182,212.21,1.0,100,1
TXN_27793,USER_2761,21.33,1.0,100,1
TXN_9326,USER_8871,166.91,1.0,100,1
TXN_47128,USER_9073,1.22,1.0,100,1
TXN_35960,USER_8928,9.37,1.0,100,1
TXN_21017,USER_3700,326.69,1.0,100,1
TXN_18021,USER_8741,17.89,1.0,100,1
TXN_35260,USER_5888,16.18,1.0,100,1
TXN_38531,USER_1023,10.65,1.0,100,1
TXN_44537,USER_9541,26.91,1.0,100,1
TXN_19818,USER_5026,20.67,1.0,100,1
TXN_1865,USER_6901,115.93,1.0,100,1
TXN_17108,USER_9667,155.51,1.0,100,1
TXN_30511,USER_2601,65.54,1.0,100,1
TXN_42234,USER_2809,76.96,1.0,100,1
TXN_35742,USER_4349,115.87,1.0,100,1
TXN_29056,USER_5999,15.12,1.0,100,1
TXN_33929,USER_2844,45.49,1.0,100,1
TXN_36898,USER_5105,16.38,1.0,100,1
TXN_27330,USER_8203,38.6,1.0,100,1
TXN_10249,USER_6777,52.33,1.0,100,1
TXN_32011,USER_8725,127.12,1.0,100,1
TXN_45225,USER_3237,139.43,1.0,100,1
TXN_4882,USER_5180,52.06,1.0,100,1
TXN_40504,USER_2876,41.31,1.0,100,1
TXN_20776,USER_4537,11.78,1.0,100,1
TXN_26196,USER_5114,197.97,1.0,100,1
TXN_14967,USER_3113,83.77,1.0,100,1
TXN_25875,USER_2561,290.35,1.0,100,1
TXN_42638,USER_4490,45.93,1.0,100,1
TXN_22027,USER_2276,5.28,1.0,100,1
TXN_27022,USER_6394,160.58,1.0,100,1
TXN_30469,USER_5249,24.8,1.0,100,1
TXN_580,USER_8312,90.41,1.0,100,1
TXN_48377,USER_6840,236.76,1.0,100,1
TXN_42626,USER_6923,34.51,1.0,100,1
TXN_34720,USER_1573,71.22,1.0,100,1
TXN_7073,USER_7839,19.51,1.0,100,1
TXN_49519,USER_8296,93.12,1.0,100,1
TXN_32505,USER_8811,0.03,1.0,100,1
TXN_34287,USER_4849,5.02,1.0,100,1
TXN_10910,USER_4763,166.39,1.0,100,1
TXN_31353,USER_4390,35.08,1.0,100,1
TXN_5846,USER_7238,37.33,1.0,100,1
TXN_37542,USER_4060,22.96,1.0,100,1
TXN_34606,USER_1873,5.05,1.0,100,1
TXN_25381,USER_6427,102.52,1.0,100,1
TXN_27276,USER_3511,19.93,1.0,100,1
TXN_25158,USER_5038,325.42,1.0,100,1
TXN_48151,USER_6212,348.61,1.0,100,1
TXN_22899,USER_5417,172.39,1.0,100,1
TXN_16240,USER_3816,117.66,1.0,100,1
TXN_44407,USER_2440,168.25,1.0,100,1
TXN_29404,USER_2874,69.67,1.0,100,1
TXN_12704,USER_3693,39.96,1.0,100,1
TXN_49358,USER_2850,3.69,1.0,100,1
TXN_27322,USER_6435,24.1,1.0,100,1
TXN_26839,USER_1258,3.37,1.0,100,1
TXN_18811,USER_4305,266.53,1.0,100,1
TXN_5721,USER_5277,27.93,1.0,100,1
TXN_8423,USER_1153,17.56,1.0,100,1
TXN_43449,USER_4838,3.12,1.0,100,1
TXN_22951,USER_5784,38.78,1.0,100,1
TXN_18621,USER_3254,66.46,1.0,100,1
TXN_34602,USER_2779,64.25,1.0,100,1
TXN_25213,USER_9316,87.49,1.0,100,1
TXN_49127,USER_9608,14.88,1.0,100,1
TXN_1694,USER_5882,102.43,1.0,100,1
TXN_29423,USER_6615,75.18,1.0,100,1
TXN_21141,USER_3859,15.43,1.0,100,1
TXN_14753,USER_6091,73.94,1.0,100,1
TXN_44420,USER_8344,132.0,1.0,100,1
TXN_23168,USER_7117,83.79,1.0,100,1
TXN_33048,USER_8676,39.63,1.0,100,1
TXN_4094,USER_7305,99.3,1.0,100,1
TXN_41148,USER_9944,21.6,1.0,100,1
TXN_39276,USER_2543,71.52,1.0,100,1
TXN_36594,USER_9560,131.06,1.0,100,1
TXN_1438,USER_6420,70.54,1.0,100,1
TXN_21961,USER_8130,60.32,1.0,100,1
TXN_48641,USER_6906,154.83,1.0,100,1
TXN_45915,USER_1479,81.16,1.0,100,1
TXN_24992,USER_6243,123.95,1.0,100,1
TXN_24790,USER_6275,166.88,1.0,100,1
TXN_33128,USER_8087,20.99,1.0,100,1
TXN_5009,USER_1178,174.83,1.0,100,1
TXN_29099,USER_8444,345.8,1.0,100,1
TXN_15586,USER_4520,93.18,1.0,100,1
TXN_48031,USER_5262,114.74,1.0,100,1
TXN_12345,USER_5063,54.24,1.0,100,1
TXN_9684,USER_2183,64.95,1.0,100,1
TXN_27247,USER_1181,26.46,1.0,100,1
TXN_34316,USER_5677,314.29,1.0,100,1
TXN_47925,USER_1654,209.78,1.0,100,1
TXN_33960,USER_7699,51.33,1.0,100,1
TXN_29816,USER_5958,100.48,1.0,100,1
TXN_39910,USER_2579,13.02,1.0,100,1
TXN_48099,USER_4683,98.0,1.0,100,1
TXN_6973,USER_6212,87.93,1.0,100,1
TXN_6930,USER_4232,90.12,1.0,100,1
TXN_14762,USER_3092,91.87,1.0,100,1
TXN_17913,USER_3264,59.66,1.0,100,1
TXN_17465,USER_1701,72.83,1.0,100,1
TXN_30290,USER_1905,68.19,1.0,100,1
TXN_47711,USER_3156,84.14,1.0,100,1
TXN_15026,USER_7426,231.88,1.0,100,1
TXN_21294,USER_7900,0.92,1.0,100,1
TXN_22435,USER_8412,109.21,1.0,100,1
TXN_22536,USER_4343,252.96,1.0,100,1
TXN_46578,USER_6570,57.67,1.0,100,1
TXN_4124,USER_9721,1.76,1.0,100,1
TXN_36217,USER_8202,97.9,1.0,100,1
TXN_36374,USER_8452,235.7,1.0,100,1
TXN_42664,USER_7750,373.31,1.0,100,1
TXN_9442,USER_2502,32.25,1.0,100,1
TXN_12643,USER_7589,96.04,1.0,100,1
TXN_25302,USER_4429,185.79,1.0,100,1
TXN_27930,USER_1614,189.41,1.0,100,1
TXN_11266,USER_6422,11.12,1.0,100,1
TXN_49815,USER_1428,21.54,1.0,100,1
TXN_32838,USER_6479,114.89,1.0,100,1
TXN_47184,USER_8940,20.24,1.0,100,1
TXN_49370,USER_8143,34.22,1.0,100,1
TXN_9203,USER_3260,258.31,1.0,100,1
TXN_7541,USER_3846,62.31,1.0,100,1
TXN_14785,USER_2220,37.66,1.0,100,1
TXN_28642,USER_8092,55.92,1.0,100,1
TXN_42338,USER_6109,96.67,1.0,100,1
TXN_12542,USER_6362,54.81,1.0,100,1
TXN_41245,USER_6152,118.46,1.0,100,1
TXN_14461,USER_9053,66.14,1.0,100,1
TXN_29433,USER_3504,99.7,1.0,100,1
TXN_11817,USER_2734,164.54,1.0,100,1
TXN_49802,USER_7219,30.81,1.0,100,1
TXN_13378,USER_6234,15.16,1.0,100,1
TXN_19954,USER_1684,69.73,1.0,100,1
TXN_22769,USER_3214,35.94,1.0,100,1
TXN_12382,USER_3991,16.1,1.0,100,1
TXN_5244,USER_4830,62.98,1.0,100,1
TXN_2134,USER_1593,41.22,1.0,100,1
TXN_3892,USER_7059,7.0,1.0,100,1
TXN_39359,USER_1048,25.66,1.0,100,1
TXN_49201,USER_9879,19.21,1.0,100,1
TXN_14316,USER_5741,39.24,1.0,100,1
TXN_15344,USER_7784,51.08,1.0,100,1
TXN_16561,USER_2902,113.48,1.0,100,1
TXN_16076,USER_6537,189.74,1.0,100,1
TXN_46220,USER_2415,134.61,1.0,100,1
TXN_16791,USER_8039,27.69,1.0,100,1
TXN_27053,USER_7908,5.78,1.0,100,1
TXN_19428,USER_7845,0.54,1.0,100,1
TXN_27601,USER_6490,41.93,1.0,100,1
TXN_37992,USER_2426,43.9,1.0,100,1
TXN_18319,USER_4240,25.43,1.0,100,1
TXN_27768,USER_2169,42.47,1.0,100,1
TXN_38348,USER_6060,27.7,1.0,100,1
TXN_16546,USER_9420,104.98,1.0,100,1
TXN_20682,USER_7269,29.67,1.0,100,1
TXN_420,USER_5380,39.29,1.0,100,1
TXN_32889,USER_6434,189.5,1.0,100,1
TXN_47107,USER_7374,201.12,1.0,100,1
TXN_45152,USER_7280,38.43,1.0,100,1
TXN_46350,USER_2137,5.71,1.0,100,1
TXN_25371,USER_1996,41.18,1.0,100,1
TXN_4049,USER_8282,95.36,1.0,100,1
TXN_8289,USER_7883,154.88,1.0,100,1
TXN_38105,USER_6629,199.54,1.0,100,1
TXN_36577,USER_9409,55.59,1.0,100,1
TXN_4074,USER_5567,65.56,1.0,100,1
TXN_40019,USER_6991,128.61,1.0,100,1
TXN_44063,USER_2944,95.9,1.0,100,1
TXN_36335,USER_1096,16.63,1.0,100,1
TXN_42518,USER_7487,45.39,1.0,100,1
TXN_12872,USER_2239,134.6,1.0,100,1
TXN_22799,USER_3785,61.84,1.0,100,1
TXN_42149,USER_9485,1.69,1.0,100,1
TXN_32627,USER_7589,4.73,1.0,100,1
TXN_10760,USER_6011,223.78,1.0,100,1
TXN_48623,USER_8395,54.58,1.0,100,1
TXN_40710,USER_9759,4.88,1.0,100,1
TXN_25223,USER_9229,168.09,1.0,100,1
TXN_2938,USER_2548,26.9,1.0,100,1
TXN_2483,USER_1193,200.76,1.0,100,1
TXN_40217,USER_9084,36.3,1.0,100,1
TXN_40550,USER_1435,46.84,1.0,100,1
TXN_6678,USER_6519,91.3,1.0,100,1
TXN_45381,USER_2489,173.97,1.0,100,1
TXN_35069,USER_2872,21.05,1.0,100,1
TXN_11417,USER_6069,33.68,1.0,100,1
TXN_41197,USER_6645,34.93,1.0,100,1
TXN_41428,USER_5415,17.8,1.0,100,1
TXN_36760,USER_1977,231.28,1.0,100,1
TXN_15677,USER_4078,18.52,1.0,100,1
TXN_2381,USER_7144,33.77,1.0,100,1
TXN_34733,USER_3534,12.84,1.0,100,1
TXN_48207,USER_2621,63.05,1.0,100,1
TXN_46045,USER_8450,85.64,1.0,100,1
TXN_33801,USER_3289,39.03,1.0,100,1
TXN_46131,USER_1356,35.53,1.0,100,1
TXN_21941,USER_6507,356.03,1.0,100,1
TXN_41058,USER_5531,7.3,1.0,100,1
TXN_27394,USER_3628,30.93,1.0,100,1
TXN_32276,USER_4498,34.34,1.0,100,1
TXN_4527,USER_4629,99.85,1.0,100,1
TXN_33060,USER_2988,60.12,1.0,100,1
TXN_17230,USER_2537,176.86,1.0,100,1
TXN_35573,USER_2675,67.29,1.0,100,1
TXN_46426,USER_4766,9.22,1.0,100,1
TXN_33374,USER_5109,0.45,1.0,100,1
TXN_24030,USER_7380,57.52,1.0,100,1
TXN_9734,USER_1839,128.6,1.0,100,1
TXN_12396,USER_6143,5.81,1.0,100,1
TXN_24966,USER_2961,49.13,1.0,100,1
TXN_26445,USER_5208,111.9,1.0,100,1
TXN_11152,USER_1022,8.27,1.0,100,1
TXN_24511,USER_9258,62.17,1.0,100,1
TXN_34390,USER_8151,198.1,1.0,100,1
TXN_8826,USER_7857,123.62,1.0,100,1
TXN_29946,USER_3973,76.08,1.0,100,1
TXN_36827,USER_8356,18.02,1.0,100,1
TXN_14161,USER_4859,83.33,1.0,100,1
TXN_9729,USER_5889,25.84,1.0,100,1
TXN_33221,USER_8832,466.01,1.0,100,1
TXN_37339,USER_6455,203.71,1.0,100,1
TXN_43341,USER_1194,235.75,1.0,100,1
TXN_31202,USER_9696,112.5,1.0,100,1
TXN_131,USER_4157,107.94,1.0,100,1
TXN_49081,USER_7090,76.07,1.0,100,1
TXN_44123,USER_5035,11.35,1.0,100,1
TXN_8444,USER_6851,84.67,1.0,100,1
TXN_41723,USER_6665,51.76,1.0,100,1
TXN_4626,USER_4957,38.09,1.0,100,1
TXN_10777,USER_9584,82.44,1.0,100,1
TXN_13768,USER_4153,85.53,1.0,100,1
TXN_16249,USER_9102,2.11,1.0,100,1
TXN_3878,USER_3148,85.72,1.0,100,1
TXN_21614,USER_1957,8.8,1.0,100,1
TXN_9958,USER_5872,57.09,1.0,100,1
TXN_30493,USER_9884,75.63,1.0,100,1
TXN_42709,USER_5541,86.82,1.0,100,1
TXN_32964,USER_6452,7.42,1.0,100,1
TXN_46992,USER_1672,9.22,1.0,100,1
TXN_16500,USER_6924,44.95,1.0,100,1
TXN_6507,USER_9895,62.21,1.0,100,1
TXN_32586,USER_5530,41.39,1.0,100,1
TXN_5830,USER_2168,90.91,1.0,100,1
TXN_30608,USER_4537,161.74,1.0,100,1
TXN_23117,USER_6509,266.42,1.0,100,1
TXN_29355,USER_4978,94.45,1.0,100,1
TXN_34984,USER_1751,2.51,1.0,100,1
TXN_16786,USER_4997,69.51,1.0,100,1
TXN_26578,USER_8674,441.17,1.0,100,1
TXN_22097,USER_8690,40.11,1.0,100,1
TXN_1556,USER_5555,29.71,1.0,100,1
TXN_1151,USER_8982,1.07,1.0,100,1
TXN_44587,USER_6978,54.54,1.0,100,1
TXN_36612,USER_6903,381.06,1.0,100,1
TXN_33304,USER_1125,0.14,1.0,100,1
TXN_34251,USER_4771,365.45,1.0,100,1
TXN_23611,USER_8767,13.16,1.0,100,1
TXN_422,USER_6726,22.69,1.0,100,1
TXN_38026,USER_3038,141.94,1.0,100,1
TXN_41918,USER_3754,55.1,1.0,100,1
TXN_3898,USER_3782,10.68,1.0,100,1
TXN_17219,USER_2762,39.66,1.0,100,1
TXN_20105,USER_3740,49.88,1.0,100,1
TXN_10961,USER_9271,15.63,1.0,100,1
TXN_7749,USER_1256,32.89,1.0,100,1
TXN_15007,USER_2237,56.18,1.0,100,1
TXN_32608,USER_1426,163.57,1.0,100,1
TXN_46227,USER_1761,141.34,1.0,100,1
TXN_25412,USER_9575,5.04,1.0,100,1
TXN_13181,USER_4562,206.44,1.0,100,1
TXN_10862,USER_3924,90.65,1.0,100,1
TXN_28688,USER_5879,103.96,1.0,100,1
TXN_30945,USER_8192,45.28,1.0,100,1
TXN_12939,USER_1184,132.71,1.0,100,1
TXN_28668,USER_3398,90.93,1.0,100,1
TXN_39972,USER_1787,30.27,1.0,100,1
TXN_9636,USER_8670,22.53,1.0,100,1
TXN_47545,USER_7722,86.16,1.0,100,1
TXN_49046,USER_4618,30.46,1.0,100,1
TXN_4539,USER_7911,38.14,1.0,100,1
TXN_18857,USER_8799,110.15,1.0,100,1
TXN_449,USER_6073,51.65,1.0,100,1
TXN_42687,USER_9275,57.78,1.0,100,1
TXN_16771,USER_4159,9.9,1.0,100,1
TXN_20577,USER_4767,32.68,1.0,100,1
TXN_11301,USER_2225,135.3,1.0,100,1
TXN_9515,USER_9444,73.48,1.0,100,1
TXN_891,USER_8863,108.17,1.0,100,1
TXN_49719,USER_3668,12.15,1.0,100,1
TXN_22836,USER_3798,118.14,1.0,100,1
TXN_24232,USER_3104,26.69,1.0,100,1
TXN_26315,USER_9180,12.35,1.0,100,1
TXN_44956,USER_3851,4.22,1.0,100,1
TXN_38845,USER_6163,69.07,1.0,100,1
TXN_2872,USER_6276,17.63,1.0,100,1
TXN_39411,USER_8079,5.09,1.0,100,1
TXN_41352,USER_7402,305.97,1.0,100,1
TXN_10486,USER_5764,159.57,1.0,100,1
TXN_37106,USER_4174,112.5,1.0,100,1
TXN_15196,USER_1162,22.5,1.0,100,1
TXN_46485,USER_5771,2.02,1.0,100,1
TXN_3090,USER_5009,144.49,1.0,100,1
TXN_21552,USER_2858,25.15,1.0,100,1
TXN_29135,USER_9963,38.8,1.0,100,1
TXN_39153,USER_2438,108.64,1.0,100,1
TXN_47728,USER_6507,83.82,1.0,100,1
TXN_39806,USER_6765,34.66,1.0,100,1
TXN_12028,USER_2171,55.02,1.0,100,1
TXN_21863,USER_2834,198.02,1.0,100,1
TXN_32879,USER_8940,45.52,1.0,100,1
TXN_19178,USER_8344,7.76,1.0,100,1
TXN_45528,USER_6689,57.17,1.0,100,1
TXN_10321,USER_8686,87.77,1.0,100,1
TXN_8301,USER_4082,328.67,1.0,100,1
TXN_5458,USER_1397,55.11,1.0,100,1
TXN_46890,USER_9733,403.0,1.0,100,1
TXN_13300,USER_1774,56.95,1.0,100,1
TXN_19064,USER_3077,31.46,1.0,100,1
TXN_19332,USER_1975,37.21,1.0,100,1
TXN_39412,USER_8798,35.42,1.0,100,1
TXN_21554,USER_1924,31.11,1.0,100,1
TXN_25319,USER_6309,154.75,1.0,100,1
TXN_16130,USER_8858,261.52,1.0,100,1
TXN_18815,USER_5215,51.16,1.0,100,1
TXN_18032,USER_9412,15.76,1.0,100,1
TXN_42169,USER_9651,232.08,1.0,100,1
TXN_46926,USER_2319,12.57,1.0,100,1
TXN_20236,USER_7298,4.52,1.0,100,1
TXN_22568,USER_2946,103.97,1.0,100,1
TXN_45332,USER_1780,97.95,1.0,100,1
TXN_47570,USER_9024,114.99,1.0,100,1
TXN_48419,USER_7990,116.73,1.0,100,1
TXN_11145,USER_4980,72.47,1.0,100,1
TXN_21192,USER_1558,105.57,1.0,100,1
TXN_18839,USER_7628,34.51,1.0,100,1
TXN_27410,USER_9652,113.55,1.0,100,1
TXN_37737,USER_9139,6.83,1.0,100,1
TXN_31681,USER_5811,19.63,1.0,100,1
TXN_169,USER_7528,152.69,1.0,100,1
TXN_3415,USER_6166,91.7,1.0,100,1
TXN_48664,USER_9407,65.36,1.0,100,1
TXN_8198,USER_5684,8.33,1.0,100,1
TXN_13457,USER_9585,44.33,1.0,100,1
TXN_477,USER_5980,106.6,1.0,100,1
TXN_38038,USER_7462,217.36,1.0,100,1
TXN_36043,USER_3921,13.68,1.0,100,1
TXN_23684,USER_3086,73.28,1.0,100,1
TXN_25293,USER_3280,122.07,1.0,100,1
TXN_24893,USER_2757,28.81,1.0,100,1
TXN_4629,USER_1262,303.61,1.0,100,1
TXN_41050,USER_5470,261.09,1.0,100,1
TXN_1244,USER_2828,142.2,1.0,100,1
TXN_3669,USER_6944,207.86,1.0,100,1
TXN_25664,USER_5072,10.75,1.0,100,1
TXN_19074,USER_2933,513.79,1.0,100,1
TXN_41021,USER_5993,39.31,1.0,100,1
TXN_13487,USER_7276,165.74,1.0,100,1
TXN_38795,USER_9787,121.65,1.0,100,1
TXN_47463,USER_3115,106.89,1.0,100,1
TXN_17580,USER_7018,7.0,1.0,100,1
TXN_26472,USER_6351,51.97,1.0,100,1
TXN_12455,USER_7860,124.44,1.0,100,1
TXN_16919,USER_4490,88.76,1.0,100,1
TXN_11945,USER_6028,69.74,1.0,100,1
TXN_45900,USER_7828,115.7,1.0,100,1
TXN_12930,USER_3841,200.16,1.0,100,1
TXN_4333,USER_2881,60.55,1.0,100,1
TXN_23693,USER_3534,20.32,1.0,100,1
TXN_36650,USER_4101,26.71,1.0,100,1
TXN_21655,USER_1077,100.5,1.0,100,1
TXN_28896,USER_8993,47.38,1.0,100,1
TXN_3569,USER_5951,22.75,1.0,100,1
TXN_42553,USER_6181,79.33,1.0,100,1
TXN_25063,USER_3724,239.52,1.0,100,1
TXN_19010,USER_6845,131.5,1.0,100,1
TXN_48671,USER_7464,77.96,1.0,100,1
TXN_18201,USER_5124,1.59,1.0,100,1
TXN_14999,USER_4878,73.61,1.0,100,1
TXN_6376,USER_5674,14.15,1.0,100,1
TXN_25733,USER_3140,147.11,1.0,100,1
TXN_3024,USER_1215,259.38,1.0,100,1
TXN_17635,USER_3115,178.25,1.0,100,1
TXN_3870,USER_1861,16.23,1.0,100,1
TXN_9217,USER_3470,13.51,1.0,100,1
TXN_34089,USER_6425,65.74,1.0,100,1
TXN_13003,USER_1468,43.98,1.0,100,1
TXN_16782,USER_1386,47.8,1.0,100,1
TXN_30029,USER_7393,134.25,1.0,100,1
TXN_20748,USER_5462,234.14,1.0,100,1
TXN_47766,USER_1312,58.41,1.0,100,1
TXN_27977,USER_8828,24.27,1.0,100,1
TXN_30566,USER_3876,118.24,1.0,100,1
TXN_43071,USER_5269,161.68,1.0,100,1
TXN_40799,USER_7500,196.2,1.0,100,1
TXN_31286,USER_6884,113.63,1.0,100,1
TXN_45385,USER_4718,22.58,1.0,100,1
TXN_23461,USER_3211,98.02,1.0,100,1
TXN_41598,USER_9997,47.59,1.0,100,1
TXN_19952,USER_6204,85.07,1.0,100,1
TXN_7622,USER_8251,140.46,1.0,100,1
TXN_38395,USER_9001,12.04,1.0,100,1
TXN_20739,USER_7447,40.7,1.0,100,1
TXN_18518,USER_2274,42.46,1.0,100,1
TXN_25041,USER_5794,4.37,1.0,100,1
TXN_37554,USER_1148,288.36,1.0,100,1
TXN_21760,USER_2123,258.43,1.0,100,1
TXN_24085,USER_8710,4.21,1.0,100,1
TXN_49363,USER_2288,73.67,1.0,100,1
TXN_2783,USER_4363,20.68,1.0,100,1
TXN_12775,USER_9913,74.86,1.0,100,1
TXN_28984,USER_3038,62.26,1.0,100,1
TXN_5833,USER_3526,145.61,1.0,100,1
TXN_28704,USER_4844,153.16,1.0,100,1
TXN_47678,USER_9581,8.51,1.0,100,1
TXN_3487,USER_3668,75.46,1.0,100,1
TXN_19571,USER_5734,196.62,1.0,100,1
TXN_34124,USER_2446,55.93,1.0,100,1
TXN_16775,USER_8097,38.85,1.0,100,1
TXN_41151,USER_7714,53.43,1.0,100,1
TXN_26804,USER_3065,53.57,1.0,100,1
TXN_41387,USER_9483,85.21,1.0,100,1
TXN_22310,USER_9519,52.98,1.0,100,1
TXN_20396,USER_4993,126.71,1.0,100,1
TXN_45797,USER_8179,8.77,1.0,100,1
TXN_658,USER_8002,40.11,1.0,100,1
TXN_28223,USER_6378,13.41,1.0,100,1
TXN_18075,USER_3887,329.28,1.0,100,1
TXN_45931,USER_7114,58.34,1.0,100,1
TXN_48883,USER_2721,43.34,1.0,100,1
TXN_25061,USER_3807,328.08,1.0,100,1
TXN_15544,USER_2401,60.12,1.0,100,1
TXN_36771,USER_8666,135.54,1.0,100,1
TXN_31758,USER_2796,222.35,1.0,100,1
TXN_32818,USER_3519,42.59,1.0,100,1
TXN_15340,USER_4531,136.77,1.0,100,1
TXN_48117,USER_3576,391.79,1.0,100,1
TXN_27744,USER_3588,59.21,1.0,100,1
TXN_8766,USER_8130,50.61,1.0,100,1
TXN_1222,USER_5361,42.08,1.0,100,1
TXN_39573,USER_5457,0.65,1.0,100,1
TXN_37368,USER_1163,174.17,1.0,100,1
TXN_24852,USER_4747,115.93,1.0,100,1
TXN_36205,USER_2537,238.71,1.0,100,1
TXN_41074,USER_4107,11.33,1.0,100,1
TXN_41658,USER_9769,107.76,1.0,100,1
TXN_42248,USER_3164,0.3,1.0,100,1
TXN_25038,USER_5656,31.82,1.0,100,1
TXN_22555,USER_6243,87.86,1.0,100,1
TXN_8464,USER_1781,293.39,1.0,100,1
TXN_42817,USER_7861,17.04,1.0,100,1
TXN_31217,USER_6570,110.78,1.0,100,1
TXN_32974,USER_6917,85.09,1.0,100,1
TXN_24437,USER_6583,44.64,1.0,100,1
TXN_26240,USER_9214,149.71,1.0,100,1
TXN_12089,USER_4177,15.71,1.0,100,1
TXN_8167,USER_8338,157.91,1.0,100,1
TXN_43881,USER_4766,162.0,1.0,100,1
TXN_14364,USER_3920,43.66,1.0,100,1
TXN_12401,USER_5381,91.06,1.0,100,1
TXN_23758,USER_1276,117.15,1.0,100,1
TXN_13317,USER_6363,163.12,1.0,100,1
TXN_45531,USER_6516,26.14,1.0,100,1
TXN_15923,USER_1209,84.94,1.0,100,1
TXN_46509,USER_6595,89.53,1.0,100,1
TXN_27409,USER_8546,86.96,1.0,100,1
TXN_12442,USER_5402,16.84,1.0,100,1
TXN_34320,USER_5397,211.41,1.0,100,1
TXN_37256,USER_5858,17.42,1.0,100,1
TXN_4260,USER_3710,48.26,1.0,100,1
TXN_9012,USER_7981,30.76,1.0,100,1
TXN_10977,USER_6298,293.9,1.0,100,1
TXN_9218,USER_3577,18.57,1.0,100,1
TXN_21788,USER_8175,42.03,1.0,100,1
TXN_8689,USER_9107,4.81,1.0,100,1
TXN_27381,USER_9623,16.37,1.0,100,1
TXN_40232,USER_8757,207.03,1.0,100,1
TXN_21142,USER_3962,165.79,1.0,100,1
TXN_8916,USER_5349,94.16,1.0,100,1
TXN_31449,USER_5946,88.72,1.0,100,1
TXN_23797,USER_9828,105.21,1.0,100,1
TXN_29379,USER_6378,269.82,1.0,100,1
TXN_50,USER_4943,12.12,1.0,100,1
TXN_13105,USER_1541,241.27,1.0,100,1
TXN_1476,USER_1552,100.51,1.0,100,1
TXN_15231,USER_4577,64.96,1.0,100,1
TXN_21849,USER_2634,43.21,1.0,100,1
TXN_31676,USER_1097,8.1,1.0,100,1
TXN_26040,USER_5332,23.64,1.0,100,1
TXN_41040,USER_9955,30.19,1.0,100,1
TXN_49470,USER_9983,39.4,1.0,100,1
TXN_982,USER_1951,32.53,1.0,100,1
TXN_11201,USER_1071,16.2,1.0,100,1
TXN_16910,USER_7084,46.15,1.0,100,1
TXN_23031,USER_9705,142.85,1.0,100,1
TXN_35190,USER_9432,315.17,1.0,100,1
TXN_3625,USER_8739,76.36,1.0,100,1
TXN_9157,USER_2515,109.84,1.0,100,1
TXN_41694,USER_9212,65.27,1.0,100,1
TXN_9360,USER_2118,3.18,1.0,100,1
TXN_5027,USER_8099,61.99,1.0,100,1
TXN_9543,USER_1910,85.17,1.0,100,1
TXN_49932,USER_4844,15.27,1.0,100,1
TXN_14498,USER_6965,397.22,1.0,100,1
TXN_7660,USER_1939,362.71,1.0,100,1
TXN_9338,USER_1023,8.58,1.0,100,1
TXN_49496,USER_8301,62.18,1.0,100,1
TXN_11643,USER_5866,20.97,1.0,100,1
TXN_28274,USER_6624,48.9,1.0,100,1
TXN_12321,USER_9382,39.31,1.0,100,1
TXN_23485,USER_1915,80.15,1.0,100,1
TXN_2860,USER_8016,171.49,1.0,100,1
TXN_9586,USER_1916,59.06,1.0,100,1
TXN_44406,USER_9239,33.98,1.0,100,1
TXN_28925,USER_2643,54.42,1.0,100,1
TXN_16433,USER_9848,13.68,1.0,100,1
TXN_24133,USER_9496,144.0,1.0,100,1
TXN_34116,USER_1371,163.65,1.0,100,1
TXN_26521,USER_8633,380.85,1.0,100,1
TXN_10731,USER_5478,217.07,1.0,100,1
TXN_18423,USER_8504,82.53,1.0,100,1
TXN_11409,USER_8511,235.69,1.0,100,1
TXN_30808,USER_1157,293.4,1.0,100,1
TXN_19763,USER_5036,149.94,1.0,100,1
TXN_31170,USER_4680,101.19,1.0,100,1
TXN_20461,USER_3870,28.12,1.0,100,1
TXN_2439,USER_1285,32.21,1.0,100,1
TXN_13212,USER_7654,492.53,1.0,100,1
TXN_33712,USER_9217,125.07,1.0,100,1
TXN_22135,USER_4911,54.74,1.0,100,1
TXN_41858,USER_7771,153.74,1.0,100,1
TXN_30083,USER_5235,60.52,1.0,100,1
TXN_10349,USER_3517,28.71,1.0,100,1
TXN_46031,USER_2023,33.67,1.0,100,1
TXN_3061,USER_7102,103.56,1.0,100,1
TXN_38972,USER_7967,64.17,1.0,100,1
TXN_15907,USER_3003,91.37,1.0,100,1
TXN_29476,USER_3933,73.64,1.0,100,1
TXN_9445,USER_9598,181.42,1.0,100,1
TXN_29767,USER_1052,49.05,1.0,100,1
TXN_40876,USER_8911,70.59,1.0,100,1
TXN_48449,USER_1074,239.41,1.0,100,1
TXN_42666,USER_5035,8.7,1.0,100,1
TXN_42986,USER_9479,249.72,1.0,100,1
TXN_41628,USER_3946,90.37,1.0,100,1
TXN_8799,USER_7337,177.7,1.0,100,1
TXN_23053,USER_4417,95.24,1.0,100,1
TXN_17684,USER_7209,41.87,1.0,100,1
TXN_5015,USER_8601,30.77,1.0,100,1
TXN_43572,USER_8700,120.03,1.0,100,1
TXN_42621,USER_6226,103.03,1.0,100,1
TXN_17829,USER_1929,281.62,1.0,100,1
TXN_42464,USER_3385,56.2,1.0,100,1
TXN_26352,USER_5110,10.68,1.0,100,1
TXN_48437,USER_8104,15.03,1.0,100,1
TXN_16025,USER_6473,30.35,1.0,100,1
TXN_40389,USER_5890,83.35,1.0,100,1
TXN_23733,USER_1072,129.3,1.0,100,1
TXN_3975,USER_3985,618.16,1.0,100,1
TXN_21170,USER_7587,39.35,1.0,100,1
TXN_30609,USER_8924,61.2,1.0,100,1
TXN_36401,USER_9888,85.19,1.0,100,1
TXN_21506,USER_1055,56.87,1.0,100,1
TXN_28155,USER_7632,36.19,1.0,100,1
TXN_36195,USER_7308,19.35,1.0,100,1
TXN_30723,USER_4113,21.78,1.0,100,1
TXN_20405,USER_8115,16.36,1.0,100,1
TXN_44052,USER_7363,23.9,1.0,100,1
TXN_8954,USER_7401,225.8,1.0,100,1
TXN_21021,USER_9995,43.67,1.0,100,1
TXN_27702,USER_2334,146.56,1.0,100,1
TXN_39846,USER_9045,41.81,1.0,100,1
TXN_34909,USER_3484,23.25,1.0,100,1
TXN_23550,USER_1767,112.28,1.0,100,1
TXN_4691,USER_1919,27.37,1.0,100,1
TXN_39138,USER_3723,37.96,1.0,100,1
TXN_17540,USER_8311,63.59,1.0,100,1
TXN_31478,USER_1470,49.83,1.0,100,1
TXN_700,USER_8956,165.5,1.0,100,1
TXN_29778,USER_7477,81.72,1.0,100,1
TXN_24500,USER_5467,3.86,1.0,100,1
TXN_25600,USER_7343,485.22,1.0,100,1
TXN_29394,USER_6217,65.95,1.0,100,1
TXN_13149,USER_9339,150.24,1.0,100,1
TXN_49061,USER_5009,64.1,1.0,100,1
TXN_3194,USER_8352,95.53,1.0,100,1
TXN_32398,USER_5660,39.38,1.0,100,1
TXN_5350,USER_2465,65.06,1.0,100,1
TXN_129,USER_2059,152.67,1.0,100,1
TXN_33491,USER_5183,130.11,1.0,100,1
TXN_29429,USER_1561,35.85,1.0,100,1
TXN_42884,USER_8227,125.41,1.0,100,1
TXN_339,USER_4854,190.48,1.0,100,1
TXN_1373,USER_3844,73.28,1.0,100,1
TXN_7082,USER_8605,362.54,1.0,100,1
TXN_44400,USER_1823,45.96,1.0,100,1
TXN_39069,USER_2961,318.4,1.0,100,1
TXN_25656,USER_2042,99.01,1.0,100,1
TXN_1983,USER_8099,186.61,1.0,100,1
TXN_44065,USER_9604,141.3,1.0,100,1
TXN_11273,USER_5636,6.82,1.0,100,1
TXN_6900,USER_2823,154.48,1.0,100,1
TXN_48578,USER_4939,98.44,1.0,100,1
TXN_27525,USER_7844,15.13,1.0,100,1
TXN_30486,USER_3309,22.89,1.0,100,1
TXN_18640,USER_3078,132.3,1.0,100,1
TXN_32158,USER_2981,6.27,1.0,100,1
TXN_16128,USER_6333,79.57,1.0,100,1
TXN_19987,USER_7691,143.62,1.0,100,1
TXN_42843,USER_3224,246.03,1.0,100,1
TXN_23729,USER_1331,59.6,1.0,100,1
TXN_19,USER_4385,137.52,1.0,100,1
TXN_16665,USER_8639,11.68,1.0,100,1
TXN_40605,USER_9297,192.11,1.0,100,1
TXN_7389,USER_4196,21.05,1.0,100,1
TXN_32743,USER_6049,408.68,1.0,100,1
TXN_37539,USER_9924,49.68,1.0,100,1
TXN_15636,USER_2817,18.43,1.0,100,1
TXN_19929,USER_9629,328.92,1.0,100,1
TXN_48531,USER_9216,139.29,1.0,100,1
TXN_49642,USER_5483,143.29,1.0,100,1
TXN_30657,USER_7042,17.97,1.0,100,1
TXN_14767,USER_5904,10.16,1.0,100,1
TXN_12864,USER_6362,69.26,1.0,100,1
TXN_11844,USER_1922,86.12,1.0,100,1
TXN_22539,USER_2333,0.27,1.0,100,1
TXN_40274,USER_9469,418.12,1.0,100,1
TXN_10273,USER_7787,55.69,1.0,100,1
TXN_8849,USER_1761,29.14,1.0,100,1
TXN_44130,USER_3577,167.7,1.0,100,1
TXN_14012,USER_8398,4.2,1.0,100,1
TXN_37168,USER_8067,38.19,1.0,100,1
TXN_38622,USER_2680,18.24,1.0,100,1
TXN_40892,USER_3408,21.31,1.0,100,1
TXN_2271,USER_6774,72.98,1.0,100,1
TXN_45744,USER_8271,75.38,1.0,100,1
TXN_16308,USER_4944,171.0,1.0,100,1
TXN_32830,USER_9704,168.01,1.0,100,1
TXN_1783,USER_5255,151.18,1.0,100,1
TXN_41668,USER_3548,133.04,1.0,100,1
TXN_34953,USER_8384,58.53,1.0,100,1
TXN_46224,USER_9369,127.41,1.0,100,1
TXN_40918,USER_7631,174.85,1.0,100,1
TXN_26720,USER_4012,18.79,1.0,100,1
TXN_47495,USER_6226,174.86,1.0,100,1
TXN_32046,USER_5496,59.82,1.0,100,1
TXN_5441,USER_4228,55.09,1.0,100,1
TXN_35534,USER_6603,22.46,1.0,100,1
TXN_41222,USER_8135,65.87,1.0,100,1
TXN_36327,USER_7968,7.28,1.0,100,1
TXN_20681,USER_8747,272.32,1.0,100,1
TXN_45767,USER_5503,0.7,1.0,100,1
TXN_7796,USER_5299,107.65,1.0,100,1
TXN_15691,USER_2378,59.7,1.0,100,1
TXN_31066,USER_5665,28.44,1.0,100,1
TXN_33181,USER_5533,60.8,1.0,100,1
TXN_7141,USER_9226,46.46,1.0,100,1
TXN_21587,USER_6444,113.23,1.0,100,1
TXN_39270,USER_2289,43.19,1.0,100,1
TXN_5892,USER_9949,333.8,1.0,100,1
TXN_3449,USER_6488,30.28,1.0,100,1
TXN_9560,USER_3502,30.0,1.0,100,1
TXN_27949,USER_2298,57.55,1.0,100,1
TXN_22032,USER_8731,168.0,1.0,100,1
TXN_37047,USER_4842,84.79,1.0,100,1
TXN_6967,USER_4306,14.55,1.0,100,1
TXN_12416,USER_1662,32.01,1.0,100,1
TXN_41626,USER_5929,45.02,1.0,100,1
TXN_25534,USER_4448,8.98,1.0,100,1
TXN_41155,USER_3633,70.84,1.0,100,1
TXN_40134,USER_8970,513.43,1.0,100,1
TXN_31952,USER_2988,16.92,1.0,100,1
TXN_5620,USER_1193,106.89,1.0,100,1
TXN_47870,USER_4234,15.94,1.0,100,1
TXN_22003,USER_2832,72.38,1.0,100,1
TXN_27571,USER_7388,50.05,1.0,100,1
TXN_11723,USER_6327,32.73,1.0,100,1
TXN_32406,USER_3795,277.37,1.0,100,1
TXN_15600,USER_4730,38.39,1.0,100,1
TXN_14333,USER_6547,251.44,1.0,100,1
TXN_36769,USER_9760,12.08,1.0,100,1
TXN_33700,USER_4109,136.95,1.0,100,1
TXN_37557,USER_7262,94.09,1.0,100,1
TXN_34327,USER_6007,243.52,1.0,100,1
TXN_38502,USER_5617,30.65,1.0,100,1
TXN_21236,USER_2352,11.47,1.0,100,1
TXN_17654,USER_1665,32.8,1.0,100,1
TXN_25906,USER_1773,17.44,1.0,100,1
TXN_14878,USER_8848,66.0,1.0,100,1
TXN_24119,USER_2860,100.39,1.0,100,1
TXN_24512,USER_8791,15.23,1.0,100,1
TXN_13495,USER_1473,166.45,1.0,100,1
TXN_30078,USER_1533,2.13,1.0,100,1
TXN_31241,USER_6824,118.41,1.0,100,1
TXN_21873,USER_6863,161.77,1.0,100,1
TXN_9740,USER_6606,6.34,1.0,100,1
TXN_21747,USER_4864,184.86,1.0,100,1
TXN_39668,USER_7041,4.94,1.0,100,1
TXN_46863,USER_7522,32.94,1.0,100,1
TXN_32311,USER_2295,39.51,1.0,100,1
TXN_38971,USER_1815,355.23,1.0,100,1
TXN_33241,USER_1513,24.05,1.0,100,1
TXN_2636,USER_4699,21.62,1.0,100,1
TXN_14834,USER_4945,175.57,1.0,100,1
TXN_42717,USER_2567,99.11,1.0,100,1
TXN_27190,USER_9451,106.5,1.0,100,1
TXN_45377,USER_3649,25.65,1.0,100,1
TXN_36149,USER_5501,115.41,1.0,100,1
TXN_2674,USER_4236,8.2,1.0,100,1
TXN_23340,USER_8793,102.68,1.0,100,1
TXN_37370,USER_4462,306.55,1.0,100,1
TXN_2953,USER_9088,88.4,1.0,100,1
TXN_11386,USER_4515,158.02,1.0,100,1
TXN_9047,USER_3822,17.23,1.0,100,1
TXN_47306,USER_3168,83.5,1.0,100,1
TXN_30273,USER_6191,89.95,1.0,100,1
TXN_13349,USER_5980,117.81,1.0,100,1
TXN_32573,USER_9330,14.56,1.0,100,1
TXN_27803,USER_3165,131.92,1.0,100,1
TXN_14980,USER_2479,110.51,1.0,100,1
TXN_16011,USER_7843,92.83,1.0,100,1
TXN_5250,USER_2133,3.83,1.0,100,1
TXN_15494,USER_4497,21.48,1.0,100,1
TXN_14030,USER_2184,15.35,1.0,100,1
TXN_5166,USER_6953,197.53,1.0,100,1
TXN_2163,USER_6624,315.37,1.0,100,1
TXN_32103,USER_5482,93.42,1.0,100,1
TXN_39494,USER_3538,241.99,1.0,100,1
TXN_19728,USER_3570,161.25,1.0,100,1
TXN_38915,USER_4133,202.96,1.0,100,1
TXN_18940,USER_5306,10.32,1.0,100,1
TXN_2164,USER_9691,11.14,1.0,100,1
TXN_27188,USER_9105,134.83,1.0,100,1
TXN_2821,USER_6409,47.19,1.0,100,1
TXN_14096,USER_9260,89.59,1.0,100,1
TXN_24798,USER_5993,85.25,1.0,100,1
TXN_26418,USER_1514,28.43,1.0,100,1
TXN_27041,USER_6327,56.81,1.0,100,1
TXN_23843,USER_8118,181.9,1.0,100,1
TXN_16285,USER_8358,44.58,1.0,100,1
TXN_47211,USER_9046,79.76,1.0,100,1
TXN_22695,USER_5947,25.31,1.0,100,1
TXN_1010,USER_9519,81.61,1.0,100,1
TXN_2553,USER_5033,259.98,1.0,100,1
TXN_4389,USER_4939,99.26,1.0,100,1
TXN_11089,USER_3692,10.43,1.0,100,1
TXN_16066,USER_2115,28.45,1.0,100,1
TXN_42016,USER_5477,142.3,1.0,100,1
TXN_47017,USER_6128,30.01,1.0,100,1
TXN_2589,USER_5669,44.27,1.0,100,1
TXN_13601,USER_2561,1.12,1.0,100,1
TXN_49378,USER_8622,171.61,1.0,100,1
TXN_36330,USER_9093,108.77,1.0,100,1
TXN_41697,USER_2899,16.86,1.0,100,1
TXN_22293,USER_5755,15.17,1.0,100,1
TXN_4983,USER_1787,166.63,1.0,100,1
TXN_1250,USER_8878,155.8,1.0,100,1
TXN_40237,USER_1389,1.89,1.0,100,1
TXN_21536,USER_4432,13.3,1.0,100,1
TXN_2234,USER_2938,14.73,1.0,100,1
TXN_23088,USER_2055,27.03,1.0,100,1
TXN_49349,USER_1786,4.83,1.0,100,1
TXN_28184,USER_5668,117.26,1.0,100,1
TXN_20099,USER_1546,14.88,1.0,100,1
TXN_21148,USER_1820,135.42,1.0,100,1
TXN_28894,USER_2620,72.69,1.0,100,1
TXN_30995,USER_6530,133.39,1.0,100,1
TXN_10246,USER_6127,58.28,1.0,100,1
TXN_3086,USER_4619,90.25,1.0,100,1
TXN_14860,USER_9219,59.93,1.0,100,1
TXN_17013,USER_4477,235.13,1.0,100,1
TXN_38267,USER_6727,30.53,1.0,100,1
TXN_48962,USER_8121,26.63,1.0,100,1
TXN_33853,USER_1843,338.82,1.0,100,1
TXN_13073,USER_7614,59.48,1.0,100,1
TXN_37566,USER_6132,16.85,1.0,100,1
TXN_47119,USER_3373,215.13,1.0,100,1
TXN_19843,USER_1885,57.58,1.0,100,1
TXN_46580,USER_7050,110.48,1.0,100,1
TXN_38315,USER_3944,49.47,1.0,100,1
TXN_518,USER_2324,189.49,1.0,100,1
TXN_5475,USER_6818,90.65,1.0,100,1
TXN_11465,USER_9159,8.19,1.0,100,1
TXN_2335,USER_1669,14.11,1.0,100,1
TXN_8083,USER_8785,376.61,1.0,100,1
TXN_30635,USER_5017,122.09,1.0,100,1
TXN_1327,USER_4998,76.91,1.0,100,1
TXN_26255,USER_9664,41.64,1.0,100,1
TXN_24883,USER_4421,61.1,1.0,100,1
TXN_29974,USER_2354,77.42,1.0,100,1
TXN_33166,USER_5462,5.56,1.0,100,1
TXN_2995,USER_9680,124.03,1.0,100,1
TXN_22061,USER_1352,53.99,1.0,100,1
TXN_29178,USER_5705,172.71,1.0,100,1
TXN_160,USER_8280,115.2,1.0,100,1
TXN_15648,USER_4570,0.47,1.0,100,1
TXN_34593,USER_3019,28.67,1.0,100,1
TXN_28500,USER_8039,172.41,1.0,100,1
TXN_37510,USER_6955,68.5,1.0,100,1
TXN_40333,USER_5971,27.34,1.0,100,1
TXN_31423,USER_1084,101.54,1.0,100,1
TXN_21302,USER_7976,2.72,1.0,100,1
TXN_47854,USER_6896,111.73,1.0,100,1
TXN_6218,USER_8131,11.38,1.0,100,1
TXN_8495,USER_9967,31.35,1.0,100,1
TXN_8261,USER_1710,102.77,1.0,100,1
TXN_23471,USER_6132,206.26,1.0,100,1
TXN_7862,USER_9298,13.64,1.0,100,1
TXN_10215,USER_6123,32.12,1.0,100,1
TXN_30694,USER_4185,152.98,1.0,100,1
TXN_16925,USER_6912,444.22,1.0,100,1
TXN_37727,USER_7407,46.07,1.0,100,1
TXN_18072,USER_8202,59.85,1.0,100,1
TXN_45370,USER_9924,98.96,1.0,100,1
TXN_28658,USER_1382,106.97,1.0,100,1
TXN_42787,USER_6911,309.76,1.0,100,1
TXN_37912,USER_3259,263.0,1.0,100,1
TXN_366,USER_2150,6.52,1.0,100,1
TXN_9907,USER_8229,100.5,1.0,100,1
TXN_36369,USER_8857,15.72,1.0,100,1
TXN_10306,USER_5263,34.48,1.0,100,1
TXN_23915,USER_4078,113.83,1.0,100,1
TXN_44468,USER_6651,1.42,1.0,100,1
TXN_41645,USER_9543,52.07,1.0,100,1
TXN_17336,USER_4255,49.54,1.0,100,1
TXN_19684,USER_5215,63.68,1.0,100,1
TXN_4415,USER_2170,97.75,1.0,100,1
TXN_11066,USER_7752,180.91,1.0,100,1
TXN_15554,USER_6480,142.09,1.0,100,1
TXN_43892,USER_6122,40.13,1.0,100,1
TXN_15263,USER_4044,39.03,1.0,100,1
TXN_16238,USER_2238,114.55,1.0,100,1
TXN_24283,USER_9015,40.59,1.0,100,1
TXN_11687,USER_3309,215.63,1.0,100,1
TXN_40629,USER_4880,29.49,1.0,100,1
TXN_12572,USER_1443,259.62,1.0,100,1
TXN_12279,USER_6007,68.11,1.0,100,1
TXN_15846,USER_9307,114.63,1.0,100,1
TXN_32076,USER_8885,128.83,1.0,100,1
TXN_14801,USER_4742,152.23,1.0,100,1
TXN_39448,USER_9282,78.85,1.0,100,1
TXN_17335,USER_8720,27.44,1.0,100,1
TXN_48110,USER_7923,327.83,1.0,100,1
TXN_12703,USER_2545,4.27,1.0,100,1
TXN_8043,USER_6279,104.46,1.0,100,1
TXN_3936,USER_6509,3.84,1.0,100,1
TXN_17096,USER_5958,46.62,1.0,100,1
TXN_46599,USER_1146,8.42,1.0,100,1
TXN_48108,USER_4135,19.94,1.0,100,1
TXN_9039,USER_3329,4.86,1.0,100,1
TXN_47714,USER_4750,91.72,1.0,100,1
TXN_13778,USER_2983,103.54,1.0,100,1
TXN_37262,USER_5748,24.02,1.0,100,1
TXN_46193,USER_4325,159.79,1.0,100,1
TXN_10027,USER_4338,21.08,1.0,100,1
TXN_46562,USER_6118,106.23,1.0,100,1
TXN_26261,USER_2375,30.3,1.0,100,1
TXN_48595,USER_5327,328.41,1.0,100,1
TXN_29533,USER_8685,15.92,1.0,100,1
TXN_8699,USER_2550,159.18,1.0,100,1
TXN_39508,USER_2623,383.97,1.0,100,1
TXN_1473,USER_3056,143.13,1.0,100,1
TXN_12057,USER_3344,61.41,1.0,100,1
TXN_28123,USER_3383,20.78,1.0,100,1
TXN_48340,USER_4190,45.45,1.0,100,1
TXN_3251,USER_8619,65.37,1.0,100,1
TXN_29146,USER_3925,9.63,1.0,100,1
TXN_47091,USER_9723,73.81,1.0,100,1
TXN_4257,USER_5266,39.69,1.0,100,1
TXN_46178,USER_2790,106.81,1.0,100,1
TXN_2427,USER_3946,94.75,1.0,100,1
TXN_25189,USER_2017,152.53,1.0,100,1
TXN_15154,USER_6020,183.8,1.0,100,1
TXN_22448,USER_9120,7.27,1.0,100,1
TXN_4352,USER_2789,138.69,1.0,100,1
TXN_10384,USER_1815,80.28,1.0,100,1
TXN_14319,USER_7196,97.26,1.0,100,1
TXN_14685,USER_4598,85.56,1.0,100,1
TXN_16761,USER_4314,273.3,1.0,100,1
TXN_20872,USER_7842,207.36,1.0,100,1
TXN_13414,USER_6969,241.08,1.0,100,1
TXN_32568,USER_8851,11.61,1.0,100,1
TXN_2596,USER_2819,175.67,1.0,100,1
TXN_22308,USER_3397,81.8,1.0,100,1
TXN_10782,USER_8059,167.02,1.0,100,1
TXN_16490,USER_1308,203.78,1.0,100,1
TXN_4693,USER_9947,23.34,1.0,100,1
TXN_21652,USER_6175,194.76,1.0,100,1
TXN_49071,USER_1453,18.5,1.0,100,1
TXN_38997,USER_8354,192.54,1.0,100,1
TXN_11480,USER_3091,179.64,1.0,100,1
TXN_3006,USER_7683,49.16,1.0,100,1
TXN_35704,USER_5167,59.75,1.0,100,1
TXN_29713,USER_6972,86.88,1.0,100,1
TXN_1528,USER_6631,33.54,1.0,100,1
TXN_44030,USER_8874,65.08,1.0,100,1
TXN_34889,USER_9097,30.3,1.0,100,1
TXN_18669,USER_8882,20.45,1.0,100,1
TXN_36569,USER_7676,207.42,1.0,100,1
TXN_47273,USER_8903,70.6,1.0,100,1
TXN_21307,USER_5027,9.45,1.0,100,1
TXN_18179,USER_2294,52.04,1.0,100,1
TXN_15827,USER_4708,63.95,1.0,100,1
TXN_47243,USER_6289,72.64,1.0,100,1
TXN_12420,USER_6297,109.12,1.0,100,1
TXN_29040,USER_6615,145.8,1.0,100,1
TXN_39379,USER_7261,4.52,1.0,100,1
TXN_26975,USER_7778,16.44,1.0,100,1
TXN_47483,USER_3171,6.35,1.0,100,1
TXN_9901,USER_1978,113.46,1.0,100,1
TXN_37862,USER_1342,20.06,1.0,100,1
TXN_16312,USER_1131,134.71,1.0,100,1
TXN_7693,USER_3916,148.64,1.0,100,1
TXN_32646,USER_8870,142.31,1.0,100,1
TXN_42786,USER_4175,55.25,1.0,100,1
TXN_49903,USER_2985,60.23,1.0,100,1
TXN_44349,USER_4399,52.62,1.0,100,1
TXN_9388,USER_3196,32.7,1.0,100,1
TXN_14008,USER_7089,48.88,1.0,100,1
TXN_2379,USER_7344,12.72,1.0,100,1
TXN_17809,USER_2093,230.52,1.0,100,1
TXN_8469,USER_2501,60.15,1.0,100,1
TXN_4533,USER_1609,98.81,1.0,100,1
TXN_29945,USER_6220,54.35,1.0,100,1
TXN_31909,USER_6325,28.08,1.0,100,1
TXN_36984,USER_6906,40.38,1.0,100,1
TXN_40602,USER_7832,169.5,1.0,100,1
TXN_10467,USER_7608,77.48,1.0,100,1
TXN_2543,USER_5615,5.03,1.0,100,1
TXN_28833,USER_1814,231.32,1.0,100,1
TXN_49405,USER_5838,85.34,1.0,100,1
TXN_2629,USER_3011,12.5,1.0,100,1
TXN_17441,USER_3374,158.54,1.0,100,1
TXN_25405,USER_9377,131.83,1.0,100,1
TXN_7532,USER_1680,35.42,1.0,100,1
TXN_32294,USER_4006,111.92,1.0,100,1
TXN_23795,USER_9112,260.6,1.0,100,1
TXN_24491,USER_6177,79.47,1.0,100,1
TXN_47487,USER_5621,88.21,1.0,100,1
TXN_38323,USER_1485,187.5,1.0,100,1
TXN_44265,USER_5213,37.18,1.0,100,1
TXN_38227,USER_1015,47.84,1.0,100,1
TXN_27383,USER_8272,21.07,1.0,100,1
TXN_25040,USER_5315,35.67,1.0,100,1
TXN_34142,USER_5241,279.51,1.0,100,1
TXN_30690,USER_5197,29.32,1.0,100,1
TXN_7393,USER_1238,28.15,1.0,100,1
TXN_3546,USER_8751,30.96,1.0,100,1
TXN_28893,USER_7967,64.59,1.0,100,1
TXN_24974,USER_2214,35.2,1.0,100,1
TXN_7276,USER_6061,36.02,1.0,100,1
TXN_37240,USER_9685,13.05,1.0,100,1
TXN_44055,USER_7336,124.11,1.0,100,1
TXN_18330,USER_7296,148.47,1.0,100,1
TXN_41052,USER_4991,118.47,1.0,100,1
TXN_44559,USER_5483,44.65,1.0,100,1
TXN_27459,USER_6760,320.79,1.0,100,1
TXN_10498,USER_9379,188.95,1.0,100,1
TXN_45545,USER_5043,7.25,1.0,100,1
TXN_29536,USER_9273,83.1,1.0,100,1
TXN_47969,USER_7813,33.08,1.0,100,1
TXN_7464,USER_3956,2.49,1.0,100,1
TXN_7121,USER_7642,29.61,1.0,100,1
TXN_40594,USER_6481,395.19,1.0,100,1
TXN_21537,USER_8116,21.69,1.0,100,1
TXN_23902,USER_2067,116.74,1.0,100,1
TXN_20239,USER_7035,10.43,1.0,100,1
TXN_33295,USER_4208,54.23,1.0,100,1
TXN_19072,USER_3919,159.08,1.0,100,1
TXN_19650,USER_9794,2.92,1.0,100,1
TXN_32188,USER_3635,52.05,1.0,100,1
TXN_28750,USER_6363,274.16,1.0,100,1
TXN_26074,USER_1707,534.52,1.0,100,1
TXN_9671,USER_3180,79.42,1.0,100,1
TXN_38671,USER_3425,114.11,1.0,100,1
TXN_44293,USER_6171,123.98,1.0,100,1
TXN_19163,USER_5289,59.81,1.0,100,1
TXN_14846,USER_5446,102.31,1.0,100,1
TXN_45324,USER_2082,85.26,1.0,100,1
TXN_24009,USER_3516,37.46,1.0,100,1
TXN_48948,USER_6035,56.88,1.0,100,1
TXN_30412,USER_4871,366.91,1.0,100,1
TXN_15496,USER_6642,521.3,1.0,100,1
TXN_32615,USER_2401,177.61,1.0,100,1
TXN_1965,USER_7272,4.72,1.0,100,1
TXN_29191,USER_8197,4.9,1.0,100,1
TXN_37328,USER_3175,217.42,1.0,100,1
TXN_47232,USER_8234,39.56,1.0,100,1
TXN_37209,USER_7080,322.52,1.0,100,1
TXN_6385,USER_2164,222.76,1.0,100,1
TXN_41579,USER_2830,115.62,1.0,100,1
TXN_35375,USER_2631,168.3,1.0,100,1
TXN_33718,USER_6722,7.61,1.0,100,1
TXN_38802,USER_5633,91.93,1.0,100,1
TXN_15053,USER_6416,138.46,1.0,100,1
TXN_24892,USER_4808,23.14,1.0,100,1
TXN_29361,USER_8845,80.91,1.0,100,1
TXN_511,USER_7172,284.68,1.0,100,1
TXN_9178,USER_3511,47.5,1.0,100,1
TXN_34469,USER_1217,322.29,1.0,100,1
TXN_8496,USER_6955,32.46,1.0,100,1
TXN_30416,USER_4500,1.28,1.0,100,1
TXN_15654,USER_3802,17.18,1.0,100,1
TXN_11078,USER_4770,56.18,1.0,100,1
TXN_4856,USER_8607,25.25,1.0,100,1
TXN_9245,USER_4628,40.08,1.0,100,1
TXN_32806,USER_2418,40.84,1.0,100,1
TXN_6598,USER_4457,116.19,1.0,100,1
TXN_39817,USER_6053,145.43,1.0,100,1
TXN_17142,USER_2584,52.42,1.0,100,1
TXN_17084,USER_9536,184.08,1.0,100,1
TXN_20529,USER_7512,79.56,1.0,100,1
TXN_48919,USER_5172,74.67,1.0,100,1
TXN_39394,USER_2451,48.1,1.0,100,1
TXN_41020,USER_4264,46.67,1.0,100,1
TXN_44285,USER_8680,87.07,1.0,100,1
TXN_32004,USER_2176,24.52,1.0,100,1
TXN_20165,USER_2473,50.87,1.0,100,1
TXN_33471,USER_7521,200.16,1.0,100,1
TXN_24940,USER_9126,436.73,1.0,100,1
TXN_40817,USER_4541,222.24,1.0,100,1
TXN_49154,USER_6709,13.28,1.0,100,1
TXN_15582,USER_2488,95.79,1.0,100,1
TXN_305,USER_2409,97.39,1.0,100,1
TXN_17849,USER_7711,35.35,1.0,100,1
TXN_33170,USER_7119,189.17,1.0,100,1
TXN_33518,USER_4563,129.7,1.0,100,1
TXN_24789,USER_9412,5.9,1.0,100,1
TXN_3333,USER_6911,80.96,1.0,100,1
TXN_15715,USER_8632,128.89,1.0,100,1
TXN_46836,USER_6856,119.39,1.0,100,1
TXN_25010,USER_1084,386.63,1.0,100,1
TXN_6402,USER_9874,11.1,1.0,100,1
TXN_35610,USER_1169,103.32,1.0,100,1
TXN_15065,USER_4593,44.05,1.0,100,1
TXN_14425,USER_1275,357.32,1.0,100,1
TXN_2175,USER_2449,140.36,1.0,100,1
TXN_30194,USER_9597,34.96,1.0,100,1
TXN_43634,USER_6229,55.7,1.0,100,1
TXN_31018,USER_6147,68.82,1.0,100,1
TXN_4063,USER_6366,23.16,1.0,100,1
TXN_24661,USER_8249,102.85,1.0,100,1
TXN_18366,USER_8121,37.75,1.0,100,1
TXN_47228,USER_5775,104.84,1.0,100,1
TXN_35059,USER_1908,193.21,1.0,100,1
TXN_35342,USER_1120,114.7,1.0,100,1
TXN_3521,USER_7038,374.06,1.0,100,1
TXN_1300,USER_3162,64.01,1.0,100,1
TXN_11481,USER_5599,76.33,1.0,100,1
TXN_35889,USER_2686,59.93,1.0,100,1
TXN_7925,USER_5298,110.71,1.0,100,1
TXN_7883,USER_2754,50.94,1.0,100,1
TXN_14642,USER_9709,41.94,1.0,100,1
TXN_24583,USER_4926,366.49,1.0,100,1
TXN_28349,USER_8244,98.05,1.0,100,1
TXN_5007,USER_1790,37.72,1.0,100,1
TXN_25093,USER_9310,100.26,1.0,100,1
TXN_40421,USER_2276,102.66,1.0,100,1
TXN_34633,USER_8942,77.59,1.0,100,1
TXN_8163,USER_8400,96.06,1.0,100,1
TXN_45025,USER_2172,181.41,1.0,100,1
TXN_23798,USER_8097,1.77,1.0,100,1
TXN_46947,USER_4639,43.01,1.0,100,1
TXN_41204,USER_6045,3.98,1.0,100,1
TXN_26875,USER_4811,66.35,1.0,100,1
TXN_20291,USER_4435,47.27,1.0,100,1
TXN_7814,USER_4534,453.67,1.0,100,1
TXN_46713,USER_1247,1.86,1.0,100,1
TXN_6866,USER_8314,1.77,1.0,100,1
TXN_33100,USER_4602,25.19,1.0,100,1
TXN_14847,USER_5694,103.63,1.0,100,1
TXN_7333,USER_8959,52.83,1.0,100,1
TXN_31913,USER_3629,46.97,1.0,100,1
TXN_48936,USER_9058,263.2,1.0,100,1
TXN_19615,USER_1385,67.47,1.0,100,1
TXN_9711,USER_7929,8.51,1.0,100,1
TXN_21984,USER_8740,130.06,1.0,100,1
TXN_36347,USER_9535,81.93,1.0,100,1
TXN_22525,USER_3538,202.13,1.0,100,1
TXN_3830,USER_2262,75.75,1.0,100,1
TXN_28255,USER_8015,214.05,1.0,100,1
TXN_43990,USER_8353,14.9,1.0,100,1
TXN_49733,USER_1057,3.67,1.0,100,1
TXN_9511,USER_4466,308.96,1.0,100,1
TXN_183,USER_3931,76.73,1.0,100,1
TXN_35841,USER_1990,37.9,1.0,100,1
TXN_42562,USER_5802,9.42,1.0,100,1
TXN_38945,USER_6305,59.21,1.0,100,1
TXN_9034,USER_2894,20.24,1.0,100,1
TXN_1110,USER_2333,86.14,1.0,100,1
TXN_18584,USER_8778,91.35,1.0,100,1
TXN_24440,USER_2776,35.38,1.0,100,1
TXN_32521,USER_6673,83.94,1.0,100,1
TXN_43565,USER_3632,165.31,1.0,100,1
TXN_12318,USER_5521,106.22,1.0,100,1
TXN_36756,USER_9685,14.0,1.0,100,1
TXN_6320,USER_7657,5.9,1.0,100,1
TXN_9321,USER_3347,6.62,1.0,100,1
TXN_22757,USER_9963,48.99,1.0,100,1
TXN_26044,USER_8652,69.83,1.0,100,1
TXN_21971,USER_1671,251.77,1.0,100,1
TXN_3881,USER_3430,98.28,1.0,100,1
TXN_28106,USER_4474,167.66,1.0,100,1
TXN_27222,USER_1402,46.01,1.0,100,1
TXN_13523,USER_2104,48.0,1.0,100,1
TXN_35970,USER_9388,251.81,1.0,100,1
TXN_44921,USER_7643,65.41,1.0,100,1
TXN_47986,USER_1285,44.06,1.0,100,1
TXN_26173,USER_6750,23.66,1.0,100,1
TXN_40466,USER_1301,261.08,1.0,100,1
TXN_32925,USER_2525,13.75,1.0,100,1
TXN_41310,USER_6613,116.22,1.0,100,1
TXN_19179,USER_4201,185.34,1.0,100,1
TXN_46019,USER_2908,29.63,1.0,100,1
TXN_18761,USER_3849,52.4,1.0,100,1
TXN_28562,USER_3486,95.06,1.0,100,1
TXN_36094,USER_5899,168.32,1.0,100,1
TXN_26883,USER_3009,295.82,1.0,100,1
TXN_5891,USER_6492,41.8,1.0,100,1
TXN_18728,USER_1712,1.1,1.0,100,1
TXN_12644,USER_4607,15.51,1.0,100,1
TXN_48611,USER_7872,91.93,1.0,100,1
TXN_46541,USER_7654,1.44,1.0,100,1
TXN_26539,USER_7786,24.05,1.0,100,1
TXN_34555,USER_5190,61.53,1.0,100,1
TXN_35588,USER_8409,150.86,1.0,100,1
TXN_15472,USER_9116,28.34,1.0,100,1
TXN_35776,USER_9920,104.17,1.0,100,1
TXN_36425,USER_5910,292.52,1.0,100,1
TXN_43138,USER_2278,87.58,1.0,100,1
TXN_24080,USER_5862,51.65,1.0,100,1
TXN_29656,USER_6988,20.73,1.0,100,1
TXN_16882,USER_7292,272.6,1.0,100,1
TXN_32145,USER_5957,73.56,1.0,100,1
TXN_41244,USER_9747,154.4,1.0,100,1
TXN_36030,USER_4169,20.08,1.0,100,1
TXN_44185,USER_5345,64.78,1.0,100,1
TXN_9859,USER_3939,95.17,1.0,100,1
TXN_29164,USER_2997,39.12,1.0,100,1
TXN_33939,USER_1009,406.17,1.0,100,1
TXN_32939,USER_1847,130.87,1.0,100,1
TXN_26465,USER_6092,155.96,1.0,100,1
TXN_39547,USER_3573,56.93,1.0,100,1
TXN_6818,USER_9809,171.77,1.0,100,1
TXN_5028,USER_2490,39.05,1.0,100,1
TXN_32725,USER_4470,100.39,1.0,100,1
TXN_18548,USER_3417,21.02,1.0,100,1
TXN_47179,USER_9958,158.06,1.0,100,1
TXN_10002,USER_3628,19.87,1.0,100,1
TXN_46280,USER_4268,77.11,1.0,100,1
TXN_18946,USER_9773,79.96,1.0,100,1
TXN_23814,USER_9478,173.84,1.0,100,1
TXN_5765,USER_4815,40.45,1.0,100,1
TXN_30222,USER_8559,10.95,1.0,100,1
TXN_34094,USER_1522,376.14,1.0,100,1
TXN_49521,USER_7544,9.46,1.0,100,1
TXN_16772,USER_6656,78.29,1.0,100,1
TXN_16575,USER_5773,117.34,1.0,100,1
TXN_17787,USER_1102,75.33,1.0,100,1
TXN_45695,USER_9098,51.41,1.0,100,1
TXN_548,USER_2852,9.75,1.0,100,1
TXN_41086,USER_2850,149.34,1.0,100,1
TXN_11467,USER_5100,175.15,1.0,100,1
TXN_23301,USER_5072,53.4,1.0,100,1
TXN_19644,USER_9196,85.79,1.0,100,1
TXN_16204,USER_5102,40.54,1.0,100,1
TXN_39697,USER_8973,60.89,1.0,100,1
TXN_9236,USER_9562,80.15,1.0,100,1
TXN_34120,USER_4946,98.93,1.0,100,1
TXN_28874,USER_4188,5.35,1.0,100,1
TXN_15675,USER_4549,24.83,1.0,100,1
TXN_47663,USER_5385,52.84,1.0,100,1
TXN_45909,USER_7940,68.27,1.0,100,1
TXN_27385,USER_8546,15.35,1.0,100,1
TXN_29289,USER_6651,217.17,1.0,100,1
TXN_45097,USER_4001,24.12,1.0,100,1
TXN_30102,USER_3153,19.55,1.0,100,1
TXN_3512,USER_1086,20.05,1.0,100,1
TXN_6066,USER_3785,152.96,1.0,100,1
TXN_31500,USER_5643,12.11,1.0,100,1
TXN_14322,USER_8190,59.4,1.0,100,1
TXN_19418,USER_6202,38.22,1.0,100,1
TXN_2387,USER_7040,109.07,1.0,100,1
TXN_37523,USER_1308,366.21,1.0,100,1
TXN_33895,USER_7592,77.93,1.0,100,1
TXN_39769,USER_2108,32.81,1.0,100,1
TXN_47739,USER_1716,7.42,1.0,100,1
TXN_22253,USER_7616,137.89,1.0,100,1
TXN_9319,USER_1114,47.17,1.0,100,1
TXN_25173,USER_9513,83.2,1.0,100,1
TXN_48331,USER_4576,155.54,1.0,100,1
TXN_11148,USER_9885,67.56,1.0,100,1
TXN_22209,USER_2778,174.95,1.0,100,1
TXN_37395,USER_2749,106.75,1.0,100,1
TXN_23405,USER_4573,148.91,1.0,100,1
TXN_48784,USER_5002,97.2,1.0,100,1
TXN_37492,USER_5944,92.77,1.0,100,1
TXN_24805,USER_4363,220.65,1.0,100,1
TXN_26993,USER_8753,280.17,1.0,100,1
TXN_35383,USER_3581,188.92,1.0,100,1
TXN_38121,USER_2749,77.33,1.0,100,1
TXN_31949,USER_8516,48.13,1.0,100,1
TXN_47171,USER_8707,11.54,1.0,100,1
TXN_1774,USER_6189,130.4,1.0,100,1
TXN_39253,USER_2197,40.56,1.0,100,1
TXN_5969,USER_7276,134.11,1.0,100,1
TXN_21032,USER_6310,121.42,1.0,100,1
TXN_3657,USER_9995,200.67,1.0,100,1
TXN_21230,USER_1493,74.11,1.0,100,1
TXN_46119,USER_6238,154.67,1.0,100,1
TXN_39680,USER_7628,74.88,1.0,100,1
TXN_19195,USER_1168,3.95,1.0,100,1
TXN_7867,USER_1865,278.66,1.0,100,1
TXN_45164,USER_2063,69.35,1.0,100,1
TXN_39304,USER_9624,48.21,1.0,100,1
TXN_1404,USER_4676,109.49,1.0,100,1
TXN_18448,USER_4617,151.45,1.0,100,1
TXN_24175,USER_5498,69.18,1.0,100,1
TXN_716,USER_3878,266.91,1.0,100,1
TXN_25801,USER_9849,3.5,1.0,100,1
TXN_42762,USER_7157,264.55,1.0,100,1
TXN_35258,USER_7846,317.19,1.0,100,1
TXN_48175,USER_8737,93.52,1.0,100,1
TXN_43537,USER_7712,52.53,1.0,100,1
TXN_42582,USER_8336,127.13,1.0,100,1
TXN_46835,USER_5367,10.75,1.0,100,1
TXN_17754,USER_1693,5.7,1.0,100,1
TXN_32362,USER_9142,11.26,1.0,100,1
TXN_5538,USER_4083,13.29,1.0,100,1
TXN_15059,USER_1854,183.48,1.0,100,1
TXN_27086,USER_2525,138.96,1.0,100,1
TXN_24680,USER_2890,32.64,1.0,100,1
TXN_11432,USER_4744,47.81,1.0,100,1
TXN_48330,USER_5051,52.24,1.0,100,1
TXN_3392,USER_9367,1.6,1.0,100,1
TXN_2268,USER_2854,163.75,1.0,100,1
TXN_36388,USER_8519,284.2,1.0,100,1
TXN_12069,USER_2361,70.4,1.0,100,1
TXN_18975,USER_9356,9.65,1.0,100,1
TXN_9665,USER_4435,33.04,1.0,100,1
TXN_27097,USER_1623,17.82,1.0,100,1
TXN_25741,USER_4383,95.54,1.0,100,1
TXN_25185,USER_7452,286.63,1.0,100,1
TXN_35629,USER_3094,30.22,1.0,100,1
TXN_29743,USER_5794,113.61,1.0,100,1
TXN_11424,USER_8975,22.77,1.0,100,1
TXN_43675,USER_2894,68.17,1.0,100,1
TXN_43846,USER_9732,50.83,1.0,100,1
TXN_26568,USER_6129,48.47,1.0,100,1
TXN_13200,USER_2085,55.09,1.0,100,1
TXN_41295,USER_6797,23.74,1.0,100,1
TXN_1766,USER_6699,276.68,1.0,100,1
TXN_34744,USER_4342,108.94,1.0,100,1
TXN_796,USER_1846,157.18,1.0,100,1
TXN_28389,USER_8701,324.23,1.0,100,1
TXN_7188,USER_4808,157.45,1.0,100,1
TXN_40442,USER_9995,5.39,1.0,100,1
TXN_35985,USER_5564,137.63,1.0,100,1
TXN_6584,USER_8690,32.18,1.0,100,1
TXN_42170,USER_7698,27.66,1.0,100,1
TXN_17903,USER_2515,27.58,1.0,100,1
TXN_22841,USER_4017,128.36,1.0,100,1
TXN_42252,USER_3873,65.89,1.0,100,1
TXN_34549,USER_2789,85.2,1.0,100,1
TXN_22333,USER_5255,20.21,1.0,100,1
TXN_34147,USER_9491,55.6,1.0,100,1
TXN_25822,USER_5599,145.72,1.0,100,1
TXN_5267,USER_1585,64.92,1.0,100,1
TXN_36025,USER_6100,153.55,1.0,100,1
TXN_12787,USER_8687,142.1,1.0,100,1
TXN_19930,USER_9360,99.69,1.0,100,1
TXN_30201,USER_2528,138.89,1.0,100,1
TXN_1082,USER_9041,2.84,1.0,100,1
TXN_22838,USER_2493,39.67,1.0,100,1
TXN_12464,USER_6834,58.42,1.0,100,1
TXN_4942,USER_3476,83.78,1.0,100,1
TXN_40655,USER_4486,9.42,1.0,100,1
TXN_19355,USER_8310,81.62,1.0,100,1
TXN_39025,USER_2444,54.53,1.0,100,1
TXN_39432,USER_4566,43.34,1.0,100,1
TXN_29684,USER_5508,39.13,1.0,100,1
TXN_15389,USER_9146,322.97,1.0,100,1
TXN_27685,USER_3253,18.86,1.0,100,1
TXN_38300,USER_9983,12.72,1.0,100,1
TXN_46963,USER_9168,158.07,1.0,100,1
TXN_4899,USER_2882,16.82,1.0,100,1
TXN_7066,USER_5036,83.21,1.0,100,1
TXN_10712,USER_2803,36.27,1.0,100,1
TXN_34315,USER_4872,2.05,1.0,100,1
TXN_34136,USER_1777,34.21,1.0,100,1
TXN_19868,USER_8934,204.52,1.0,100,1
TXN_46664,USER_6140,2.79,1.0,100,1
TXN_3238,USER_2538,121.41,1.0,100,1
TXN_21762,USER_5316,57.29,1.0,100,1
TXN_11103,USER_7862,58.03,1.0,100,1
TXN_15174,USER_7718,64.19,1.0,100,1
TXN_47277,USER_2845,6.87,1.0,100,1
TXN_8701,USER_7144,103.1,1.0,100,1
TXN_6962,USER_8420,94.73,1.0,100,1
TXN_19829,USER_6691,10.18,1.0,100,1
TXN_49499,USER_4518,11.06,1.0,100,1
TXN_48647,USER_7297,31.06,1.0,100,1
TXN_8159,USER_7129,57.37,1.0,100,1
TXN_49962,USER_6505,535.75,1.0,100,1
TXN_12218,USER_6892,97.3,1.0,100,1
TXN_23792,USER_9959,82.23,1.0,100,1
TXN_17226,USER_3560,46.79,1.0,100,1
TXN_29022,USER_1410,105.86,1.0,100,1
TXN_43644,USER_9180,58.18,1.0,100,1
TXN_44351,USER_2109,65.21,1.0,100,1
TXN_31276,USER_6401,0.91,1.0,100,1
TXN_37902,USER_3801,194.17,1.0,100,1
TXN_19362,USER_2548,138.2,1.0,100,1
TXN_19405,USER_7981,218.88,1.0,100,1
TXN_39893,USER_1850,5.78,1.0,100,1
TXN_33953,USER_6632,171.87,1.0,100,1
TXN_10662,USER_3288,35.46,1.0,100,1
TXN_29281,USER_4417,8.22,1.0,100,1
TXN_9408,USER_4932,114.96,1.0,100,1
TXN_27603,USER_1048,129.63,1.0,100,1
TXN_48886,USER_5250,25.51,1.0,100,1
TXN_22467,USER_8697,43.96,1.0,100,1
TXN_40278,USER_7978,44.64,1.0,100,1
TXN_19547,USER_3870,163.85,1.0,100,1
TXN_7038,USER_6264,195.55,1.0,100,1
TXN_33293,USER_6409,55.07,1.0,100,1
TXN_6337,USER_6510,14.36,1.0,100,1
TXN_26265,USER_4262,24.38,1.0,100,1
TXN_20875,USER_8278,48.96,1.0,100,1
TXN_32400,USER_1471,25.01,1.0,100,1
TXN_27503,USER_4160,3.94,1.0,100,1
TXN_35560,USER_8896,18.81,1.0,100,1
TXN_46533,USER_6911,16.94,1.0,100,1
TXN_24005,USER_5475,10.96,1.0,100,1
TXN_28988,USER_7470,80.27,1.0,100,1
TXN_32333,USER_6133,55.05,1.0,100,1
TXN_34351,USER_6419,210.03,1.0,100,1
TXN_9953,USER_4909,21.17,1.0,100,1
TXN_17765,USER_2443,59.33,1.0,100,1
TXN_4454,USER_7636,88.1,1.0,100,1
TXN_25465,USER_1548,84.38,1.0,100,1
TXN_30593,USER_1168,106.37,1.0,100,1
TXN_21330,USER_3057,158.79,1.0,100,1
TXN_24430,USER_4341,160.34,1.0,100,1
TXN_7181,USER_6906,61.51,1.0,100,1
TXN_27219,USER_4972,188.72,1.0,100,1
TXN_41648,USER_7174,60.42,1.0,100,1
TXN_47299,USER_3937,154.39,1.0,100,1
TXN_13119,USER_2637,147.71,1.0,100,1
TXN_9260,USER_1726,156.69,1.0,100,1
TXN_47129,USER_8829,85.54,1.0,100,1
TXN_37491,USER_2287,31.16,1.0,100,1
TXN_40779,USER_9800,273.71,1.0,100,1
TXN_8539,USER_9988,333.9,1.0,100,1
TXN_42634,USER_9477,160.78,1.0,100,1
TXN_27724,USER_7486,283.2,1.0,100,1
TXN_37014,USER_5612,39.35,1.0,100,1
TXN_10885,USER_6580,34.15,1.0,100,1
TXN_1022,USER_3538,33.91,1.0,100,1
TXN_8756,USER_5931,272.04,1.0,100,1
TXN_37150,USER_2189,156.21,1.0,100,1
TXN_4123,USER_1090,13.2,1.0,100,1
TXN_26250,USER_1580,14.93,1.0,100,1
TXN_21442,USER_9885,241.69,1.0,100,1
TXN_17693,USER_4666,52.12,1.0,100,1
TXN_5967,USER_6816,32.59,1.0,100,1
TXN_44274,USER_8287,245.88,1.0,100,1
TXN_16489,USER_9800,25.38,1.0,100,1
TXN_42586,USER_3523,448.55,1.0,100,1
TXN_31514,USER_3625,1.59,1.0,100,1
TXN_47875,USER_6574,291.58,1.0,100,1
TXN_15442,USER_9232,49.08,1.0,100,1
TXN_8619,USER_2741,165.18,1.0,100,1
TXN_41180,USER_5600,44.97,1.0,100,1
TXN_12196,USER_7866,98.62,1.0,100,1
TXN_28475,USER_1710,28.42,1.0,100,1
TXN_48683,USER_2294,47.76,1.0,100,1
TXN_43819,USER_3417,130.14,1.0,100,1
TXN_25168,USER_1256,52.27,1.0,100,1
TXN_32099,USER_2832,345.81,1.0,100,1
TXN_49403,USER_3550,112.14,1.0,100,1
TXN_23235,USER_1202,39.86,1.0,100,1
TXN_26129,USER_3620,96.1,1.0,100,1
TXN_17189,USER_3036,227.9,1.0,100,1
TXN_10967,USER_9503,88.44,1.0,100,1
TXN_38681,USER_4814,105.74,1.0,100,1
TXN_26251,USER_3161,167.23,1.0,100,1
TXN_15816,USER_1559,0.47,1.0,100,1
TXN_22222,USER_6479,58.35,1.0,100,1
TXN_18213,USER_6123,95.14,1.0,100,1
TXN_3856,USER_9954,80.37,1.0,100,1
TXN_12661,USER_6821,22.28,1.0,100,1
TXN_15591,USER_3305,17.4,1.0,100,1
TXN_6182,USER_4749,19.99,1.0,100,1
TXN_34862,USER_2691,86.09,1.0,100,1
TXN_31335,USER_4833,59.28,1.0,100,1
TXN_10995,USER_7118,3.21,1.0,100,1
TXN_18547,USER_7261,112.42,1.0,100,1
TXN_36181,USER_5066,12.52,1.0,100,1
TXN_38046,USER_5246,95.41,1.0,100,1
TXN_23418,USER_4747,16.51,1.0,100,1
TXN_21825,USER_9078,166.72,1.0,100,1
TXN_15802,USER_8770,169.95,1.0,100,1
TXN_11167,USER_6595,52.03,1.0,100,1
TXN_10753,USER_9584,70.07,1.0,100,1
TXN_36023,USER_3603,303.49,1.0,100,1
TXN_7750,USER_2721,106.86,1.0,100,1
TXN_29393,USER_1222,0.31,1.0,100,1
TXN_45191,USER_2999,116.16,1.0,100,1
TXN_41955,USER_1600,18.11,1.0,100,1
TXN_22787,USER_2382,34.97,1.0,100,1
TXN_5302,USER_8118,156.88,1.0,100,1
TXN_35354,USER_5445,18.83,1.0,100,1
TXN_21409,USER_6606,35.99,1.0,100,1
TXN_48457,USER_9274,69.9,1.0,100,1
TXN_26252,USER_5715,88.16,1.0,100,1
TXN_3042,USER_7589,97.64,1.0,100,1
TXN_21219,USER_8469,76.11,1.0,100,1
TXN_11937,USER_6643,135.65,1.0,100,1
TXN_794,USER_6560,27.61,1.0,100,1
TXN_27032,USER_4678,98.83,1.0,100,1
TXN_26427,USER_2410,37.26,1.0,100,1
TXN_7248,USER_4412,217.66,1.0,100,1
TXN_8050,USER_2845,38.82,1.0,100,1
TXN_33055,USER_1377,38.11,1.0,100,1
TXN_3195,USER_5591,20.62,1.0,100,1
TXN_25451,USER_7085,57.26,1.0,100,1
TXN_2925,USER_9353,37.57,1.0,100,1
TXN_44398,USER_4905,430.47,1.0,100,1
TXN_43135,USER_1565,62.11,1.0,100,1
TXN_8076,USER_4499,28.5,1.0,100,1
TXN_18006,USER_4336,144.92,1.0,100,1
TXN_15051,USER_9813,166.66,1.0,100,1
TXN_4314,USER_9307,77.46,1.0,100,1
TXN_10236,USER_1528,111.34,1.0,100,1
TXN_16352,USER_4680,85.68,1.0,100,1
TXN_14035,USER_4379,110.67,1.0,100,1
TXN_16108,USER_9401,160.54,1.0,100,1
TXN_18620,USER_2070,76.09,1.0,100,1
TXN_34923,USER_2427,158.06,1.0,100,1
TXN_44676,USER_1683,133.36,1.0,100,1
TXN_25130,USER_8700,81.54,1.0,100,1
TXN_44035,USER_5731,357.72,1.0,100,1
TXN_35843,USER_8721,46.62,1.0,100,1
TXN_33043,USER_1559,237.18,1.0,100,1
TXN_35797,USER_7235,49.89,1.0,100,1
TXN_25046,USER_1408,32.96,1.0,100,1
TXN_39116,USER_3121,244.15,1.0,100,1
TXN_43888,USER_4492,8.84,1.0,100,1
TXN_21173,USER_4822,62.5,1.0,100,1
TXN_1439,USER_9920,29.26,1.0,100,1
TXN_20014,USER_5793,87.54,1.0,100,1
TXN_2466,USER_5577,165.67,1.0,100,1
TXN_22480,USER_5296,9.93,1.0,100,1
TXN_41402,USER_7502,29.69,1.0,100,1
TXN_3055,USER_8866,11.39,1.0,100,1
TXN_2682,USER_8730,28.59,1.0,100,1
TXN_34640,USER_1312,27.25,1.0,100,1
TXN_11346,USER_4827,33.23,1.0,100,1
TXN_44170,USER_6554,169.72,1.0,100,1
TXN_5767,USER_3429,148.1,1.0,100,1
TXN_13898,USER_3919,79.67,1.0,100,1
TXN_1913,USER_4292,164.46,1.0,100,1
TXN_27068,USER_3665,23.65,1.0,100,1
TXN_1942,USER_1163,473.47,1.0,100,1
TXN_20388,USER_1822,155.16,1.0,100,1
TXN_47748,USER_4512,85.9,1.0,100,1
TXN_48546,USER_7868,46.55,1.0,100,1
TXN_39899,USER_8540,25.03,1.0,100,1
TXN_19995,USER_4558,88.94,1.0,100,1
TXN_46213,USER_6590,68.57,1.0,100,1
TXN_31036,USER_9105,220.67,1.0,100,1
TXN_23466,USER_5527,25.19,1.0,100,1
TXN_38534,USER_2741,102.37,1.0,100,1
TXN_44198,USER_4474,255.7,1.0,100,1
TXN_13665,USER_2878,174.2,1.0,100,1
TXN_32500,USER_6116,9.66,1.0,100,1
TXN_20542,USER_4558,56.6,1.0,100,1
TXN_32695,USER_9371,93.15,1.0,100,1
TXN_11025,USER_9877,118.98,1.0,100,1
TXN_10169,USER_8956,4.89,1.0,100,1
TXN_17116,USER_3238,52.53,1.0,100,1
TXN_36744,USER_5776,128.1,1.0,100,1
TXN_24760,USER_2836,328.55,1.0,100,1
TXN_997,USER_5926,240.57,1.0,100,1
TXN_29751,USER_2505,317.94,1.0,100,1
TXN_7440,USER_8727,103.78,1.0,100,1
TXN_28779,USER_2596,110.1,1.0,100,1
TXN_10196,USER_2945,15.41,1.0,100,1
TXN_7897,USER_9903,67.37,1.0,100,1
TXN_29811,USER_3072,475.18,1.0,100,1
TXN_32539,USER_7962,243.55,1.0,100,1
TXN_23645,USER_2002,4.87,1.0,100,1
TXN_10857,USER_1045,19.82,1.0,100,1
TXN_13580,USER_7124,140.32,1.0,100,1
TXN_42842,USER_3852,237.58,1.0,100,1
TXN_12211,USER_9512,65.45,1.0,100,1
TXN_1778,USER_7704,39.49,1.0,100,1
TXN_38761,USER_6792,58.39,1.0,100,1
TXN_29742,USER_8280,45.13,1.0,100,1
TXN_47429,USER_5391,97.78,1.0,100,1
TXN_17349,USER_1744,82.58,1.0,100,1
TXN_34296,USER_7396,74.32,1.0,100,1
TXN_35744,USER_4793,77.79,1.0,100,1
TXN_6387,USER_3722,42.87,1.0,100,1
TXN_29605,USER_2858,32.83,1.0,100,1
TXN_39137,USER_3792,161.29,1.0,100,1
TXN_49398,USER_2700,140.02,1.0,100,1
TXN_16167,USER_6179,139.66,1.0,100,1
TXN_12439,USER_7074,147.91,1.0,100,1
TXN_45357,USER_5670,32.38,1.0,100,1
TXN_28440,USER_7265,264.87,1.0,100,1
TXN_15330,USER_8870,46.46,1.0,100,1
TXN_35523,USER_7367,89.11,1.0,100,1
TXN_41713,USER_3806,92.19,1.0,100,1
TXN_17105,USER_6938,322.61,1.0,100,1
TXN_37602,USER_6609,62.98,1.0,100,1
TXN_12502,USER_7707,230.8,1.0,100,1
TXN_40513,USER_8038,127.75,1.0,100,1
TXN_3736,USER_7644,69.29,1.0,100,1
TXN_46999,USER_3933,218.69,1.0,100,1
TXN_21087,USER_2940,52.61,1.0,100,1
TXN_36820,USER_6864,45.51,1.0,100,1
TXN_24220,USER_3864,7.85,1.0,100,1
TXN_9387,USER_7676,9.05,1.0,100,1
TXN_48221,USER_2102,499.89,1.0,100,1
TXN_20011,USER_8076,40.49,1.0,100,1
TXN_36818,USER_7637,38.55,1.0,100,1
TXN_18688,USER_1454,17.21,1.0,100,1
TXN_2056,USER_4537,144.96,1.0,100,1
TXN_886,USER_2865,101.1,1.0,100,1
TXN_47181,USER_9103,11.61,1.0,100,1
TXN_42596,USER_7277,204.88,1.0,100,1
TXN_42437,USER_8350,37.41,1.0,100,1
TXN_23546,USER_3408,11.51,1.0,100,1
TXN_38917,USER_7765,2.88,1.0,100,1
TXN_41169,USER_8271,271.7,1.0,100,1
TXN_26924,USER_7169,49.14,1.0,100,1
TXN_38582,USER_6618,101.59,1.0,100,1
TXN_4096,USER_7995,9.65,1.0,100,1
TXN_39980,USER_6327,31.15,1.0,100,1
TXN_38742,USER_2959,73.91,1.0,100,1
TXN_21509,USER_5736,4.08,1.0,100,1
TXN_14662,USER_4415,45.91,1.0,100,1
TXN_48779,USER_3332,60.32,1.0,100,1
TXN_48160,USER_9645,32.76,1.0,100,1
TXN_15203,USER_2217,114.76,1.0,100,1
TXN_34818,USER_4815,13.87,1.0,100,1
TXN_38336,USER_1236,17.02,1.0,100,1
TXN_22244,USER_9454,42.93,1.0,100,1
TXN_36741,USER_5120,359.48,1.0,100,1
TXN_20138,USER_8473,57.77,1.0,100,1
TXN_38947,USER_9898,25.9,1.0,100,1
TXN_47708,USER_8846,102.98,1.0,100,1
TXN_16600,USER_9759,100.3,1.0,100,1
TXN_42123,USER_7566,27.57,1.0,100,1
TXN_18280,USER_3914,56.93,1.0,100,1
TXN_1922,USER_2549,169.79,1.0,100,1
TXN_46684,USER_8031,6.03,1.0,100,1
TXN_8108,USER_2440,3.27,1.0,100,1
TXN_33362,USER_4650,9.18,1.0,100,1
TXN_8212,USER_3750,2.63,1.0,100,1
TXN_31971,USER_8586,67.3,1.0,100,1
TXN_3201,USER_3708,6.86,1.0,100,1
TXN_24346,USER_9418,61.06,1.0,100,1
TXN_45795,USER_5473,128.86,1.0,100,1
TXN_20654,USER_9096,1.55,1.0,100,1
TXN_16878,USER_3832,79.13,1.0,100,1
TXN_49426,USER_8542,13.94,1.0,100,1
TXN_40704,USER_9452,54.32,1.0,100,1
TXN_39904,USER_8765,2.99,1.0,100,1
TXN_40133,USER_9528,9.76,1.0,100,1
TXN_33431,USER_9694,6.09,1.0,100,1
TXN_37476,USER_6112,64.21,1.0,100,1
TXN_25936,USER_5452,60.2,1.0,100,1
TXN_17729,USER_3998,21.84,1.0,100,1
TXN_28204,USER_6413,68.06,1.0,100,1
TXN_9814,USER_9674,107.21,1.0,100,1
TXN_11218,USER_8381,23.78,1.0,100,1
TXN_6055,USER_4945,291.79,1.0,100,1
TXN_33729,USER_8797,152.97,1.0,100,1
TXN_6007,USER_6648,294.54,1.0,100,1
TXN_25350,USER_9947,127.4,1.0,100,1
TXN_28000,USER_1503,54.47,1.0,100,1
TXN_30383,USER_4470,73.8,1.0,100,1
TXN_24855,USER_7040,144.62,1.0,100,1
TXN_4841,USER_3038,187.37,1.0,100,1
TXN_26918,USER_3041,3.63,1.0,100,1
TXN_32250,USER_6904,224.93,1.0,100,1
TXN_39720,USER_6432,54.7,1.0,100,1
TXN_23813,USER_6057,176.59,1.0,100,1
TXN_14988,USER_3569,8.16,1.0,100,1
TXN_2940,USER_5213,33.5,1.0,100,1
TXN_46261,USER_4945,89.27,1.0,100,1
TXN_12262,USER_5468,38.62,1.0,100,1
TXN_6961,USER_5213,26.58,1.0,100,1
TXN_6822,USER_9067,125.2,1.0,100,1
TXN_25968,USER_3735,144.39,1.0,100,1
TXN_42147,USER_7783,56.33,1.0,100,1
TXN_46170,USER_9777,74.5,1.0,100,1
TXN_3098,USER_5444,44.23,1.0,100,1
TXN_44405,USER_6120,292.62,1.0,100,1
TXN_9492,USER_6247,23.56,1.0,100,1
TXN_35421,USER_1447,19.23,1.0,100,1
TXN_1454,USER_1001,159.85,1.0,100,1
TXN_11517,USER_9825,51.07,1.0,100,1
TXN_16876,USER_4960,80.31,1.0,100,1
TXN_8266,USER_8768,58.4,1.0,100,1
TXN_11183,USER_2003,177.99,1.0,100,1
TXN_41236,USER_5969,150.19,1.0,100,1
TXN_23940,USER_2019,132.59,1.0,100,1
TXN_25685,USER_1387,898.8,1.0,100,1
TXN_47602,USER_7960,67.83,1.0,100,1
TXN_36996,USER_5851,70.56,1.0,100,1
TXN_41006,USER_4919,231.67,1.0,100,1
TXN_19726,USER_7588,144.97,1.0,100,1
TXN_16350,USER_3946,323.52,1.0,100,1
TXN_17769,USER_7212,33.59,1.0,100,1
TXN_17326,USER_6492,214.39,1.0,100,1
TXN_36048,USER_6473,396.12,1.0,100,1
TXN_26199,USER_5861,73.25,1.0,100,1
TXN_49872,USER_6227,523.28,1.0,100,1
TXN_31346,USER_1180,11.61,1.0,100,1
TXN_11588,USER_6608,20.93,1.0,100,1
TXN_2016,USER_5285,197.32,1.0,100,1
TXN_43794,USER_5360,12.79,1.0,100,1
TXN_1773,USER_6472,109.98,1.0,100,1
TXN_48119,USER_9523,33.88,1.0,100,1
TXN_25594,USER_3712,160.47,1.0,100,1
TXN_26118,USER_5978,147.99,1.0,100,1
TXN_868,USER_2202,260.69,1.0,100,1
TXN_21246,USER_8526,60.28,1.0,100,1
TXN_16254,USER_6835,347.05,1.0,100,1
TXN_34512,USER_9250,231.93,1.0,100,1
TXN_45565,USER_1750,236.42,1.0,100,1
TXN_43736,USER_7361,219.94,1.0,100,1
TXN_42000,USER_5424,27.65,1.0,100,1
TXN_21050,USER_9294,13.58,1.0,100,1
TXN_4820,USER_4261,18.58,1.0,100,1
TXN_27631,USER_6467,108.7,1.0,100,1
TXN_34617,USER_8471,165.93,1.0,100,1
TXN_13587,USER_2238,100.76,1.0,100,1
TXN_6840,USER_2387,172.0,1.0,100,1
TXN_31440,USER_2006,18.99,1.0,100,1
TXN_23925,USER_8352,108.17,1.0,100,1
TXN_26549,USER_4727,5.86,1.0,100,1
TXN_10518,USER_3708,141.34,1.0,100,1
TXN_19207,USER_2573,157.84,1.0,100,1
TXN_42158,USER_3572,126.84,1.0,100,1
TXN_30104,USER_7008,251.82,1.0,100,1
TXN_3664,USER_4340,208.29,1.0,100,1
TXN_28190,USER_1598,29.05,1.0,100,1
TXN_38806,USER_1579,118.49,1.0,100,1
TXN_18996,USER_7157,169.4,1.0,100,1
TXN_6047,USER_1172,118.36,1.0,100,1
TXN_48588,USER_8690,120.57,1.0,100,1
TXN_30823,USER_9943,157.27,1.0,100,1
TXN_35335,USER_3865,51.46,1.0,100,1
TXN_10190,USER_3570,229.67,1.0,100,1
TXN_7377,USER_1873,2.56,1.0,100,1
TXN_32576,USER_4827,223.5,1.0,100,1
TXN_21996,USER_4039,377.72,1.0,100,1
TXN_45488,USER_2604,123.23,1.0,100,1
TXN_722,USER_1302,270.44,1.0,100,1
TXN_17533,USER_6737,92.66,1.0,100,1
TXN_3952,USER_8579,42.05,1.0,100,1
TXN_31876,USER_5204,14.98,1.0,100,1
TXN_14817,USER_9697,144.47,1.0,100,1
TXN_9759,USER_9798,61.5,1.0,100,1
TXN_47466,USER_9352,130.57,1.0,100,1
TXN_26926,USER_2613,26.16,1.0,100,1
TXN_47637,USER_7622,130.97,1.0,100,1
TXN_39807,USER_9435,142.93,1.0,100,1
TXN_36394,USER_4820,225.27,1.0,100,1
TXN_16568,USER_9064,85.32,1.0,100,1
TXN_8031,USER_4775,68.73,1.0,100,1
TXN_25669,USER_2338,32.29,1.0,100,1
TXN_37367,USER_3860,155.95,1.0,100,1
TXN_34986,USER_9612,87.28,1.0,100,1
TXN_26058,USER_5189,66.14,1.0,100,1
TXN_8062,USER_5431,153.41,1.0,100,1
TXN_31481,USER_3994,30.21,1.0,100,1
TXN_944,USER_7456,47.92,1.0,100,1
TXN_18130,USER_3257,0.41,1.0,100,1
TXN_9751,USER_3063,83.87,1.0,100,1
TXN_4597,USER_3158,17.64,1.0,100,1
TXN_37304,USER_6516,0.6,1.0,100,1
TXN_39929,USER_7566,4.7,1.0,100,1
TXN_33071,USER_1131,9.56,1.0,100,1
TXN_38818,USER_4130,101.21,1.0,100,1
TXN_5024,USER_3933,169.34,1.0,100,1
TXN_12569,USER_6891,5.9,1.0,100,1
TXN_43868,USER_6521,1.9,1.0,100,1
TXN_47053,USER_3594,106.98,1.0,100,1
TXN_19748,USER_2916,196.54,1.0,100,1
TXN_8884,USER_4146,82.05,1.0,100,1
TXN_21946,USER_5223,21.83,1.0,100,1
TXN_3925,USER_2234,2.81,1.0,100,1
TXN_25717,USER_7754,18.52,1.0,100,1
TXN_9797,USER_2931,120.97,1.0,100,1
TXN_41158,USER_8814,156.46,1.0,100,1
TXN_35338,USER_8782,34.69,1.0,100,1
TXN_44106,USER_6926,86.26,1.0,100,1
TXN_40612,USER_5112,81.72,1.0,100,1
TXN_14404,USER_9550,144.09,1.0,100,1
TXN_48069,USER_3483,2.1,1.0,100,1
TXN_567,USER_8575,13.28,1.0,100,1
TXN_19703,USER_3152,66.08,1.0,100,1
TXN_18704,USER_5345,223.57,1.0,100,1
TXN_39572,USER_3958,102.88,1.0,100,1
TXN_16740,USER_6668,60.27,1.0,100,1
TXN_42573,USER_1654,3.08,1.0,100,1
TXN_40006,USER_4221,147.36,1.0,100,1
TXN_21507,USER_9849,172.05,1.0,100,1
TXN_41567,USER_6856,26.0,1.0,100,1
TXN_20593,USER_8728,41.56,1.0,100,1
TXN_38980,USER_7908,28.16,1.0,100,1
TXN_37570,USER_9946,37.26,1.0,100,1
TXN_6762,USER_9563,4.5,1.0,100,1
TXN_666,USER_8730,96.61,1.0,100,1
TXN_33044,USER_2839,168.13,1.0,100,1
TXN_27883,USER_3750,156.48,1.0,100,1
TXN_34828,USER_2550,264.56,1.0,100,1
TXN_32269,USER_9402,104.8,1.0,100,1
TXN_28391,USER_8088,285.42,1.0,100,1
TXN_2526,USER_4112,35.58,1.0,100,1
TXN_32668,USER_8086,33.72,1.0,100,1
TXN_7257,USER_2353,89.25,1.0,100,1
TXN_36051,USER_4515,109.8,1.0,100,1
TXN_24146,USER_4500,47.1,1.0,100,1
TXN_11802,USER_3303,119.94,1.0,100,1
TXN_47058,USER_9454,9.71,1.0,100,1
TXN_11278,USER_5087,129.31,1.0,100,1
TXN_49840,USER_3856,99.11,1.0,100,1
TXN_13027,USER_7848,41.41,1.0,100,1
TXN_4030,USER_9263,75.8,1.0,100,1
TXN_33289,USER_7307,83.88,1.0,100,1
TXN_34168,USER_7124,17.89,1.0,100,1
TXN_45090,USER_5959,34.29,1.0,100,1
TXN_6579,USER_4677,101.0,1.0,100,1
TXN_20448,USER_7360,41.45,1.0,100,1
TXN_11043,USER_1613,137.03,1.0,100,1
TXN_23016,USER_2924,61.02,1.0,100,1
TXN_17866,USER_6248,31.89,1.0,100,1
TXN_12823,USER_5304,341.26,1.0,100,1
TXN_14690,USER_2502,129.64,1.0,100,1
TXN_44994,USER_8568,138.85,1.0,100,1
TXN_2058,USER_7579,102.57,1.0,100,1
TXN_37884,USER_3174,38.28,1.0,100,1
TXN_8621,USER_8485,231.25,1.0,100,1
TXN_2459,USER_1660,24.67,1.0,100,1
TXN_15419,USER_4171,47.96,1.0,100,1
TXN_43647,USER_5689,128.24,1.0,100,1
TXN_23526,USER_7345,70.32,1.0,100,1
TXN_26785,USER_4992,129.59,1.0,100,1
TXN_21033,USER_1456,8.34,1.0,100,1
TXN_6931,USER_4758,167.2,1.0,100,1
TXN_1091,USER_3969,20.13,1.0,100,1
TXN_260,USER_6895,224.63,1.0,100,1
TXN_24016,USER_3526,26.87,1.0,100,1
TXN_17256,USER_8971,122.22,1.0,100,1
TXN_14455,USER_3938,37.14,1.0,100,1
TXN_39440,USER_8005,55.93,1.0,100,1
TXN_12812,USER_3670,25.76,1.0,100,1
TXN_10060,USER_1260,52.07,1.0,100,1
TXN_20599,USER_9865,90.47,1.0,100,1
TXN_14434,USER_9080,132.42,1.0,100,1
TXN_48254,USER_9668,38.49,1.0,100,1
TXN_35396,USER_8552,47.43,1.0,100,1
TXN_38657,USER_7874,45.1,1.0,100,1
TXN_23142,USER_5789,14.65,1.0,100,1
TXN_19394,USER_6353,75.68,1.0,100,1
TXN_35136,USER_6378,15.22,1.0,100,1
TXN_15290,USER_5509,264.6,1.0,100,1
TXN_3841,USER_8431,134.38,1.0,100,1
TXN_37116,USER_3554,35.83,1.0,100,1
TXN_6060,USER_5934,0.36,1.0,100,1
TXN_49125,USER_8964,111.9,1.0,100,1
TXN_29529,USER_4649,104.32,1.0,100,1
TXN_30262,USER_9979,52.82,1.0,100,1
TXN_41717,USER_8926,276.44,1.0,100,1
TXN_36534,USER_4125,13.84,1.0,100,1
TXN_25037,USER_7599,54.26,1.0,100,1
TXN_13942,USER_9479,20.85,1.0,100,1
TXN_8272,USER_3515,53.71,1.0,100,1
TXN_4694,USER_6930,84.91,1.0,100,1
TXN_29158,USER_5545,44.64,1.0,100,1
TXN_3066,USER_2296,325.65,1.0,100,1
TXN_43984,USER_1188,98.33,1.0,100,1
TXN_39920,USER_5315,19.73,1.0,100,1
TXN_6820,USER_4308,10.9,1.0,100,1
TXN_36210,USER_9992,131.56,1.0,100,1
TXN_47399,USER_3400,56.28,1.0,100,1
TXN_11652,USER_5570,83.46,1.0,100,1
TXN_28180,USER_1242,151.09,1.0,100,1
TXN_48560,USER_7182,239.0,1.0,100,1
TXN_38081,USER_1138,56.01,1.0,100,1
TXN_29764,USER_4566,82.07,1.0,100,1
TXN_32470,USER_2573,40.71,1.0,100,1
TXN_4960,USER_3068,117.54,1.0,100,1
TXN_31126,USER_1424,96.62,1.0,100,1
TXN_22578,USER_7103,97.27,1.0,100,1
TXN_29782,USER_2087,49.63,1.0,100,1
TXN_16979,USER_1766,2.26,1.0,100,1
TXN_56,USER_7873,21.74,1.0,100,1
TXN_31457,USER_4248,20.4,1.0,100,1
TXN_48847,USER_6427,108.47,1.0,100,1
TXN_14866,USER_1891,113.27,1.0,100,1
TXN_3535,USER_8117,23.43,1.0,100,1
TXN_17488,USER_2353,8.16,1.0,100,1
TXN_908,USER_3443,203.73,1.0,100,1
TXN_4617,USER_4346,203.6,1.0,100,1
TXN_815,USER_8041,87.66,1.0,100,1
TXN_26179,USER_2287,152.75,1.0,100,1
TXN_27873,USER_9421,126.1,1.0,100,1
TXN_40820,USER_5159,282.87,1.0,100,1
TXN_29119,USER_3934,184.98,1.0,100,1
TXN_4830,USER_6089,21.81,1.0,100,1
TXN_10489,USER_4360,18.97,1.0,100,1
TXN_20133,USER_3948,134.45,1.0,100,1
TXN_22870,USER_4534,89.22,1.0,100,1
TXN_9862,USER_7578,149.01,1.0,100,1
TXN_17993,USER_2273,63.93,1.0,100,1
TXN_17997,USER_9392,12.98,1.0,100,1
TXN_3679,USER_7539,13.8,1.0,100,1
TXN_9488,USER_9437,47.5,1.0,100,1
TXN_3996,USER_6592,106.65,1.0,100,1
TXN_46598,USER_3217,27.9,1.0,100,1
TXN_31688,USER_1808,333.68,1.0,100,1
TXN_41405,USER_7102,4.87,1.0,100,1
TXN_5624,USER_5620,4.96,1.0,100,1
TXN_8176,USER_4520,57.66,1.0,100,1
TXN_38136,USER_9059,89.3,1.0,100,1
TXN_48955,USER_4369,27.43,1.0,100,1
TXN_41733,USER_2601,0.57,1.0,100,1
TXN_49897,USER_8643,220.07,1.0,100,1
TXN_38697,USER_4548,40.63,1.0,100,1
TXN_7207,USER_5916,63.47,1.0,100,1
TXN_9394,USER_5526,1.99,1.0,100,1
TXN_26974,USER_8285,14.47,1.0,100,1
TXN_46080,USER_4391,238.91,1.0,100,1
TXN_32283,USER_6063,98.31,1.0,100,1
TXN_27453,USER_6986,73.96,1.0,100,1
TXN_25765,USER_9651,41.64,1.0,100,1
TXN_2340,USER_2125,127.78,1.0,100,1
TXN_9243,USER_6289,154.42,1.0,100,1
TXN_10129,USER_3215,53.45,1.0,100,1
TXN_11596,USER_3231,73.39,1.0,100,1
TXN_2654,USER_5340,7.33,1.0,100,1
TXN_34928,USER_7958,81.12,1.0,100,1
TXN_41953,USER_1969,235.19,1.0,100,1
TXN_8933,USER_9656,16.55,1.0,100,1
TXN_32747,USER_8987,138.97,1.0,100,1
TXN_22102,USER_7414,97.16,1.0,100,1
TXN_7820,USER_1446,33.55,1.0,100,1
TXN_9649,USER_5062,53.78,1.0,100,1
TXN_38637,USER_1244,22.2,1.0,100,1
TXN_39906,USER_4406,15.5,1.0,100,1
TXN_10679,USER_8562,120.84,1.0,100,1
TXN_10985,USER_5004,166.68,1.0,100,1
TXN_4861,USER_9890,87.28,1.0,100,1
TXN_3060,USER_8186,15.46,1.0,100,1
TXN_22597,USER_5444,73.6,1.0,100,1
TXN_33615,USER_7142,6.38,1.0,100,1
TXN_48770,USER_5439,21.95,1.0,100,1
TXN_21175,USER_2716,13.9,1.0,100,1
TXN_12314,USER_4413,128.09,1.0,100,1
TXN_1949,USER_6887,76.0,1.0,100,1
TXN_14456,USER_3626,69.64,1.0,100,1
TXN_21140,USER_8786,111.98,1.0,100,1
TXN_18185,USER_6817,21.59,1.0,100,1
TXN_37924,USER_8069,112.12,1.0,100,1
TXN_21845,USER_6136,39.61,1.0,100,1
TXN_37657,USER_1198,29.46,1.0,100,1
TXN_30203,USER_5768,79.36,1.0,100,1
TXN_46365,USER_9807,10.42,1.0,100,1
TXN_48353,USER_4428,35.79,1.0,100,1
TXN_21183,USER_7704,40.56,1.0,100,1
TXN_8776,USER_1296,105.79,1.0,100,1
TXN_4327,USER_9975,202.5,1.0,100,1
TXN_7614,USER_4148,36.71,1.0,100,1
TXN_47405,USER_2514,33.8,1.0,100,1
TXN_1415,USER_5473,103.29,1.0,100,1
TXN_33529,USER_4847,28.92,1.0,100,1
TXN_12511,USER_3928,11.09,1.0,100,1
TXN_16065,USER_6644,85.12,1.0,100,1
TXN_38829,USER_1718,277.37,1.0,100,1
TXN_21101,USER_7516,94.46,1.0,100,1
TXN_34948,USER_2997,44.9,1.0,100,1
TXN_48147,USER_6197,108.15,1.0,100,1
TXN_7035,USER_4548,26.4,1.0,100,1
TXN_21071,USER_3784,6.64,1.0,100,1
TXN_20243,USER_1147,66.87,1.0,100,1
TXN_19659,USER_6239,95.79,1.0,100,1
TXN_31403,USER_6606,24.85,1.0,100,1
TXN_21424,USER_4769,38.34,1.0,100,1
TXN_49451,USER_6132,139.24,1.0,100,1
TXN_3259,USER_5173,145.13,1.0,100,1
TXN_33370,USER_6179,123.64,1.0,100,1
TXN_36295,USER_9795,44.67,1.0,100,1
TXN_20927,USER_4786,11.14,1.0,100,1
TXN_26666,USER_1025,261.14,1.0,100,1
TXN_41610,USER_5968,109.7,1.0,100,1
TXN_34433,USER_3603,31.7,1.0,100,1
TXN_25714,USER_8305,520.61,1.0,100,1
TXN_2552,USER_7993,67.61,1.0,100,1
TXN_35224,USER_4021,227.92,1.0,100,1
TXN_13546,USER_3415,287.52,1.0,100,1
TXN_6805,USER_5939,14.93,1.0,100,1
TXN_16484,USER_6277,88.09,1.0,100,1
TXN_1018,USER_4054,31.32,1.0,100,1
TXN_17563,USER_6019,22.19,1.0,100,1
TXN_15701,USER_3161,30.99,1.0,100,1
TXN_3536,USER_5729,149.62,1.0,100,1
TXN_29410,USER_7898,6.45,1.0,100,1
TXN_32875,USER_5837,78.91,1.0,100,1
TXN_6877,USER_6551,65.55,1.0,100,1
TXN_32356,USER_9577,88.13,1.0,100,1
TXN_42689,USER_6275,166.53,1.0,100,1
TXN_39948,USER_5029,91.7,1.0,100,1
TXN_39114,USER_3856,103.37,1.0,100,1
TXN_16427,USER_1561,33.2,1.0,100,1
TXN_14167,USER_7590,107.78,1.0,100,1
TXN_17182,USER_2440,2.2,1.0,100,1
TXN_48752,USER_3177,37.43,1.0,100,1
TXN_27018,USER_6338,267.93,1.0,100,1
TXN_35272,USER_3768,111.86,1.0,100,1
TXN_5239,USER_3601,86.29,1.0,100,1
TXN_29323,USER_2172,149.71,1.0,100,1
TXN_49043,USER_3154,76.1,1.0,100,1
TXN_47257,USER_4406,24.72,1.0,100,1
TXN_14497,USER_1944,44.47,1.0,100,1
TXN_45521,USER_6886,79.29,1.0,100,1
TXN_40478,USER_3770,192.29,1.0,100,1
TXN_32009,USER_7144,40.72,1.0,100,1
TXN_16558,USER_9885,6.61,1.0,100,1
TXN_46001,USER_7487,5.14,1.0,100,1
TXN_22082,USER_3293,94.93,1.0,100,1
TXN_12239,USER_1148,254.46,1.0,100,1
TXN_30866,USER_2828,32.76,1.0,100,1
TXN_33717,USER_2025,42.64,1.0,100,1
TXN_34293,USER_8786,76.41,1.0,100,1
TXN_49782,USER_6697,50.36,1.0,100,1
TXN_18643,USER_6779,32.68,1.0,100,1
TXN_44670,USER_2762,151.22,1.0,100,1
TXN_19043,USER_8170,74.05,1.0,100,1
TXN_41181,USER_2699,66.26,1.0,100,1
TXN_20738,USER_1981,257.47,1.0,100,1
TXN_46420,USER_4753,26.06,1.0,100,1
TXN_10164,USER_3060,37.13,1.0,100,1
TXN_24509,USER_8506,122.39,1.0,100,1
TXN_23804,USER_7355,59.72,1.0,100,1
TXN_39747,USER_8904,56.01,1.0,100,1
TXN_14610,USER_2333,71.66,1.0,100,1
TXN_12521,USER_6310,281.2,1.0,100,1
TXN_21740,USER_7799,22.58,1.0,100,1
TXN_25230,USER_5171,28.62,1.0,100,1
TXN_32670,USER_6684,1.55,1.0,100,1
TXN_6050,USER_4959,97.41,1.0,100,1
TXN_26519,USER_5675,57.09,1.0,100,1
TXN_3869,USER_1191,454.48,1.0,100,1
TXN_15447,USER_5711,92.98,1.0,100,1
TXN_23446,USER_7475,15.8,1.0,100,1
TXN_41845,USER_9097,38.98,1.0,100,1
TXN_10220,USER_1465,6.05,1.0,100,1
TXN_28208,USER_1782,28.25,1.0,100,1
TXN_7444,USER_1818,54.36,1.0,100,1
TXN_10537,USER_1942,69.84,1.0,100,1
TXN_43011,USER_5351,11.22,1.0,100,1
TXN_23402,USER_1719,35.43,1.0,100,1
TXN_6057,USER_8746,49.56,1.0,100,1
TXN_43738,USER_4916,68.73,1.0,100,1
TXN_23259,USER_6888,292.01,1.0,100,1
TXN_4267,USER_4164,120.75,1.0,100,1
TXN_24036,USER_6032,45.72,1.0,100,1
TXN_39014,USER_6753,5.13,1.0,100,1
TXN_2419,USER_7999,43.53,1.0,100,1
TXN_39084,USER_7124,119.81,1.0,100,1
TXN_28020,USER_9403,112.32,1.0,100,1
TXN_38459,USER_4252,44.9,1.0,100,1
TXN_15765,USER_9611,16.81,1.0,100,1
TXN_40641,USER_2974,327.25,1.0,100,1
TXN_46211,USER_6341,74.92,1.0,100,1
TXN_4746,USER_4956,7.3,1.0,100,1
TXN_2999,USER_2102,45.11,1.0,100,1
TXN_45707,USER_8986,72.13,1.0,100,1
TXN_30898,USER_5452,10.44,1.0,100,1
TXN_9705,USER_8795,32.11,1.0,100,1
TXN_25544,USER_5018,350.01,1.0,100,1
TXN_16078,USER_9989,358.13,1.0,100,1
TXN_7410,USER_4064,136.15,1.0,100,1
TXN_39344,USER_2565,90.97,1.0,100,1
TXN_31159,USER_3097,13.01,1.0,100,1
TXN_36366,USER_6440,36.23,1.0,100,1
TXN_29090,USER_1513,216.9,1.0,100,1
TXN_47258,USER_3952,121.44,1.0,100,1
TXN_37018,USER_5152,29.43,1.0,100,1
TXN_16498,USER_9430,5.41,1.0,100,1
TXN_25568,USER_3397,77.6,1.0,100,1
TXN_1041,USER_7035,77.04,1.0,100,1
TXN_45835,USER_2575,37.54,1.0,100,1
TXN_23482,USER_7995,35.95,1.0,100,1
TXN_21781,USER_9652,11.41,1.0,100,1
TXN_16924,USER_2943,76.79,1.0,100,1
TXN_16407,USER_4043,88.91,1.0,100,1
TXN_49563,USER_8986,66.43,1.0,100,1
TXN_2347,USER_8833,20.91,1.0,100,1
TXN_15611,USER_1293,234.36,1.0,100,1
TXN_16991,USER_4768,9.23,1.0,100,1
TXN_40682,USER_3934,44.23,1.0,100,1
TXN_21957,USER_5236,10.96,1.0,100,1
TXN_634,USER_4419,31.48,1.0,100,1
TXN_14340,USER_2579,81.44,1.0,100,1
TXN_29058,USER_2730,7.27,1.0,100,1
TXN_36157,USER_4643,341.17,1.0,100,1
TXN_43300,USER_6522,72.36,1.0,100,1
TXN_27360,USER_7071,51.56,1.0,100,1
TXN_37805,USER_3029,3.62,1.0,100,1
TXN_13453,USER_2002,7.45,1.0,100,1
TXN_47888,USER_1514,77.76,1.0,100,1
TXN_32849,USER_1196,63.37,1.0,100,1
TXN_47360,USER_6523,9.06,1.0,100,1
TXN_19422,USER_4301,22.53,1.0,100,1
TXN_35613,USER_6015,55.89,1.0,100,1
TXN_2274,USER_1781,81.65,1.0,100,1
TXN_20044,USER_3555,41.51,1.0,100,1
TXN_33836,USER_3078,52.47,1.0,100,1
TXN_10928,USER_2679,35.23,1.0,100,1
TXN_21213,USER_3024,81.96,1.0,100,1
TXN_10411,USER_2558,369.37,1.0,100,1
TXN_29714,USER_9155,9.89,1.0,100,1
TXN_27759,USER_9747,233.73,1.0,100,1
TXN_26844,USER_5170,21.13,1.0,100,1
TXN_17732,USER_5133,19.19,1.0,100,1
TXN_5289,USER_5846,45.05,1.0,100,1
TXN_35801,USER_8937,265.72,1.0,100,1
TXN_44540,USER_9005,110.72,1.0,100,1
TXN_27144,USER_4911,17.52,1.0,100,1
TXN_14179,USER_9053,140.45,1.0,100,1
TXN_48348,USER_4039,64.7,1.0,100,1
TXN_23949,USER_2635,31.13,1.0,100,1
TXN_45642,USER_2376,30.96,1.0,100,1
TXN_14676,USER_2146,331.88,1.0,100,1
TXN_15066,USER_1293,27.37,1.0,100,1
TXN_46500,USER_3147,66.98,1.0,100,1
TXN_16800,USER_1972,77.34,1.0,100,1
TXN_1421,USER_2763,351.64,1.0,100,1
TXN_255,USER_2045,2.79,1.0,100,1
TXN_8744,USER_9741,8.23,1.0,100,1
TXN_2260,USER_4750,71.22,1.0,100,1
TXN_347,USER_5869,115.34,1.0,100,1
TXN_47582,USER_4321,228.06,1.0,100,1
TXN_43625,USER_4925,201.55,1.0,100,1
TXN_6398,USER_2129,55.2,1.0,100,1
TXN_17939,USER_5100,539.81,1.0,100,1
TXN_36,USER_9838,176.82,1.0,100,1
TXN_18171,USER_4613,3.68,1.0,100,1
TXN_32761,USER_3942,109.54,1.0,100,1
TXN_49559,USER_2259,26.84,1.0,100,1
TXN_8065,USER_4811,47.68,1.0,100,1
TXN_29873,USER_9493,152.72,1.0,100,1
TXN_26470,USER_2513,95.86,1.0,100,1
TXN_11268,USER_1061,164.82,1.0,100,1
TXN_17045,USER_9250,73.23,1.0,100,1
TXN_36665,USER_3605,159.07,1.0,100,1
TXN_34937,USER_8939,190.47,1.0,100,1
TXN_34283,USER_8729,44.26,1.0,100,1
TXN_16958,USER_2783,1.92,1.0,100,1
TXN_19928,USER_1349,15.93,1.0,100,1
TXN_25378,USER_3318,4.39,1.0,100,1
TXN_26246,USER_1188,11.11,1.0,100,1
TXN_12807,USER_5622,266.26,1.0,100,1
TXN_6302,USER_6009,110.89,1.0,100,1
TXN_10686,USER_3029,9.64,1.0,100,1
TXN_37449,USER_1805,32.97,1.0,100,1
TXN_7494,USER_1583,18.22,1.0,100,1
TXN_20422,USER_6723,74.55,1.0,100,1
TXN_9244,USER_3422,57.02,1.0,100,1
TXN_33481,USER_1179,58.7,1.0,100,1
TXN_41122,USER_3352,78.22,1.0,100,1
TXN_22159,USER_1908,259.37,1.0,100,1
TXN_20092,USER_4573,67.84,1.0,100,1
TXN_23243,USER_6665,73.88,1.0,100,1
TXN_30505,USER_4886,68.34,1.0,100,1
TXN_28555,USER_9260,18.34,1.0,100,1
TXN_45516,USER_5109,4.85,1.0,100,1
TXN_27659,USER_8500,216.45,1.0,100,1
TXN_38703,USER_3128,43.78,1.0,100,1
TXN_42912,USER_8135,258.37,1.0,100,1
TXN_14633,USER_7710,151.53,1.0,100,1
TXN_49625,USER_9011,67.05,1.0,100,1
TXN_35590,USER_4974,70.54,1.0,100,1
TXN_7641,USER_8146,209.47,1.0,100,1
TXN_1257,USER_1824,25.46,1.0,100,1
TXN_28757,USER_4689,70.11,1.0,100,1
TXN_4858,USER_7219,54.0,1.0,100,1
TXN_25294,USER_8796,54.21,1.0,100,1
TXN_41349,USER_8297,122.08,1.0,100,1
TXN_24561,USER_4266,54.73,1.0,100,1
TXN_19340,USER_3734,30.44,1.0,100,1
TXN_32642,USER_4959,121.83,1.0,100,1
TXN_47709,USER_6385,32.19,1.0,100,1
TXN_5392,USER_2552,2.44,1.0,100,1
TXN_49086,USER_6225,429.16,1.0,100,1
TXN_19184,USER_8521,71.77,1.0,100,1
TXN_42189,USER_1493,166.83,1.0,100,1
TXN_15052,USER_6073,232.3,1.0,100,1
TXN_6044,USER_4957,130.95,1.0,100,1
TXN_17274,USER_8890,25.51,1.0,100,1
TXN_17572,USER_8728,63.24,1.0,100,1
TXN_25965,USER_6919,138.0,1.0,100,1
TXN_49199,USER_4201,2.35,1.0,100,1
TXN_17920,USER_4073,16.15,1.0,100,1
TXN_41665,USER_2648,29.54,1.0,100,1
TXN_1894,USER_7488,102.21,1.0,100,1
TXN_40259,USER_2735,36.38,1.0,100,1
TXN_15439,USER_9736,18.91,1.0,100,1
TXN_29882,USER_4645,189.26,1.0,100,1
TXN_32543,USER_9871,74.67,1.0,100,1
TXN_27315,USER_4423,304.16,1.0,100,1
TXN_48375,USER_3169,93.02,1.0,100,1
TXN_11322,USER_1104,4.86,1.0,100,1
TXN_4276,USER_2764,112.91,1.0,100,1
TXN_27742,USER_1689,234.23,1.0,100,1
TXN_442,USER_6988,168.32,1.0,100,1
TXN_37145,USER_3933,30.83,1.0,100,1
TXN_7058,USER_5613,305.36,1.0,100,1
TXN_42349,USER_5866,36.53,1.0,100,1
TXN_562,USER_9120,26.87,1.0,100,1
TXN_20951,USER_2540,20.44,1.0,100,1
TXN_28351,USER_9502,26.77,1.0,100,1
TXN_49801,USER_9691,43.69,1.0,100,1
TXN_46351,USER_9737,31.85,1.0,100,1
TXN_19249,USER_7764,21.41,1.0,100,1
TXN_8656,USER_8388,126.62,1.0,100,1
TXN_42428,USER_3803,40.99,1.0,100,1
TXN_32833,USER_9551,95.51,1.0,100,1
TXN_47829,USER_9221,52.14,1.0,100,1
TXN_48662,USER_7497,11.21,1.0,100,1
TXN_14986,USER_6577,23.84,1.0,100,1
TXN_7960,USER_5611,251.59,1.0,100,1
TXN_17821,USER_3413,126.79,1.0,100,1
TXN_27258,USER_7596,171.46,1.0,100,1
TXN_22731,USER_6439,11.59,1.0,100,1
TXN_13311,USER_5996,45.26,1.0,100,1
TXN_5097,USER_9881,80.95,1.0,100,1
TXN_39913,USER_3687,285.75,1.0,100,1
TXN_18738,USER_1240,87.13,1.0,100,1
TXN_29317,USER_3711,81.29,1.0,100,1
TXN_40087,USER_7807,198.25,1.0,100,1
TXN_17494,USER_7864,259.07,1.0,100,1
TXN_38665,USER_1204,186.78,1.0,100,1
TXN_48504,USER_9242,135.19,1.0,100,1
TXN_4027,USER_4308,123.43,1.0,100,1
TXN_21448,USER_8430,205.05,1.0,100,1
TXN_5938,USER_7673,24.17,1.0,100,1
TXN_13406,USER_6280,6.5,1.0,100,1
TXN_37621,USER_5430,117.85,1.0,100,1
TXN_28879,USER_6217,269.0,1.0,100,1
TXN_43795,USER_2980,89.16,1.0,100,1
TXN_11228,USER_4751,108.6,1.0,100,1
TXN_16059,USER_4236,156.52,1.0,100,1
TXN_25395,USER_1753,91.28,1.0,100,1
TXN_13273,USER_9817,327.61,1.0,100,1
TXN_5113,USER_2391,24.36,1.0,100,1
TXN_47769,USER_5221,15.72,1.0,100,1
TXN_29958,USER_3690,45.31,1.0,100,1
TXN_17145,USER_3165,58.26,1.0,100,1
TXN_42081,USER_4277,22.0,1.0,100,1
TXN_28900,USER_5893,161.57,1.0,100,1
TXN_5154,USER_8440,145.9,1.0,100,1
TXN_20043,USER_7776,83.6,1.0,100,1
TXN_1525,USER_2712,176.39,1.0,100,1
TXN_41147,USER_1733,23.19,1.0,100,1
TXN_15678,USER_4490,72.56,1.0,100,1
TXN_38725,USER_3354,67.3,1.0,100,1
TXN_5255,USER_9107,510.08,1.0,100,1
TXN_36163,USER_2333,1.63,1.0,100,1
TXN_33971,USER_9013,102.95,1.0,100,1
TXN_47142,USER_7371,173.32,1.0,100,1
TXN_3146,USER_5557,43.35,1.0,100,1
TXN_9046,USER_9737,10.28,1.0,100,1
TXN_23800,USER_6586,168.99,1.0,100,1
TXN_31389,USER_7613,20.58,1.0,100,1
TXN_30346,USER_3071,7.97,1.0,100,1
TXN_22748,USER_6601,15.88,1.0,100,1
TXN_36855,USER_2092,194.32,1.0,100,1
TXN_7607,USER_9959,58.68,1.0,100,1
TXN_12563,USER_2714,233.79,1.0,100,1
TXN_21251,USER_4791,0.44,1.0,100,1
TXN_2722,USER_6867,233.31,1.0,100,1
TXN_35318,USER_9412,158.52,1.0,100,1
TXN_23070,USER_4080,21.48,1.0,100,1
TXN_28523,USER_4023,164.23,1.0,100,1
TXN_493,USER_6334,79.71,1.0,100,1
TXN_29550,USER_3198,201.05,1.0,100,1
TXN_42478,USER_9208,18.25,1.0,100,1
TXN_2886,USER_7361,155.52,1.0,100,1
TXN_39336,USER_1340,92.83,1.0,100,1
TXN_8381,USER_6873,85.15,1.0,100,1
TXN_44153,USER_1785,224.39,1.0,100,1
TXN_29181,USER_5664,349.68,1.0,100,1
TXN_37533,USER_9442,182.51,1.0,100,1
TXN_47557,USER_3939,57.58,1.0,100,1
TXN_29405,USER_4361,53.49,1.0,100,1
TXN_5789,USER_6588,309.37,1.0,100,1
TXN_41936,USER_9592,43.41,1.0,100,1
TXN_7942,USER_3107,165.05,1.0,100,1
TXN_32244,USER_9996,128.28,1.0,100,1
TXN_34229,USER_9173,170.38,1.0,100,1
TXN_28991,USER_6219,3.41,1.0,100,1
TXN_17801,USER_6996,126.67,1.0,100,1
TXN_7358,USER_7777,80.39,1.0,100,1
TXN_47490,USER_2980,169.88,1.0,100,1
TXN_27126,USER_5469,10.95,1.0,100,1
TXN_23131,USER_5848,42.67,1.0,100,1
TXN_47270,USER_8667,38.56,1.0,100,1
TXN_35877,USER_9569,441.94,1.0,100,1
TXN_12482,USER_4613,175.5,1.0,100,1
TXN_33414,USER_6689,33.05,1.0,100,1
TXN_6572,USER_5362,42.47,1.0,100,1
TXN_26972,USER_6408,33.46,1.0,100,1
TXN_32848,USER_5553,101.65,1.0,100,1
TXN_11982,USER_3261,351.95,1.0,100,1
TXN_4008,USER_3828,24.55,1.0,100,1
TXN_16877,USER_1663,138.87,1.0,100,1
TXN_40191,USER_1060,64.33,1.0,100,1
TXN_39402,USER_7480,43.92,1.0,100,1
TXN_4190,USER_7509,210.69,1.0,100,1
TXN_40526,USER_1565,63.01,1.0,100,1
TXN_41851,USER_3421,146.09,1.0,100,1
TXN_799,USER_9915,99.09,1.0,100,1
TXN_28873,USER_1881,51.7,1.0,100,1
TXN_14481,USER_4870,18.91,1.0,100,1
TXN_25411,USER_8160,2.98,1.0,100,1
TXN_21392,USER_2371,61.19,1.0,100,1
TXN_7372,USER_1556,26.87,1.0,100,1
TXN_23697,USER_7876,93.66,1.0,100,1
TXN_47513,USER_6392,96.87,1.0,100,1
TXN_1995,USER_2668,19.19,1.0,100,1
TXN_22414,USER_2646,70.89,1.0,100,1
TXN_42442,USER_2883,76.79,1.0,100,1
TXN_8498,USER_6977,213.82,1.0,100,1
TXN_35798,USER_5535,384.84,1.0,100,1
TXN_8524,USER_1526,37.7,1.0,100,1
TXN_6884,USER_8937,187.37,1.0,100,1
TXN_39578,USER_1995,20.41,1.0,100,1
TXN_23869,USER_6547,43.22,1.0,100,1
TXN_38137,USER_4765,202.68,1.0,100,1
TXN_49183,USER_8221,116.71,1.0,100,1
TXN_47226,USER_4386,23.41,1.0,100,1
TXN_39218,USER_8038,328.85,1.0,100,1
TXN_33158,USER_5247,69.57,1.0,100,1
TXN_28460,USER_3184,48.24,1.0,100,1
TXN_33000,USER_6502,251.31,1.0,100,1
TXN_7634,USER_6387,76.18,1.0,100,1
TXN_11498,USER_7862,160.33,1.0,100,1
TXN_46120,USER_4926,210.1,1.0,100,1
TXN_1391,USER_2980,24.44,1.0,100,1
TXN_14184,USER_3233,82.82,1.0,100,1
TXN_27114,USER_8617,21.15,1.0,100,1
TXN_25019,USER_3019,132.51,1.0,100,1
TXN_45584,USER_6414,43.04,1.0,100,1
TXN_37123,USER_3919,69.54,1.0,100,1
TXN_21942,USER_7731,64.96,1.0,100,1
TXN_22551,USER_5062,72.71,1.0,100,1
TXN_39538,USER_4557,208.66,1.0,100,1
TXN_33966,USER_8219,280.27,1.0,100,1
TXN_22174,USER_1531,37.21,1.0,100,1
TXN_49002,USER_4985,96.57,1.0,100,1
TXN_20704,USER_9704,6.36,1.0,100,1
TXN_28702,USER_5783,27.11,1.0,100,1
TXN_29754,USER_1209,26.8,1.0,100,1
TXN_13418,USER_4545,3.11,1.0,100,1
TXN_18402,USER_7773,46.33,1.0,100,1
TXN_2314,USER_1282,33.35,1.0,100,1
TXN_12288,USER_2865,167.12,1.0,100,1
TXN_45439,USER_8023,29.39,1.0,100,1
TXN_26797,USER_8620,115.84,1.0,100,1
TXN_14780,USER_8872,36.98,1.0,100,1
TXN_37905,USER_3292,198.04,1.0,100,1
TXN_33359,USER_1064,124.56,1.0,100,1
TXN_7855,USER_6344,14.28,1.0,100,1
TXN_8625,USER_1716,160.21,1.0,100,1
TXN_31218,USER_6731,106.05,1.0,100,1
TXN_26380,USER_2606,4.43,1.0,100,1
TXN_33205,USER_8491,23.51,1.0,100,1
TXN_25135,USER_4371,33.02,1.0,100,1
TXN_38562,USER_1600,163.07,1.0,100,1
TXN_23202,USER_8451,102.49,1.0,100,1
TXN_35096,USER_1514,77.19,1.0,100,1
TXN_9255,USER_7635,22.13,1.0,100,1
TXN_17152,USER_2315,280.96,1.0,100,1
TXN_19464,USER_1493,123.76,1.0,100,1
TXN_30413,USER_6513,52.29,1.0,100,1
TXN_31541,USER_1092,119.81,1.0,100,1
TXN_8009,USER_6121,249.07,1.0,100,1
TXN_29765,USER_1274,32.38,1.0,100,1
TXN_13435,USER_9291,71.17,1.0,100,1
TXN_36135,USER_9030,385.29,1.0,100,1
TXN_8095,USER_4026,237.03,1.0,100,1
TXN_21468,USER_4005,21.49,1.0,100,1
TXN_27073,USER_6151,55.28,1.0,100,1
TXN_46096,USER_6878,3.19,1.0,100,1
TXN_1160,USER_3421,95.46,1.0,100,1
TXN_18767,USER_2795,106.48,1.0,100,1
TXN_37656,USER_4887,17.12,1.0,100,1
TXN_13248,USER_3562,93.3,1.0,100,1
TXN_36427,USER_2058,6.99,1.0,100,1
TXN_47627,USER_6045,245.64,1.0,100,1
TXN_31476,USER_5680,46.85,1.0,100,1
TXN_7632,USER_8923,44.71,1.0,100,1
TXN_9340,USER_1675,96.03,1.0,100,1
TXN_49887,USER_8096,178.93,1.0,100,1
TXN_42373,USER_2907,292.98,1.0,100,1
TXN_11525,USER_4022,28.28,1.0,100,1
TXN_25463,USER_2830,134.35,1.0,100,1
TXN_48707,USER_2163,156.42,1.0,100,1
TXN_7399,USER_8756,87.05,1.0,100,1
TXN_329,USER_6919,51.21,1.0,100,1
TXN_20622,USER_7322,29.76,1.0,100,1
TXN_20569,USER_4658,200.71,1.0,100,1
TXN_4576,USER_5103,64.85,1.0,100,1
TXN_30285,USER_3935,83.51,1.0,100,1
TXN_49336,USER_4684,0.43,1.0,100,1
TXN_4299,USER_2814,115.05,1.0,100,1
TXN_37552,USER_8565,29.91,1.0,100,1
TXN_33927,USER_3946,4.05,1.0,100,1
TXN_26617,USER_5751,124.6,1.0,100,1
TXN_7192,USER_3577,191.54,1.0,100,1
TXN_45556,USER_3841,15.29,1.0,100,1
TXN_44325,USER_1566,16.15,1.0,100,1
TXN_47309,USER_4364,112.05,1.0,100,1
TXN_27916,USER_4203,307.14,1.0,100,1
TXN_39080,USER_4048,59.07,1.0,100,1
TXN_49389,USER_7933,21.64,1.0,100,1
TXN_32349,USER_3890,13.73,1.0,100,1
TXN_25737,USER_3598,134.41,1.0,100,1
TXN_22113,USER_8812,37.5,1.0,100,1
TXN_15588,USER_8643,408.53,1.0,100,1
TXN_20067,USER_3226,148.56,1.0,100,1
TXN_31205,USER_6113,226.74,1.0,100,1
TXN_12674,USER_2602,193.06,1.0,100,1
TXN_4535,USER_4866,137.8,1.0,100,1
TXN_43440,USER_7442,25.07,1.0,100,1
TXN_632,USER_5544,42.82,1.0,100,1
TXN_14746,USER_6413,28.48,1.0,100,1
TXN_19285,USER_6391,93.79,1.0,100,1
TXN_9784,USER_7744,77.8,1.0,100,1
TXN_37029,USER_8361,16.52,1.0,100,1
TXN_11219,USER_3072,127.77,1.0,100,1
TXN_20047,USER_4099,78.2,1.0,100,1
TXN_10559,USER_1236,52.08,1.0,100,1
TXN_27050,USER_5798,39.19,1.0,100,1
TXN_35476,USER_5492,197.96,1.0,100,1
TXN_38165,USER_4007,158.37,1.0,100,1
TXN_40560,USER_5111,40.39,1.0,100,1
TXN_23039,USER_5953,147.68,1.0,100,1
TXN_22727,USER_8522,168.81,1.0,100,1
TXN_916,USER_4876,26.24,1.0,100,1
TXN_19517,USER_4472,95.87,1.0,100,1
TXN_35656,USER_7277,32.2,1.0,100,1
TXN_44949,USER_7379,116.4,1.0,100,1
TXN_34263,USER_4115,25.63,1.0,100,1
TXN_44086,USER_7549,254.13,1.0,100,1
TXN_47146,USER_6932,105.28,1.0,100,1
TXN_37271,USER_7364,72.65,1.0,100,1
TXN_11720,USER_6538,15.26,1.0,100,1
TXN_17094,USER_3777,28.84,1.0,100,1
TXN_15150,USER_7097,32.89,1.0,100,1
TXN_35283,USER_2727,123.83,1.0,100,1
TXN_22024,USER_7905,0.4,1.0,100,1
TXN_43885,USER_1734,21.79,1.0,100,1
TXN_34214,USER_2553,81.77,1.0,100,1
TXN_42430,USER_6133,196.46,1.0,100,1
TXN_15471,USER_5487,399.45,1.0,100,1
TXN_41530,USER_7156,127.77,1.0,100,1
TXN_38985,USER_3304,162.21,1.0,100,1
TXN_38440,USER_3531,54.28,1.0,100,1
TXN_42337,USER_4657,240.41,1.0,100,1
TXN_42853,USER_5024,82.6,1.0,100,1
TXN_4001,USER_8678,16.95,1.0,100,1
TXN_23671,USER_3208,183.55,1.0,100,1
TXN_45044,USER_3094,131.81,1.0,100,1
TXN_31212,USER_6164,27.71,1.0,100,1
TXN_39197,USER_1645,0.75,1.0,100,1
TXN_43660,USER_2857,76.82,1.0,100,1
TXN_4019,USER_3696,253.89,1.0,100,1
TXN_33697,USER_7979,9.98,1.0,100,1
TXN_1074,USER_1074,30.85,1.0,100,1
TXN_12878,USER_8025,66.48,1.0,100,1
TXN_15120,USER_4948,68.15,1.0,100,1
TXN_42094,USER_5722,202.33,1.0,100,1
TXN_44167,USER_1857,5.73,1.0,100,1
TXN_37376,USER_2690,50.56,1.0,100,1
TXN_11906,USER_5001,16.27,1.0,100,1
TXN_47485,USER_9469,21.24,1.0,100,1
TXN_13411,USER_3821,30.31,1.0,100,1
TXN_7396,USER_2386,49.51,1.0,100,1
TXN_5241,USER_7080,201.33,1.0,100,1
TXN_11324,USER_1395,97.04,1.0,100,1
TXN_20812,USER_4138,45.16,1.0,100,1
TXN_29669,USER_3686,91.4,1.0,100,1
TXN_42483,USER_6881,158.17,1.0,100,1
TXN_11109,USER_6622,116.42,1.0,100,1
TXN_47792,USER_2250,88.03,1.0,100,1
TXN_31615,USER_4827,57.23,1.0,100,1
TXN_12975,USER_2932,32.11,1.0,100,1
TXN_9341,USER_7668,193.33,1.0,100,1
TXN_44319,USER_2450,61.22,1.0,100,1
TXN_12334,USER_4358,1.77,1.0,100,1
TXN_26548,USER_6805,57.53,1.0,100,1
TXN_43756,USER_9947,155.23,1.0,100,1
TXN_9834,USER_8368,14.21,1.0,100,1
TXN_840,USER_7413,12.23,1.0,100,1
TXN_13873,USER_7479,41.34,1.0,100,1
TXN_43796,USER_2587,37.87,1.0,100,1
TXN_565,USER_6063,15.65,1.0,100,1
TXN_38773,USER_8362,130.53,1.0,100,1
TXN_38658,USER_1869,158.36,1.0,100,1
TXN_45761,USER_3632,58.87,1.0,100,1
TXN_10251,USER_9463,125.21,1.0,100,1
TXN_15700,USER_8307,204.39,1.0,100,1
TXN_13769,USER_6938,154.4,1.0,100,1
TXN_7838,USER_7038,192.37,1.0,100,1
TXN_1509,USER_5644,26.59,1.0,100,1
TXN_23957,USER_3944,116.99,1.0,100,1
TXN_17263,USER_7034,128.72,1.0,100,1
TXN_31587,USER_3462,14.78,1.0,100,1
TXN_26020,USER_2823,54.37,1.0,100,1
TXN_33957,USER_5711,12.17,1.0,100,1
TXN_12751,USER_4107,41.52,1.0,100,1
TXN_9385,USER_2478,197.73,1.0,100,1
TXN_15831,USER_1125,11.35,1.0,100,1
TXN_36870,USER_4289,4.43,1.0,100,1
TXN_39477,USER_9681,75.53,1.0,100,1
TXN_41265,USER_5955,38.75,1.0,100,1
TXN_2460,USER_2348,66.75,1.0,100,1
TXN_4515,USER_1662,97.4,1.0,100,1
TXN_2963,USER_4259,123.49,1.0,100,1
TXN_42743,USER_5664,122.87,1.0,100,1
TXN_32305,USER_5929,222.13,1.0,100,1
TXN_17360,USER_6802,353.82,1.0,100,1
TXN_22666,USER_9187,148.28,1.0,100,1
TXN_16630,USER_3915,217.26,1.0,100,1
TXN_11351,USER_2022,52.21,1.0,100,1
TXN_40615,USER_2089,461.47,1.0,100,1
TXN_7773,USER_2907,224.38,1.0,100,1
TXN_28466,USER_3419,187.15,1.0,100,1
TXN_12501,USER_5145,23.59,1.0,100,1
TXN_2108,USER_6189,0.8,1.0,100,1
TXN_29369,USER_1251,14.75,1.0,100,1
TXN_25818,USER_6066,82.86,1.0,100,1
TXN_26325,USER_4546,63.35,1.0,100,1
TXN_39770,USER_6123,56.28,1.0,100,1
TXN_6131,USER_7240,60.33,1.0,100,1
TXN_37305,USER_9234,161.81,1.0,100,1
TXN_37089,USER_5385,101.6,1.0,100,1
TXN_713,USER_7190,2.3,1.0,100,1
TXN_37361,USER_4621,84.53,1.0,100,1
TXN_20372,USER_7162,20.98,1.0,100,1
TXN_32140,USER_1468,33.97,1.0,100,1
TXN_32544,USER_3669,16.71,1.0,100,1
TXN_47744,USER_2012,107.46,1.0,100,1
TXN_26016,USER_4122,331.95,1.0,100,1
TXN_23984,USER_3187,69.9,1.0,100,1
TXN_432,USER_4267,212.79,1.0,100,1
TXN_43817,USER_9016,15.12,1.0,100,1
TXN_41528,USER_7535,39.06,1.0,100,1
TXN_13936,USER_8108,109.54,1.0,100,1
TXN_12561,USER_3059,100.18,1.0,100,1
TXN_30624,USER_8098,44.1,1.0,100,1
TXN_2107,USER_6110,16.29,1.0,100,1
TXN_19317,USER_8957,102.27,1.0,100,1
TXN_42040,USER_3489,134.72,1.0,100,1
TXN_48798,USER_6594,137.58,1.0,100,1
TXN_38598,USER_6183,179.51,1.0,100,1
TXN_45122,USER_9194,72.52,1.0,100,1
TXN_35774,USER_6078,59.72,1.0,100,1
TXN_24312,USER_9805,46.78,1.0,100,1
TXN_40121,USER_9885,157.25,1.0,100,1
TXN_13879,USER_9954,154.01,1.0,100,1
TXN_18964,USER_9924,91.56,1.0,100,1
TXN_18890,USER_4415,14.01,1.0,100,1
TXN_40227,USER_8279,225.3,1.0,100,1
TXN_30697,USER_1864,14.52,1.0,100,1
TXN_9795,USER_3685,58.79,1.0,100,1
TXN_31042,USER_1193,327.34,1.0,100,1
TXN_11009,USER_3846,79.69,1.0,100,1
TXN_29381,USER_6306,216.34,1.0,100,1
TXN_25287,USER_5840,50.55,1.0,100,1
TXN_2586,USER_8980,243.66,1.0,100,1
TXN_2648,USER_8597,286.76,1.0,100,1
TXN_18101,USER_2948,79.33,1.0,100,1
TXN_17254,USER_1178,97.87,1.0,100,1
TXN_43780,USER_4999,249.32,1.0,100,1
TXN_11735,USER_6467,13.67,1.0,100,1
TXN_33092,USER_1452,11.25,1.0,100,1
TXN_42887,USER_9794,100.86,1.0,100,1
TXN_19797,USER_9736,75.95,1.0,100,1
TXN_44150,USER_1589,148.6,1.0,100,1
TXN_4460,USER_3229,447.86,1.0,100,1
TXN_352,USER_8079,126.78,1.0,100,1
TXN_45661,USER_9239,240.05,1.0,100,1
TXN_47660,USER_7289,161.85,1.0,100,1
TXN_4477,USER_9376,126.71,1.0,100,1
TXN_865,USER_2970,117.27,1.0,100,1
TXN_33371,USER_7598,107.84,1.0,100,1
TXN_38524,USER_9449,106.52,1.0,100,1
TXN_45606,USER_4061,219.57,1.0,100,1
TXN_5192,USER_5567,39.4,1.0,100,1
TXN_48156,USER_2781,40.89,1.0,100,1
TXN_28343,USER_8856,57.53,1.0,100,1
TXN_3770,USER_6232,9.13,1.0,100,1
TXN_1754,USER_9841,149.61,1.0,100,1
TXN_48045,USER_6463,21.55,1.0,100,1
TXN_7378,USER_1298,76.07,1.0,100,1
TXN_41834,USER_6494,43.86,1.0,100,1
TXN_16150,USER_3272,16.77,1.0,100,1
TXN_43322,USER_3628,49.87,1.0,100,1
TXN_38699,USER_7364,623.88,1.0,100,1
TXN_36821,USER_4161,211.17,1.0,100,1
TXN_24853,USER_6196,42.72,1.0,100,1
TXN_47092,USER_1608,270.51,1.0,100,1
TXN_35690,USER_3177,114.35,1.0,100,1
TXN_41482,USER_1453,46.45,1.0,100,1
TXN_49092,USER_8106,165.51,1.0,100,1
TXN_32031,USER_7540,151.33,1.0,100,1
TXN_5958,USER_3241,1.14,1.0,100,1
TXN_41361,USER_7537,101.34,1.0,100,1
TXN_7436,USER_5109,0.15,1.0,100,1
TXN_24544,USER_8156,3.75,1.0,100,1
TXN_44584,USER_7126,16.8,1.0,100,1
TXN_1403,USER_6776,156.31,1.0,100,1
TXN_38636,USER_8134,155.36,1.0,100,1
TXN_39098,USER_9634,53.55,1.0,100,1
TXN_9230,USER_3285,120.41,1.0,100,1
TXN_40706,USER_7306,18.28,1.0,100,1
TXN_29256,USER_8174,186.79,1.0,100,1
TXN_39963,USER_2085,28.8,1.0,100,1
TXN_23761,USER_3361,75.78,1.0,100,1
TXN_17357,USER_4217,16.56,1.0,100,1
TXN_38262,USER_8889,224.76,1.0,100,1
TXN_11317,USER_8493,57.38,1.0,100,1
TXN_40257,USER_6797,126.91,1.0,100,1
TXN_48029,USER_9785,76.37,1.0,100,1
TXN_22228,USER_1500,41.17,1.0,100,1
TXN_45793,USER_6636,120.96,1.0,100,1
TXN_18158,USER_6171,63.22,1.0,100,1
TXN_21823,USER_9298,17.58,1.0,100,1
TXN_1725,USER_7869,45.57,1.0,100,1
TXN_7522,USER_8581,116.99,1.0,100,1
TXN_48416,USER_2296,6.13,1.0,100,1
TXN_24722,USER_2730,105.12,1.0,100,1
TXN_46528,USER_3426,114.57,1.0,100,1
TXN_1409,USER_4633,214.17,1.0,100,1
TXN_8205,USER_1598,15.88,1.0,100,1
TXN_16365,USER_2526,37.8,1.0,100,1
TXN_35758,USER_1203,197.17,1.0,100,1
TXN_1195,USER_4223,27.61,1.0,100,1
TXN_11662,USER_3952,19.62,1.0,100,1
TXN_32161,USER_9963,147.51,1.0,100,1
TXN_909,USER_8783,23.7,1.0,100,1
TXN_22620,USER_1552,24.15,1.0,100,1
TXN_31958,USER_9846,29.09,1.0,100,1
TXN_1506,USER_4665,106.55,1.0,100,1
TXN_35457,USER_9433,31.49,1.0,100,1
TXN_49194,USER_9876,164.19,1.0,100,1
TXN_11663,USER_3126,68.35,1.0,100,1
TXN_6152,USER_1969,17.46,1.0,100,1
TXN_12,USER_7949,293.99,1.0,100,1
TXN_40598,USER_3587,71.9,1.0,100,1
TXN_24256,USER_8510,140.46,1.0,100,1
TXN_49101,USER_1909,78.56,1.0,100,1
TXN_652,USER_5530,433.54,1.0,100,1
TXN_36558,USER_1941,49.2,1.0,100,1
TXN_15659,USER_6432,224.46,1.0,100,1
TXN_22258,USER_7987,82.92,1.0,100,1
TXN_38379,USER_6009,116.02,1.0,100,1
TXN_24843,USER_9121,69.11,1.0,100,1
TXN_5912,USER_9971,109.98,1.0,100,1
TXN_27713,USER_7532,331.74,1.0,100,1
TXN_7187,USER_7941,170.62,1.0,100,1
TXN_32800,USER_8374,15.49,1.0,100,1
TXN_32583,USER_8236,22.97,1.0,100,1
TXN_14408,USER_8097,54.79,1.0,100,1
TXN_22369,USER_6953,127.7,1.0,100,1
TXN_12120,USER_3525,5.31,1.0,100,1
TXN_34311,USER_4670,0.13,1.0,100,1
TXN_48321,USER_7947,20.86,1.0,100,1
TXN_19093,USER_1037,66.65,1.0,100,1
TXN_21605,USER_3057,37.35,1.0,100,1
TXN_48675,USER_9565,51.17,1.0,100,1
TXN_15928,USER_9527,45.6,1.0,100,1
TXN_21274,USER_5075,12.61,1.0,100,1
TXN_41651,USER_7362,1.16,1.0,100,1
TXN_34898,USER_4478,5.88,1.0,100,1
TXN_17276,USER_5118,126.9,1.0,100,1
TXN_10391,USER_6039,33.57,1.0,100,1
TXN_47949,USER_5439,140.22,1.0,100,1
TXN_49053,USER_4951,210.41,1.0,100,1
TXN_47692,USER_7796,25.89,1.0,100,1
TXN_39994,USER_9669,325.36,1.0,100,1
TXN_33725,USER_6893,94.44,1.0,100,1
TXN_7146,USER_3488,125.98,1.0,100,1
TXN_18205,USER_6389,110.24,1.0,100,1
TXN_49595,USER_4931,4.89,1.0,100,1
TXN_21774,USER_9608,210.26,1.0,100,1
TXN_33513,USER_7874,14.86,1.0,100,1
TXN_8749,USER_2883,98.71,1.0,100,1
TXN_17325,USER_9457,285.03,1.0,100,1
TXN_22684,USER_2444,50.76,1.0,100,1
TXN_44168,USER_9729,1.51,1.0,100,1
TXN_2511,USER_5987,111.41,1.0,100,1
TXN_30958,USER_5559,56.75,1.0,100,1
TXN_11294,USER_7110,13.42,1.0,100,1
TXN_27775,USER_9203,11.14,1.0,100,1
TXN_9425,USER_4956,93.28,1.0,100,1
TXN_16091,USER_5674,18.99,1.0,100,1
TXN_20707,USER_7061,129.61,1.0,100,1
TXN_40430,USER_3226,146.33,1.0,100,1
TXN_41154,USER_2785,224.59,1.0,100,1
TXN_49911,USER_1170,24.62,1.0,100,1
TXN_32584,USER_8319,213.81,1.0,100,1
TXN_30418,USER_4901,101.9,1.0,100,1
TXN_11340,USER_2263,51.73,1.0,100,1
TXN_33012,USER_8911,266.52,1.0,100,1
TXN_9597,USER_5295,290.21,1.0,100,1
TXN_25557,USER_7384,33.17,1.0,100,1
TXN_38677,USER_6976,4.13,1.0,100,1
TXN_22686,USER_4402,24.8,1.0,100,1
TXN_23977,USER_6658,8.4,1.0,100,1
TXN_18454,USER_4046,165.39,1.0,100,1
TXN_19230,USER_5062,18.0,1.0,100,1
TXN_42617,USER_7820,32.2,1.0,100,1
TXN_13541,USER_2368,11.77,1.0,100,1
TXN_19551,USER_3864,51.62,1.0,100,1
TXN_19381,USER_6131,85.82,1.0,100,1
TXN_26728,USER_4228,92.07,1.0,100,1
TXN_16713,USER_8859,22.6,1.0,100,1
TXN_1155,USER_1338,106.24,1.0,100,1
TXN_37245,USER_4730,128.43,1.0,100,1
TXN_2317,USER_7629,197.11,1.0,100,1
TXN_36389,USER_3653,40.08,1.0,100,1
TXN_44754,USER_8946,29.1,1.0,100,1
TXN_44771,USER_6301,0.17,1.0,100,1
TXN_43695,USER_7437,300.68,1.0,100,1
TXN_9972,USER_8394,296.95,1.0,100,1
TXN_40541,USER_6665,114.7,1.0,100,1
TXN_24874,USER_2060,30.71,1.0,100,1
TXN_10131,USER_9619,29.83,1.0,100,1
TXN_788,USER_9659,23.76,1.0,100,1
TXN_30897,USER_5496,58.62,1.0,100,1
TXN_2889,USER_7318,84.02,1.0,100,1
TXN_11934,USER_3542,49.75,1.0,100,1
TXN_7612,USER_4346,57.93,1.0,100,1
TXN_27331,USER_5641,99.36,1.0,100,1
TXN_10095,USER_7655,83.4,1.0,100,1
TXN_38066,USER_8432,30.38,1.0,100,1
TXN_43093,USER_2012,293.09,1.0,100,1
TXN_40088,USER_6594,28.56,1.0,100,1
TXN_49203,USER_5653,299.61,1.0,100,1
TXN_29217,USER_7502,135.5,1.0,100,1
TXN_10974,USER_9440,138.68,1.0,100,1
TXN_36490,USER_2521,39.97,1.0,100,1
TXN_34938,USER_6607,68.77,1.0,100,1
TXN_48912,USER_2252,60.19,1.0,100,1
TXN_18000,USER_9100,52.62,1.0,100,1
TXN_13806,USER_8345,126.48,1.0,100,1
TXN_12809,USER_9830,124.36,1.0,100,1
TXN_35524,USER_5699,125.85,1.0,100,1
TXN_32222,USER_4126,198.31,1.0,100,1
TXN_28618,USER_4410,59.77,1.0,100,1
TXN_17352,USER_3930,14.9,1.0,100,1
TXN_43432,USER_4195,67.19,1.0,100,1
TXN_16733,USER_4032,16.53,1.0,100,1
TXN_6696,USER_8734,45.05,1.0,100,1
TXN_42863,USER_8920,352.78,1.0,100,1
TXN_4331,USER_2012,91.44,1.0,100,1
TXN_28549,USER_5410,6.05,1.0,100,1
TXN_25761,USER_8863,236.73,1.0,100,1
TXN_44784,USER_9085,70.43,1.0,100,1
TXN_45610,USER_4243,20.07,1.0,100,1
TXN_4677,USER_6615,296.87,1.0,100,1
TXN_15329,USER_2732,83.16,1.0,100,1
TXN_18595,USER_7080,6.83,1.0,100,1
TXN_43685,USER_4570,89.75,1.0,100,1
TXN_818,USER_2619,271.66,1.0,100,1
TXN_33892,USER_7514,150.85,1.0,100,1
TXN_26382,USER_5587,5.3,1.0,100,1
TXN_32060,USER_9299,22.51,1.0,100,1
TXN_41254,USER_4551,108.99,1.0,100,1
TXN_43708,USER_9741,19.46,1.0,100,1
TXN_19622,USER_8536,18.05,1.0,100,1
TXN_8837,USER_7026,123.34,1.0,100,1
TXN_15407,USER_6087,283.75,1.0,100,1
TXN_47094,USER_5319,66.1,1.0,100,1
TXN_27654,USER_2447,419.25,1.0,100,1
TXN_21376,USER_4041,11.47,1.0,100,1
TXN_3196,USER_4450,14.21,1.0,100,1
TXN_6843,USER_2220,112.99,1.0,100,1
TXN_31639,USER_7709,257.68,1.0,100,1
TXN_35459,USER_8807,46.33,1.0,100,1
TXN_6849,USER_7598,7.22,1.0,100,1
TXN_31113,USER_6256,221.7,1.0,100,1
TXN_15401,USER_5757,147.02,1.0,100,1
TXN_12884,USER_9102,189.84,1.0,100,1
TXN_37563,USER_6409,59.19,1.0,100,1
TXN_43992,USER_9948,40.65,1.0,100,1
TXN_33714,USER_5807,62.96,1.0,100,1
TXN_40100,USER_8350,94.19,1.0,100,1
TXN_34076,USER_9983,89.35,1.0,100,1
TXN_41881,USER_3960,207.55,1.0,100,1
TXN_37579,USER_7184,222.36,1.0,100,1
TXN_20317,USER_1259,145.43,1.0,100,1
TXN_11039,USER_6133,149.12,1.0,100,1
TXN_23161,USER_6415,48.43,1.0,100,1
TXN_12663,USER_8464,140.57,1.0,100,1
TXN_25318,USER_5891,75.02,1.0,100,1
TXN_16691,USER_4724,34.57,1.0,100,1
TXN_11656,USER_6267,42.01,1.0,100,1
TXN_3632,USER_1670,177.75,1.0,100,1
TXN_30336,USER_2564,16.99,1.0,100,1
TXN_13266,USER_2623,129.71,1.0,100,1
TXN_5574,USER_1069,121.57,1.0,100,1
TXN_38179,USER_1092,78.55,1.0,100,1
TXN_38688,USER_7066,1.89,1.0,100,1
TXN_4409,USER_1277,57.65,1.0,100,1
TXN_26751,USER_4801,33.88,1.0,100,1
TXN_38174,USER_5170,39.63,1.0,100,1
TXN_23227,USER_6819,73.36,1.0,100,1
TXN_11586,USER_9637,54.87,1.0,100,1
TXN_13932,USER_2421,15.13,1.0,100,1
TXN_11249,USER_1596,27.44,1.0,100,1
TXN_20369,USER_6237,6.94,1.0,100,1
TXN_12577,USER_1233,5.54,1.0,100,1
TXN_24124,USER_5014,176.85,1.0,100,1
TXN_2196,USER_2431,140.99,1.0,100,1
TXN_11345,USER_8190,173.37,1.0,100,1
TXN_19747,USER_1409,4.68,1.0,100,1
TXN_21182,USER_8139,13.22,1.0,100,1
TXN_400,USER_3489,2.66,1.0,100,1
TXN_24406,USER_1051,113.29,1.0,100,1
TXN_37066,USER_6935,8.13,1.0,100,1
TXN_43163,USER_6505,418.21,1.0,100,1
TXN_21217,USER_1568,156.15,1.0,100,1
TXN_12489,USER_5342,44.87,1.0,100,1
TXN_1353,USER_7353,52.06,1.0,100,1
TXN_39365,USER_8457,42.52,1.0,100,1
TXN_10394,USER_6287,58.14,1.0,100,1
TXN_37909,USER_4741,49.7,1.0,100,1
TXN_49580,USER_4868,135.21,1.0,100,1
TXN_40060,USER_9137,200.59,1.0,100,1
TXN_19648,USER_1472,45.58,1.0,100,1
TXN_44610,USER_6325,3.29,1.0,100,1
TXN_36009,USER_2320,357.76,1.0,100,1
TXN_37684,USER_7424,91.54,1.0,100,1
TXN_28419,USER_4483,408.73,1.0,100,1
TXN_34467,USER_3128,41.77,1.0,100,1
TXN_25605,USER_3025,100.25,1.0,100,1
TXN_13796,USER_4368,114.09,1.0,100,1
TXN_47727,USER_1415,16.78,1.0,100,1
TXN_26784,USER_9233,38.58,1.0,100,1
TXN_5263,USER_9683,131.16,1.0,100,1
TXN_34523,USER_9230,185.29,1.0,100,1
TXN_7233,USER_2102,59.72,1.0,100,1
TXN_597,USER_8409,103.38,1.0,100,1
TXN_38549,USER_6071,13.05,1.0,100,1
TXN_12664,USER_1726,14.5,1.0,100,1
TXN_26205,USER_7164,56.39,1.0,100,1
TXN_25570,USER_6814,23.67,1.0,100,1
TXN_30255,USER_6949,125.86,1.0,100,1
TXN_29823,USER_2732,37.85,1.0,100,1
TXN_22401,USER_3563,201.7,1.0,100,1
TXN_10766,USER_3337,35.7,1.0,100,1
TXN_16412,USER_9542,1.52,1.0,100,1
TXN_41452,USER_9858,10.09,1.0,100,1
TXN_5062,USER_7040,382.49,1.0,100,1
TXN_6372,USER_7379,128.96,1.0,100,1
TXN_19965,USER_8582,228.79,1.0,100,1
TXN_13894,USER_7473,15.06,1.0,100,1
TXN_4050,USER_2874,151.1,1.0,100,1
TXN_38674,USER_4417,174.59,1.0,100,1
TXN_34489,USER_4452,198.94,1.0,100,1
TXN_49796,USER_3650,146.77,1.0,100,1
TXN_27250,USER_1989,18.05,1.0,100,1
TXN_29011,USER_5482,198.18,1.0,100,1
TXN_8128,USER_7083,45.29,1.0,100,1
TXN_5791,USER_7851,180.79,1.0,100,1
TXN_17070,USER_3377,32.04,1.0,100,1
TXN_6642,USER_8492,406.28,1.0,100,1
TXN_19775,USER_6349,6.72,1.0,100,1
TXN_28754,USER_3236,64.67,1.0,100,1
TXN_2739,USER_2970,117.57,1.0,100,1
TXN_32624,USER_2285,124.23,1.0,100,1
TXN_16676,USER_7773,70.06,1.0,100,1
TXN_9843,USER_4804,20.29,1.0,100,1
TXN_17350,USER_7420,79.43,1.0,100,1
TXN_3400,USER_8674,32.77,1.0,100,1
TXN_15371,USER_6839,41.5,1.0,100,1
TXN_18147,USER_9294,187.26,1.0,100,1
TXN_35256,USER_8852,60.21,1.0,100,1
TXN_34326,USER_6468,4.12,1.0,100,1
TXN_5409,USER_5626,104.62,1.0,100,1
TXN_35036,USER_3539,64.91,1.0,100,1
TXN_40373,USER_7278,356.5,1.0,100,1
TXN_47909,USER_7388,6.05,1.0,100,1
TXN_15690,USER_5906,61.13,1.0,100,1
TXN_25703,USER_5983,70.51,1.0,100,1
TXN_14496,USER_3939,57.11,1.0,100,1
TXN_12062,USER_4914,101.64,1.0,100,1
TXN_9850,USER_7395,282.11,1.0,100,1
TXN_5153,USER_7768,22.26,1.0,100,1
TXN_889,USER_7371,69.86,1.0,100,1
TXN_23763,USER_9652,56.65,1.0,100,1
TXN_1067,USER_6877,193.95,1.0,100,1
TXN_48621,USER_4473,34.72,1.0,100,1
TXN_43420,USER_7954,72.32,1.0,100,1
TXN_37375,USER_3660,18.45,1.0,100,1
TXN_39139,USER_6576,239.82,1.0,100,1
TXN_8789,USER_4932,108.49,1.0,100,1
TXN_47326,USER_8241,35.82,1.0,100,1
TXN_35418,USER_1686,1.77,1.0,100,1
TXN_49202,USER_1152,259.56,1.0,100,1
TXN_23932,USER_4851,23.7,1.0,100,1
TXN_21360,USER_6922,33.15,1.0,100,1
TXN_24829,USER_5064,90.42,1.0,100,1
TXN_19932,USER_4301,1.18,1.0,100,1
TXN_18807,USER_7173,188.65,1.0,100,1
TXN_4712,USER_3155,34.98,1.0,100,1
TXN_41331,USER_2535,18.46,1.0,100,1
TXN_8183,USER_8309,1.31,1.0,100,1
TXN_46476,USER_1568,34.59,1.0,100,1
TXN_33161,USER_3043,161.97,1.0,100,1
TXN_42139,USER_6950,8.11,1.0,100,1
TXN_36538,USER_1238,52.15,1.0,100,1
TXN_32959,USER_2378,11.35,1.0,100,1
TXN_8587,USER_2883,98.96,1.0,100,1
TXN_37094,USER_9299,36.04,1.0,100,1
TXN_20719,USER_5840,30.18,1.0,100,1
TXN_47474,USER_8203,215.4,1.0,100,1
TXN_8536,USER_7973,241.15,1.0,100,1
TXN_8817,USER_4724,97.15,1.0,100,1
TXN_28955,USER_2268,388.84,1.0,100,1
TXN_26555,USER_3904,16.42,1.0,100,1
TXN_20378,USER_8072,11.2,1.0,100,1
TXN_17952,USER_2926,5.72,1.0,100,1
TXN_28615,USER_6378,20.0,1.0,100,1
TXN_7903,USER_8407,155.73,1.0,100,1
TXN_43077,USER_1744,28.68,1.0,100,1
TXN_20454,USER_1502,4.48,1.0,100,1
TXN_3190,USER_9497,228.12,1.0,100,1
TXN_11384,USER_9112,39.63,1.0,100,1
TXN_9491,USER_7560,80.22,1.0,100,1
TXN_13112,USER_5292,104.12,1.0,100,1
TXN_31021,USER_2321,15.21,1.0,100,1
TXN_368,USER_2931,264.93,1.0,100,1
TXN_8424,USER_4593,88.4,1.0,100,1
TXN_45275,USER_1005,207.91,1.0,100,1
TXN_37493,USER_1360,24.42,1.0,100,1
TXN_36981,USER_9493,31.19,1.0,100,1
TXN_15235,USER_4892,242.31,1.0,100,1
TXN_19276,USER_1016,76.53,1.0,100,1
TXN_32563,USER_7885,158.84,1.0,100,1
TXN_36486,USER_3245,18.52,1.0,100,1
TXN_48475,USER_1033,19.16,1.0,100,1
TXN_3641,USER_4439,99.01,1.0,100,1
TXN_21596,USER_8562,105.77,1.0,100,1
TXN_14772,USER_4493,64.5,1.0,100,1
TXN_18161,USER_9421,31.57,1.0,100,1
TXN_42411,USER_7457,171.51,1.0,100,1
TXN_47781,USER_3043,31.61,1.0,100,1
TXN_46634,USER_3272,10.85,1.0,100,1
TXN_28906,USER_1079,165.71,1.0,100,1
TXN_43700,USER_7621,202.78,1.0,100,1
TXN_44122,USER_9984,73.96,1.0,100,1
TXN_1242,USER_9056,221.45,1.0,100,1
TXN_28511,USER_4147,5.56,1.0,100,1
TXN_31467,USER_5575,138.71,1.0,100,1
TXN_3232,USER_3524,84.61,1.0,100,1
TXN_49186,USER_1069,8.63,1.0,100,1
TXN_10683,USER_3057,419.46,1.0,100,1
TXN_21700,USER_1100,69.7,1.0,100,1
TXN_20594,USER_6565,49.79,1.0,100,1
TXN_14195,USER_4465,321.22,1.0,100,1
TXN_15898,USER_3248,55.67,1.0,100,1
TXN_21577,USER_5902,37.56,1.0,100,1
TXN_12270,USER_4324,164.8,1.0,100,1
TXN_37792,USER_2107,49.44,1.0,100,1
TXN_22301,USER_9599,29.04,1.0,100,1
TXN_44307,USER_8510,40.33,1.0,100,1
TXN_3845,USER_6750,82.61,1.0,100,1
TXN_23290,USER_2358,86.03,1.0,100,1
TXN_33146,USER_5888,46.01,1.0,100,1
TXN_12470,USER_3975,168.93,1.0,100,1
TXN_31008,USER_2403,76.73,1.0,100,1
TXN_11133,USER_1287,103.74,1.0,100,1
TXN_32312,USER_3442,128.93,1.0,100,1
TXN_1777,USER_2804,434.96,1.0,100,1
TXN_42307,USER_9320,55.23,1.0,100,1
TXN_21323,USER_5742,218.44,1.0,100,1
TXN_43394,USER_7562,65.79,1.0,100,1
TXN_47526,USER_2505,14.68,1.0,100,1
TXN_32391,USER_2552,39.63,1.0,100,1
TXN_39220,USER_4074,206.74,1.0,100,1
TXN_7642,USER_1560,284.21,1.0,100,1
TXN_14435,USER_3402,50.98,1.0,100,1
TXN_4782,USER_6515,31.3,1.0,100,1
TXN_9677,USER_5687,119.33,1.0,100,1
TXN_5609,USER_8164,109.57,1.0,100,1
TXN_22936,USER_6568,121.97,1.0,100,1
TXN_33988,USER_2786,64.6,1.0,100,1
TXN_12537,USER_8996,133.68,1.0,100,1
TXN_48643,USER_4091,62.73,1.0,100,1
TXN_27398,USER_9087,96.95,1.0,100,1
TXN_49289,USER_9218,2.03,1.0,100,1
TXN_42235,USER_9939,4.44,1.0,100,1
TXN_26567,USER_6952,19.86,1.0,100,1
TXN_29332,USER_4013,24.06,1.0,100,1
TXN_8434,USER_7338,4.64,1.0,100,1
TXN_20991,USER_3620,57.77,1.0,100,1
TXN_49663,USER_5412,51.15,1.0,100,1
TXN_29283,USER_8810,11.25,1.0,100,1
TXN_47213,USER_5320,132.8,1.0,100,1
TXN_34625,USER_7057,61.36,1.0,100,1
TXN_49985,USER_2113,61.03,1.0,100,1
TXN_24982,USER_9694,130.1,1.0,100,1
TXN_1313,USER_1362,111.5,1.0,100,1
TXN_7847,USER_4873,20.95,1.0,100,1
TXN_9930,USER_2049,19.41,1.0,100,1
TXN_16704,USER_9796,9.88,1.0,100,1
TXN_18705,USER_6702,7.75,1.0,100,1
TXN_18033,USER_2861,179.95,1.0,100,1
TXN_46898,USER_6054,73.13,1.0,100,1
TXN_3435,USER_6283,167.93,1.0,100,1
TXN_9719,USER_8432,19.03,1.0,100,1
TXN_42485,USER_6419,133.12,1.0,100,1
TXN_11492,USER_7764,226.12,1.0,100,1
TXN_36113,USER_2833,60.48,1.0,100,1
TXN_15357,USER_5086,43.22,1.0,100,1
TXN_9096,USER_9402,13.74,1.0,100,1
TXN_294,USER_1569,127.79,1.0,100,1
TXN_32649,USER_9380,104.59,1.0,100,1
TXN_11434,USER_4465,144.32,1.0,100,1
TXN_4655,USER_1920,22.12,1.0,100,1
TXN_17493,USER_5314,24.06,1.0,100,1
TXN_3771,USER_3217,59.54,1.0,100,1
TXN_8563,USER_7034,26.86,1.0,100,1
TXN_28400,USER_4801,154.45,1.0,100,1
TXN_49544,USER_3069,53.7,1.0,100,1
TXN_12546,USER_4600,163.0,1.0,100,1
TXN_26579,USER_4832,440.06,1.0,100,1
TXN_33989,USER_5399,16.7,1.0,100,1
TXN_35628,USER_7700,128.26,1.0,100,1
TXN_23341,USER_1785,6.76,1.0,100,1
TXN_24094,USER_7182,64.24,1.0,100,1
TXN_14837,USER_2963,120.22,1.0,100,1
TXN_34840,USER_5767,8.13,1.0,100,1
TXN_22754,USER_3924,12.29,1.0,100,1
TXN_9107,USER_8011,16.22,1.0,100,1
TXN_47982,USER_1539,220.06,1.0,100,1
TXN_12886,USER_5383,42.87,1.0,100,1
TXN_28174,USER_9032,97.24,1.0,100,1
TXN_17322,USER_2927,234.59,1.0,100,1
TXN_35001,USER_9658,103.57,1.0,100,1
TXN_4700,USER_9750,97.45,1.0,100,1
TXN_5649,USER_8318,40.63,1.0,100,1
TXN_9120,USER_3693,11.76,1.0,100,1
TXN_10165,USER_3082,199.35,1.0,100,1
TXN_9746,USER_1990,131.48,1.0,100,1
TXN_28997,USER_1574,53.96,1.0,100,1
TXN_24183,USER_1875,6.83,1.0,100,1
TXN_595,USER_3871,59.21,1.0,100,1
TXN_5972,USER_7523,197.53,1.0,100,1
TXN_858,USER_3712,18.16,1.0,100,1
TXN_23769,USER_3375,57.17,1.0,100,1
TXN_12879,USER_4039,32.7,1.0,100,1
TXN_24290,USER_1227,244.93,1.0,100,1
TXN_10255,USER_2242,10.3,1.0,100,1
TXN_2850,USER_7846,73.31,1.0,100,1
TXN_48927,USER_4873,303.43,1.0,100,1
TXN_10707,USER_2848,233.53,1.0,100,1
TXN_23244,USER_6021,148.68,1.0,100,1
TXN_8169,USER_8394,116.81,1.0,100,1
TXN_34318,USER_7489,2.35,1.0,100,1
TXN_28840,USER_6173,54.69,1.0,100,1
TXN_23831,USER_4724,53.39,1.0,100,1
TXN_13265,USER_2236,287.37,1.0,100,1
TXN_43050,USER_7349,89.03,1.0,100,1
TXN_25103,USER_3471,28.59,1.0,100,1
TXN_49873,USER_6511,403.06,1.0,100,1
TXN_22044,USER_3447,209.76,1.0,100,1
TXN_11926,USER_8981,93.22,1.0,100,1
TXN_29774,USER_2553,254.69,1.0,100,1
TXN_24976,USER_4626,125.06,1.0,100,1
TXN_27626,USER_9540,59.47,1.0,100,1
TXN_5796,USER_1164,120.06,1.0,100,1
TXN_39131,USER_8831,113.08,1.0,100,1
TXN_24074,USER_9395,39.05,1.0,100,1
TXN_2786,USER_6668,0.69,1.0,100,1
TXN_33638,USER_2629,110.91,1.0,100,1
TXN_36964,USER_4578,52.87,1.0,100,1
TXN_33108,USER_4718,74.66,1.0,100,1
TXN_29715,USER_8069,210.92,1.0,100,1
TXN_36901,USER_1258,124.66,1.0,100,1
TXN_17043,USER_7027,63.49,1.0,100,1
TXN_46876,USER_3561,88.94,1.0,100,1
TXN_3457,USER_4641,29.88,1.0,100,1
TXN_9241,USER_2348,38.26,1.0,100,1
TXN_9896,USER_8570,381.71,1.0,100,1
TXN_33586,USER_7633,60.19,1.0,100,1
TXN_39243,USER_5826,163.34,1.0,100,1
TXN_44672,USER_9273,669.3,1.0,100,1
TXN_9718,USER_6302,21.81,1.0,100,1
TXN_13503,USER_3674,54.6,1.0,100,1
TXN_7961,USER_8928,103.43,1.0,100,1
TXN_46060,USER_4067,81.36,1.0,100,1
TXN_7766,USER_7236,48.38,1.0,100,1
TXN_3071,USER_6366,177.02,1.0,100,1
TXN_24931,USER_7423,137.92,1.0,100,1
TXN_2686,USER_9491,3.66,1.0,100,1
TXN_49891,USER_8122,7.64,1.0,100,1
TXN_35321,USER_6120,544.37,1.0,100,1
TXN_1779,USER_4713,35.94,1.0,100,1
TXN_22219,USER_8425,9.61,1.0,100,1
TXN_35030,USER_2794,93.0,1.0,100,1
TXN_48272,USER_9015,205.02,1.0,100,1
TXN_8864,USER_4675,10.98,1.0,100,1
TXN_6213,USER_5311,57.83,1.0,100,1
TXN_37637,USER_3292,166.77,1.0,100,1
TXN_20390,USER_7880,221.72,1.0,100,1
TXN_5682,USER_1989,247.79,1.0,100,1
TXN_46620,USER_1829,26.73,1.0,100,1
TXN_46529,USER_4246,358.13,1.0,100,1
TXN_44493,USER_2917,297.61,1.0,100,1
TXN_37921,USER_9474,52.21,1.0,100,1
TXN_10871,USER_3521,26.25,1.0,100,1
TXN_20612,USER_1299,159.05,1.0,100,1
TXN_32888,USER_8338,129.98,1.0,100,1
TXN_20608,USER_3500,18.87,1.0,100,1
TXN_15450,USER_6938,49.96,1.0,100,1
TXN_3675,USER_4278,228.63,1.0,100,1
TXN_11560,USER_3834,10.16,1.0,100,1
TXN_44120,USER_6249,80.31,1.0,100,1
TXN_12454,USER_6082,39.98,1.0,100,1
TXN_43070,USER_8484,109.15,1.0,100,1
TXN_8719,USER_7852,199.62,1.0,100,1
TXN_21575,USER_8046,124.33,1.0,100,1
TXN_39643,USER_2615,151.99,1.0,100,1
TXN_7856,USER_5507,34.93,1.0,100,1
TXN_30988,USER_1571,100.38,1.0,100,1
TXN_35983,USER_9445,144.31,1.0,100,1
TXN_39462,USER_1989,137.51,1.0,100,1
TXN_34160,USER_5159,62.5,1.0,100,1
TXN_6789,USER_5749,503.61,1.0,100,1
TXN_14385,USER_8859,334.45,1.0,100,1
TXN_34714,USER_4852,87.33,1.0,100,1
TXN_5544,USER_4518,152.36,1.0,100,1
TXN_39753,USER_6921,42.03,1.0,100,1
TXN_19641,USER_8228,27.74,1.0,100,1
TXN_45365,USER_1896,175.8,1.0,100,1
TXN_43905,USER_6786,113.24,1.0,100,1
TXN_39897,USER_3674,41.06,1.0,100,1
TXN_2147,USER_1830,19.21,1.0,100,1
TXN_40634,USER_7292,115.99,1.0,100,1
TXN_40050,USER_3898,9.92,1.0,100,1
TXN_20760,USER_1599,96.92,1.0,100,1
TXN_9490,USER_8644,20.34,1.0,100,1
TXN_21252,USER_4293,10.49,1.0,100,1
TXN_6862,USER_9526,83.03,1.0,100,1
TXN_43966,USER_1814,174.51,1.0,100,1
TXN_40927,USER_6072,301.88,1.0,100,1
TXN_34841,USER_9362,264.01,1.0,100,1
TXN_22554,USER_2138,9.73,1.0,100,1
TXN_31826,USER_1463,62.47,1.0,100,1
TXN_6825,USER_1992,74.43,1.0,100,1
TXN_12673,USER_5134,18.71,1.0,100,1
TXN_21059,USER_6566,148.5,1.0,100,1
TXN_5419,USER_5272,208.77,1.0,100,1
TXN_1468,USER_7090,104.44,1.0,100,1
TXN_24309,USER_4329,201.54,1.0,100,1
TXN_808,USER_7988,52.63,1.0,100,1
TXN_49412,USER_4361,11.58,1.0,100,1
TXN_41017,USER_1675,48.14,1.0,100,1
TXN_3895,USER_4216,354.22,1.0,100,1
TXN_15332,USER_6111,14.33,1.0,100,1
TXN_14621,USER_1792,264.68,1.0,100,1
TXN_33653,USER_8402,2.19,1.0,100,1
TXN_46309,USER_2346,283.37,1.0,100,1
TXN_2073,USER_7251,26.82,1.0,100,1
TXN_6269,USER_3096,73.23,1.0,100,1
TXN_17194,USER_3456,6.38,1.0,100,1
TXN_20619,USER_2873,141.93,1.0,100,1
TXN_17513,USER_2505,2.17,1.0,100,1
TXN_30544,USER_7562,47.24,1.0,100,1
TXN_13100,USER_3137,120.6,1.0,100,1
TXN_45518,USER_4066,224.68,1.0,100,1
TXN_30728,USER_3254,56.26,1.0,100,1
TXN_23723,USER_7443,444.36,1.0,100,1
TXN_34917,USER_7135,73.13,1.0,100,1
TXN_26028,USER_3596,137.27,1.0,100,1
TXN_47231,USER_1287,111.38,1.0,100,1
TXN_31673,USER_7721,79.73,1.0,100,1
TXN_30974,USER_3754,76.36,1.0,100,1
TXN_36975,USER_5806,89.48,1.0,100,1
TXN_36704,USER_2665,171.37,1.0,100,1
TXN_15733,USER_9378,9.44,1.0,100,1
TXN_37420,USER_2008,10.56,1.0,100,1
TXN_33314,USER_2693,24.66,1.0,100,1
TXN_1752,USER_8622,67.75,1.0,100,1
TXN_42592,USER_9902,27.14,1.0,100,1
TXN_20183,USER_7937,116.12,1.0,100,1
TXN_45817,USER_8595,297.86,1.0,100,1
TXN_38259,USER_9802,96.78,1.0,100,1
TXN_26691,USER_7010,109.23,1.0,100,1
TXN_10931,USER_8440,17.18,1.0,100,1
TXN_37777,USER_8310,113.21,1.0,100,1
TXN_1582,USER_2742,28.77,1.0,100,1
TXN_44699,USER_9238,49.11,1.0,100,1
TXN_6093,USER_7368,121.93,1.0,100,1
TXN_20655,USER_3594,98.93,1.0,100,1
TXN_6073,USER_6210,61.09,1.0,100,1
TXN_35310,USER_3888,40.63,1.0,100,1
TXN_1537,USER_1525,141.96,1.0,100,1
TXN_9583,USER_4439,51.06,1.0,100,1
TXN_23104,USER_8322,96.56,1.0,100,1
TXN_13036,USER_6264,5.57,1.0,100,1
TXN_44583,USER_7035,27.33,1.0,100,1
TXN_5077,USER_4797,20.8,1.0,100,1
TXN_40857,USER_8366,7.62,1.0,100,1
TXN_34275,USER_8955,35.11,1.0,100,1
TXN_34768,USER_2627,28.33,1.0,100,1
TXN_27328,USER_8105,149.71,1.0,100,1
TXN_17706,USER_6493,146.9,1.0,100,1
TXN_48194,USER_1940,14.16,1.0,100,1
TXN_28930,USER_1215,372.11,1.0,100,1
TXN_44973,USER_6585,52.82,1.0,100,1
TXN_22398,USER_7378,10.15,1.0,100,1
TXN_10737,USER_6346,126.28,1.0,100,1
TXN_46061,USER_4351,53.13,1.0,100,1
TXN_21576,USER_4720,39.09,1.0,100,1
TXN_3320,USER_3606,35.19,1.0,100,1
TXN_10750,USER_8092,73.64,1.0,100,1
TXN_37466,USER_7947,84.1,1.0,100,1
TXN_23515,USER_2261,19.35,1.0,100,1
TXN_49532,USER_5944,85.91,1.0,100,1
TXN_45015,USER_2892,28.93,1.0,100,1
TXN_23369,USER_2148,26.72,1.0,100,1
TXN_17331,USER_8050,85.84,1.0,100,1
TXN_42136,USER_7384,78.15,1.0,100,1
TXN_42982,USER_5243,18.53,1.0,100,1
TXN_3670,USER_8404,134.52,1.0,100,1
TXN_25601,USER_5705,19.5,1.0,100,1
TXN_48634,USER_1965,2.02,1.0,100,1
TXN_31846,USER_1591,65.36,1.0,100,1
TXN_21015,USER_7131,138.71,1.0,100,1
TXN_9472,USER_5916,52.08,1.0,100,1
TXN_45770,USER_4128,34.03,1.0,100,1
TXN_8399,USER_2728,89.22,1.0,100,1
TXN_20837,USER_4909,125.03,1.0,100,1
TXN_11437,USER_9803,166.05,1.0,100,1
TXN_15167,USER_2316,41.02,1.0,100,1
TXN_8391,USER_4683,15.2,1.0,100,1
TXN_23380,USER_4307,76.61,1.0,100,1
TXN_30492,USER_1845,27.66,1.0,100,1
TXN_45696,USER_5755,225.91,1.0,100,1
TXN_23916,USER_6032,9.7,1.0,100,1
TXN_41508,USER_7238,65.26,1.0,100,1
TXN_39343,USER_3366,106.74,1.0,100,1
TXN_4773,USER_2353,86.75,1.0,100,1
TXN_30733,USER_6631,0.65,1.0,100,1
TXN_10464,USER_8196,101.34,1.0,100,1
TXN_24127,USER_3707,112.25,1.0,100,1
TXN_37500,USER_6932,117.17,1.0,100,1
TXN_38090,USER_6443,93.44,1.0,100,1
TXN_11232,USER_4856,2.66,1.0,100,1
TXN_3117,USER_4696,14.0,1.0,100,1
TXN_44006,USER_5175,34.42,1.0,100,1
TXN_46521,USER_5522,38.72,1.0,100,1
TXN_44353,USER_4959,48.81,1.0,100,1
TXN_33737,USER_7419,187.51,1.0,100,1
TXN_8772,USER_8548,102.07,1.0,100,1
TXN_35592,USER_3146,10.66,1.0,100,1
TXN_229,USER_2648,31.55,1.0,100,1
TXN_26708,USER_9191,32.53,1.0,100,1
TXN_48,USER_4152,49.24,1.0,100,1
TXN_42087,USER_9979,141.07,1.0,100,1
TXN_15620,USER_1899,57.26,1.0,100,1
TXN_14116,USER_1930,2.07,1.0,100,1
TXN_7645,USER_2821,49.08,1.0,100,1
TXN_29150,USER_5590,27.15,1.0,100,1
TXN_30286,USER_7719,158.51,1.0,100,1
TXN_15994,USER_3204,80.84,1.0,100,1
TXN_24662,USER_8461,92.61,1.0,100,1
TXN_26639,USER_2029,138.65,1.0,100,1
TXN_7777,USER_2403,15.57,1.0,100,1
TXN_28315,USER_7137,442.45,1.0,100,1
TXN_26973,USER_5301,105.69,1.0,100,1
TXN_27304,USER_9560,78.78,1.0,100,1
TXN_22340,USER_4969,52.54,1.0,100,1
TXN_49674,USER_7069,469.31,1.0,100,1
TXN_49585,USER_1814,84.15,1.0,100,1
TXN_36404,USER_9850,81.89,1.0,100,1
TXN_18312,USER_3504,107.66,1.0,100,1
TXN_22880,USER_4962,4.32,1.0,100,1
TXN_3407,USER_3962,28.48,1.0,100,1
TXN_33407,USER_7568,56.37,1.0,100,1
TXN_32940,USER_4616,126.66,1.0,100,1
TXN_25092,USER_8496,58.71,1.0,100,1
TXN_34932,USER_9822,21.58,1.0,100,1
TXN_7746,USER_9480,70.38,1.0,100,1
TXN_11975,USER_1435,256.72,1.0,100,1
TXN_40522,USER_3432,257.06,1.0,100,1
TXN_3880,USER_7079,65.85,1.0,100,1
TXN_3990,USER_9519,2.06,1.0,100,1
TXN_19073,USER_1001,85.67,1.0,100,1
TXN_36863,USER_4831,22.89,1.0,100,1
TXN_14549,USER_5675,52.11,1.0,100,1
TXN_18259,USER_1531,33.92,1.0,100,1
TXN_26756,USER_4627,47.7,1.0,100,1
TXN_3557,USER_2948,1.3,1.0,100,1
TXN_45927,USER_2307,12.73,1.0,100,1
TXN_44832,USER_5601,79.46,1.0,100,1
TXN_41269,USER_8204,36.88,1.0,100,1
TXN_25389,USER_1715,472.82,1.0,100,1
TXN_845,USER_1077,83.54,1.0,100,1
TXN_33932,USER_9184,228.59,1.0,100,1
TXN_45766,USER_2197,582.44,1.0,100,1
TXN_32332,USER_6438,61.74,1.0,100,1
TXN_45205,USER_5936,77.97,1.0,100,1
TXN_9582,USER_7107,3.81,1.0,100,1
TXN_18827,USER_5920,11.78,1.0,100,1
TXN_11814,USER_1473,23.16,1.0,100,1
TXN_33804,USER_1219,51.57,1.0,100,1
TXN_7435,USER_2465,207.43,1.0,100,1
TXN_5065,USER_5994,387.65,1.0,100,1
TXN_14457,USER_1949,16.39,1.0,100,1
TXN_2064,USER_2724,24.16,1.0,100,1
TXN_38083,USER_8356,59.64,1.0,100,1
TXN_33477,USER_6919,75.2,1.0,100,1
TXN_12601,USER_8098,424.96,1.0,100,1
TXN_36018,USER_8171,78.2,1.0,100,1
TXN_8061,USER_2359,125.47,1.0,100,1
TXN_17485,USER_7359,81.48,1.0,100,1
TXN_20805,USER_1012,25.04,1.0,100,1
TXN_11620,USER_4101,136.62,1.0,100,1
TXN_8177,USER_4218,82.39,1.0,100,1
TXN_23042,USER_8051,81.57,1.0,100,1
TXN_24405,USER_7300,104.28,1.0,100,1
TXN_13890,USER_5637,24.13,1.0,100,1
TXN_9484,USER_3593,356.49,1.0,100,1
TXN_49066,USER_1460,8.96,1.0,100,1
TXN_19156,USER_8445,28.48,1.0,100,1
TXN_14444,USER_9583,124.04,1.0,100,1
TXN_22906,USER_3147,0.33,1.0,100,1
TXN_7194,USER_5234,139.13,1.0,100,1
TXN_30640,USER_7375,110.52,1.0,100,1
TXN_21665,USER_2659,25.09,1.0,100,1
TXN_21411,USER_2375,44.65,1.0,100,1
TXN_15867,USER_2348,33.03,1.0,100,1
TXN_14266,USER_3413,23.08,1.0,100,1
TXN_31213,USER_7860,3.73,1.0,100,1
TXN_35362,USER_7168,180.86,1.0,100,1
TXN_18625,USER_7713,79.6,1.0,100,1
TXN_37679,USER_9120,94.84,1.0,100,1
TXN_27301,USER_7099,29.12,1.0,100,1
TXN_38507,USER_7747,9.08,1.0,100,1
TXN_22990,USER_8373,10.75,1.0,100,1
TXN_28513,USER_9082,30.39,1.0,100,1
TXN_22486,USER_1485,57.34,1.0,100,1
TXN_48706,USER_9345,90.2,1.0,100,1
TXN_10748,USER_3056,28.57,1.0,100,1
TXN_25616,USER_1208,71.14,1.0,100,1
TXN_37146,USER_7831,69.69,1.0,100,1
TXN_11182,USER_2507,4.58,1.0,100,1
TXN_26128,USER_7171,202.65,1.0,100,1
TXN_49098,USER_7519,140.06,1.0,100,1
TXN_24518,USER_8165,22.37,1.0,100,1
TXN_12716,USER_6702,103.91,1.0,100,1
TXN_37661,USER_6713,86.73,1.0,100,1
TXN_28258,USER_1677,50.47,1.0,100,1
TXN_21782,USER_1774,17.53,1.0,100,1
TXN_41168,USER_1512,289.03,1.0,100,1
TXN_27912,USER_8118,46.86,1.0,100,1
TXN_19751,USER_8072,4.0,1.0,100,1
TXN_46548,USER_3133,28.31,1.0,100,1
TXN_37879,USER_1326,18.3,1.0,100,1
TXN_39132,USER_1801,130.79,1.0,100,1
TXN_11529,USER_8590,118.17,1.0,100,1
TXN_13382,USER_1209,310.09,1.0,100,1
TXN_4175,USER_5500,29.96,1.0,100,1
TXN_3443,USER_1489,140.25,1.0,100,1
TXN_14254,USER_5342,7.01,1.0,100,1
TXN_47943,USER_4499,103.97,1.0,100,1
TXN_20756,USER_1188,87.19,1.0,100,1
TXN_40162,USER_4314,65.75,1.0,100,1
TXN_29416,USER_7227,79.49,1.0,100,1
TXN_25752,USER_4111,4.49,1.0,100,1
TXN_38867,USER_4341,140.17,1.0,100,1
TXN_27307,USER_4454,2.58,1.0,100,1
TXN_17718,USER_5677,117.61,1.0,100,1
TXN_12126,USER_9661,48.58,1.0,100,1
TXN_40633,USER_7243,33.22,1.0,100,1
TXN_12118,USER_8443,26.78,1.0,100,1
TXN_48242,USER_6789,48.46,1.0,100,1
TXN_15761,USER_7854,72.41,1.0,100,1
TXN_23851,USER_1404,43.2,1.0,100,1
TXN_15366,USER_9973,111.72,1.0,100,1
TXN_19423,USER_6137,41.3,1.0,100,1
TXN_28902,USER_5856,68.58,1.0,100,1
TXN_46269,USER_2745,163.68,1.0,100,1
TXN_13439,USER_2607,47.27,1.0,100,1
TXN_17264,USER_2381,162.92,1.0,100,1
TXN_3149,USER_2422,59.27,1.0,100,1
TXN_40660,USER_7420,105.36,1.0,100,1
TXN_1168,USER_9044,98.13,1.0,100,1
TXN_25009,USER_2002,20.65,1.0,100,1
TXN_40563,USER_9249,57.11,1.0,100,1
TXN_49751,USER_5715,69.61,1.0,100,1
TXN_18799,USER_7842,65.96,1.0,100,1
TXN_40870,USER_6913,86.64,1.0,100,1
TXN_25494,USER_6489,50.98,1.0,100,1
TXN_33941,USER_6321,7.61,1.0,100,1
TXN_25650,USER_2676,10.06,1.0,100,1
TXN_11991,USER_6645,183.31,1.0,100,1
TXN_49212,USER_3858,3.6,1.0,100,1
TXN_31416,USER_6682,73.2,1.0,100,1
TXN_5580,USER_3779,432.06,1.0,100,1
TXN_24090,USER_4624,11.17,1.0,100,1
TXN_37341,USER_2502,139.28,1.0,100,1
TXN_15339,USER_8994,153.14,1.0,100,1
TXN_49015,USER_7117,281.64,1.0,100,1
TXN_41381,USER_2893,79.84,1.0,100,1
TXN_28742,USER_9651,37.38,1.0,100,1
TXN_19556,USER_3451,157.51,1.0,100,1
TXN_39288,USER_4406,50.54,1.0,100,1
TXN_33422,USER_2296,5.96,1.0,100,1
TXN_23205,USER_2497,165.19,1.0,100,1
TXN_3666,USER_1053,153.85,1.0,100,1
TXN_20786,USER_4321,129.17,1.0,100,1
TXN_41973,USER_8868,11.41,1.0,100,1
TXN_44164,USER_4215,52.44,1.0,100,1
TXN_15198,USER_3348,109.69,1.0,100,1
TXN_3985,USER_6447,36.87,1.0,100,1
TXN_26019,USER_8995,213.25,1.0,100,1
TXN_45449,USER_1847,43.28,1.0,100,1
TXN_37521,USER_2089,42.94,1.0,100,1
TXN_8963,USER_6097,15.26,1.0,100,1
TXN_23023,USER_5150,195.9,1.0,100,1
TXN_17392,USER_3465,52.35,1.0,100,1
TXN_12476,USER_5922,78.93,1.0,100,1
TXN_41214,USER_1795,15.71,1.0,100,1
TXN_6479,USER_2095,78.92,1.0,100,1
TXN_13161,USER_7329,425.65,1.0,100,1
TXN_20836,USER_9769,30.08,1.0,100,1
TXN_40456,USER_7847,92.7,1.0,100,1
TXN_3908,USER_6067,278.51,1.0,100,1
TXN_11957,USER_9723,20.24,1.0,100,1
TXN_27105,USER_2177,204.06,1.0,100,1
TXN_877,USER_1419,125.12,1.0,100,1
TXN_18252,USER_4814,61.66,1.0,100,1
TXN_43577,USER_1104,20.33,1.0,100,1
TXN_47809,USER_6264,43.74,1.0,100,1
TXN_7242,USER_5846,283.69,1.0,100,1
TXN_34695,USER_1887,72.38,1.0,100,1
TXN_9465,USER_1319,7.56,1.0,100,1
TXN_3326,USER_7358,218.81,1.0,100,1
TXN_23121,USER_9590,87.64,1.0,100,1
TXN_10828,USER_8041,18.51,1.0,100,1
TXN_11211,USER_4831,64.0,1.0,100,1
TXN_47043,USER_6568,38.08,1.0,100,1
TXN_6022,USER_1845,23.92,1.0,100,1
TXN_24904,USER_8966,63.21,1.0,100,1
TXN_48374,USER_1329,103.46,1.0,100,1
TXN_2892,USER_4607,15.34,1.0,100,1
TXN_21672,USER_3553,95.12,1.0,100,1
TXN_1798,USER_1207,91.08,1.0,100,1
TXN_37927,USER_2930,26.31,1.0,100,1
TXN_36591,USER_8711,210.99,1.0,100,1
TXN_43828,USER_1941,307.63,1.0,100,1
TXN_12817,USER_4854,61.22,1.0,100,1
TXN_23456,USER_5446,124.52,1.0,100,1
TXN_23777,USER_4960,3.14,1.0,100,1
TXN_20914,USER_4951,78.33,1.0,100,1
TXN_29553,USER_8755,23.76,1.0,100,1
TXN_40701,USER_4734,293.96,1.0,100,1
TXN_32427,USER_7868,154.59,1.0,100,1
TXN_41395,USER_1503,7.19,1.0,100,1
TXN_19619,USER_1259,62.27,1.0,100,1
TXN_33710,USER_1643,179.39,1.0,100,1
TXN_27689,USER_9022,26.19,1.0,100,1
TXN_45959,USER_4960,4.54,1.0,100,1
TXN_29412,USER_5998,18.07,1.0,100,1
TXN_32018,USER_4772,40.34,1.0,100,1
TXN_42262,USER_3191,160.98,1.0,100,1
TXN_33313,USER_9482,41.4,1.0,100,1
TXN_28806,USER_6060,11.5,1.0,100,1
TXN_31624,USER_9523,86.61,1.0,100,1
TXN_45102,USER_7153,100.95,1.0,100,1
TXN_49953,USER_6956,16.78,1.0,100,1
TXN_48985,USER_4118,33.38,1.0,100,1
TXN_2779,USER_3841,94.67,1.0,100,1
TXN_21304,USER_3699,103.94,1.0,100,1
TXN_755,USER_5632,170.91,1.0,100,1
TXN_39263,USER_8667,122.21,1.0,100,1
TXN_42281,USER_5833,357.74,1.0,100,1
TXN_40115,USER_9974,46.74,1.0,100,1
TXN_14249,USER_3675,119.92,1.0,100,1
TXN_37706,USER_7224,104.84,1.0,100,1
TXN_47866,USER_4042,10.21,1.0,100,1
TXN_22302,USER_6390,80.64,1.0,100,1
TXN_48584,USER_8452,343.61,1.0,100,1
TXN_49009,USER_2949,31.97,1.0,100,1
TXN_36132,USER_5570,63.18,1.0,100,1
TXN_34409,USER_1690,11.66,1.0,100,1
TXN_8738,USER_2426,59.29,1.0,100,1
TXN_24054,USER_5720,221.58,1.0,100,1
TXN_43631,USER_6519,98.74,1.0,100,1
TXN_10358,USER_5865,12.32,1.0,100,1
TXN_36077,USER_5538,8.53,1.0,100,1
TXN_3240,USER_8742,4.77,1.0,100,1
TXN_6665,USER_8830,0.44,1.0,100,1
TXN_28885,USER_7399,58.49,1.0,100,1
TXN_40056,USER_7459,253.25,1.0,100,1
TXN_45083,USER_6110,187.2,1.0,100,1
TXN_39563,USER_3157,117.65,1.0,100,1
TXN_2567,USER_4868,113.2,1.0,100,1
TXN_1545,USER_1013,155.25,1.0,100,1
TXN_20045,USER_5336,35.12,1.0,100,1
TXN_26905,USER_3424,106.07,1.0,100,1
TXN_32559,USER_1957,180.86,1.0,100,1
TXN_5499,USER_8322,382.69,1.0,100,1
TXN_15627,USER_8020,90.79,1.0,100,1
TXN_7489,USER_9234,110.32,1.0,100,1
TXN_32355,USER_3586,28.38,1.0,100,1
TXN_8269,USER_1415,118.93,1.0,100,1
TXN_21637,USER_7101,78.81,1.0,100,1
TXN_1996,USER_1147,100.27,1.0,100,1
TXN_3089,USER_4583,100.13,1.0,100,1
TXN_33291,USER_5301,195.92,1.0,100,1
TXN_15732,USER_9703,149.94,1.0,100,1
TXN_40935,USER_3998,197.59,1.0,100,1
TXN_34899,USER_3930,75.19,1.0,100,1
TXN_534,USER_9647,115.49,1.0,100,1
TXN_11049,USER_9759,74.84,1.0,100,1
TXN_30699,USER_5671,42.76,1.0,100,1
TXN_25241,USER_4534,57.51,1.0,100,1
TXN_21811,USER_7505,177.59,1.0,100,1
TXN_46074,USER_6733,99.94,1.0,100,1
TXN_33980,USER_4790,0.43,1.0,100,1
TXN_48500,USER_6101,116.34,1.0,100,1
TXN_23817,USER_8604,73.7,1.0,100,1
TXN_143,USER_9901,208.66,1.0,100,1
TXN_3228,USER_2661,176.6,1.0,100,1
TXN_13147,USER_8446,166.12,1.0,100,1
TXN_11397,USER_5946,81.7,1.0,100,1
TXN_38799,USER_8474,27.11,1.0,100,1
TXN_48739,USER_4605,66.23,1.0,100,1
TXN_5555,USER_6645,87.46,1.0,100,1
TXN_41515,USER_3139,66.4,1.0,100,1
TXN_1552,USER_9219,13.02,1.0,100,1
TXN_32924,USER_2664,20.32,1.0,100,1
TXN_8926,USER_5408,85.13,1.0,100,1
TXN_30851,USER_1025,101.67,1.0,100,1
TXN_45549,USER_7296,179.04,1.0,100,1
TXN_8055,USER_2509,53.74,1.0,100,1
TXN_32363,USER_4318,86.46,1.0,100,1
TXN_32922,USER_5566,35.99,1.0,100,1
TXN_17380,USER_6566,20.74,1.0,100,1
TXN_26870,USER_3434,83.9,1.0,100,1
TXN_37394,USER_8083,128.39,1.0,100,1
TXN_14259,USER_4520,122.31,1.0,100,1
TXN_13016,USER_4920,2.54,1.0,100,1
TXN_15792,USER_8830,96.05,1.0,100,1
TXN_43909,USER_9312,41.52,1.0,100,1
TXN_18100,USER_6408,148.05,1.0,100,1
TXN_49105,USER_5078,63.2,1.0,100,1
TXN_16667,USER_5975,148.07,1.0,100,1
TXN_3565,USER_6552,28.28,1.0,100,1
TXN_47564,USER_9177,36.5,1.0,100,1
TXN_26636,USER_6110,12.34,1.0,100,1
TXN_15630,USER_7735,5.57,1.0,100,1
TXN_2121,USER_3023,243.63,1.0,100,1
TXN_20906,USER_3957,53.88,1.0,100,1
TXN_16727,USER_8181,342.88,1.0,100,1
TXN_32167,USER_2598,140.77,1.0,100,1
TXN_19585,USER_2604,131.11,1.0,100,1
TXN_17272,USER_8675,15.8,1.0,100,1
TXN_9533,USER_1174,221.31,1.0,100,1
TXN_18122,USER_4428,83.39,1.0,100,1
TXN_49235,USER_7769,14.93,1.0,100,1
TXN_13393,USER_3163,109.25,1.0,100,1
TXN_6937,USER_6324,40.29,1.0,100,1
TXN_46102,USER_2511,90.11,1.0,100,1
TXN_46912,USER_5854,298.63,1.0,100,1
TXN_20175,USER_9352,32.07,1.0,100,1
TXN_40860,USER_7698,36.97,1.0,100,1
TXN_3225,USER_1406,32.7,1.0,100,1
TXN_35228,USER_1760,22.59,1.0,100,1
TXN_20028,USER_3984,182.81,1.0,100,1
TXN_17587,USER_1645,29.49,1.0,100,1
TXN_35333,USER_9663,77.35,1.0,100,1
TXN_23760,USER_4480,64.71,1.0,100,1
TXN_43085,USER_7868,165.39,1.0,100,1
TXN_10313,USER_8377,54.7,1.0,100,1
TXN_20462,USER_5758,142.13,1.0,100,1
TXN_16075,USER_1448,19.5,1.0,100,1
TXN_36919,USER_5387,165.48,1.0,100,1
TXN_23065,USER_2883,154.22,1.0,100,1
TXN_15323,USER_9032,18.75,1.0,100,1
TXN_32016,USER_6543,17.15,1.0,100,1
TXN_11962,USER_8704,301.82,1.0,100,1
TXN_39725,USER_2328,181.52,1.0,100,1
TXN_9196,USER_9762,94.38,1.0,100,1
TXN_32769,USER_6020,6.8,1.0,100,1
TXN_49852,USER_2287,20.26,1.0,100,1
TXN_34629,USER_9125,76.91,1.0,100,1
TXN_5269,USER_1534,165.69,1.0,100,1
TXN_8320,USER_7152,28.96,1.0,100,1
TXN_10740,USER_7594,251.7,1.0,100,1
TXN_46861,USER_7583,3.67,1.0,100,1
TXN_14380,USER_8549,352.15,1.0,100,1
TXN_11360,USER_1405,265.66,1.0,100,1
TXN_17451,USER_9056,10.47,1.0,100,1
TXN_28060,USER_3173,490.53,1.0,100,1
TXN_43948,USER_1538,58.8,1.0,100,1
TXN_27025,USER_5473,177.05,1.0,100,1
TXN_41081,USER_5715,25.18,1.0,100,1
TXN_34085,USER_9262,20.55,1.0,100,1
TXN_27094,USER_6108,76.62,1.0,100,1
TXN_1230,USER_2165,206.02,1.0,100,1
TXN_34678,USER_7794,80.6,1.0,100,1
TXN_49386,USER_6236,4.44,1.0,100,1
TXN_18300,USER_8224,62.39,1.0,100,1
TXN_47112,USER_9413,51.26,1.0,100,1
TXN_16562,USER_5171,38.41,1.0,100,1
TXN_41856,USER_2496,327.68,1.0,100,1
TXN_42511,USER_2895,129.72,1.0,100,1
TXN_8683,USER_4891,96.05,1.0,100,1
TXN_9269,USER_1607,163.57,1.0,100,1
TXN_6391,USER_1808,48.28,1.0,100,1
TXN_29991,USER_2363,82.24,1.0,100,1
TXN_37333,USER_6121,245.62,1.0,100,1
TXN_28464,USER_4771,108.85,1.0,100,1
TXN_44392,USER_8941,61.07,1.0,100,1
TXN_2410,USER_1141,40.79,1.0,100,1
TXN_1820,USER_6280,264.72,1.0,100,1
TXN_34635,USER_4238,24.67,1.0,100,1
TXN_32439,USER_2750,111.35,1.0,100,1
TXN_47162,USER_3809,20.61,1.0,100,1
TXN_27155,USER_5996,16.28,1.0,100,1
TXN_43759,USER_7454,82.24,1.0,100,1
TXN_240,USER_3869,13.13,1.0,100,1
TXN_37845,USER_1851,125.35,1.0,100,1
TXN_32574,USER_3520,144.75,1.0,100,1
TXN_41910,USER_2041,27.31,1.0,100,1
TXN_26312,USER_9416,294.3,1.0,100,1
TXN_49965,USER_3942,11.91,1.0,100,1
TXN_9637,USER_3868,137.54,1.0,100,1
TXN_23488,USER_3425,7.32,1.0,100,1
TXN_34335,USER_8614,268.16,1.0,100,1
TXN_44836,USER_2204,73.55,1.0,100,1
TXN_28229,USER_3350,113.05,1.0,100,1
TXN_6001,USER_9879,106.76,1.0,100,1
TXN_9271,USER_8790,29.47,1.0,100,1
TXN_228,USER_7197,235.89,1.0,100,1
TXN_24746,USER_7352,59.01,1.0,100,1
TXN_45416,USER_1250,17.86,1.0,100,1
TXN_37052,USER_8242,24.64,1.0,100,1
TXN_45210,USER_7441,42.21,1.0,100,1
TXN_37729,USER_9221,158.93,1.0,100,1
TXN_41785,USER_8528,39.71,1.0,100,1
TXN_48312,USER_2062,37.4,1.0,100,1
TXN_25855,USER_9072,11.98,1.0,100,1
TXN_1907,USER_9800,87.76,1.0,100,1
TXN_29424,USER_2268,45.68,1.0,100,1
TXN_23308,USER_2206,82.68,1.0,100,1
TXN_41505,USER_7591,189.86,1.0,100,1
TXN_36942,USER_4996,328.94,1.0,100,1
TXN_48451,USER_9348,13.12,1.0,100,1
TXN_23649,USER_4752,65.75,1.0,100,1
TXN_42065,USER_4249,40.76,1.0,100,1
TXN_46482,USER_1136,76.9,1.0,100,1
TXN_15804,USER_1568,47.62,1.0,100,1
TXN_6449,USER_5264,304.73,1.0,100,1
TXN_36993,USER_7058,53.31,1.0,100,1
TXN_28307,USER_6588,60.1,1.0,100,1
TXN_45446,USER_8216,38.98,1.0,100,1
TXN_40537,USER_2286,128.52,1.0,100,1
TXN_42771,USER_7500,108.13,1.0,100,1
TXN_5178,USER_1215,144.28,1.0,100,1
TXN_30022,USER_1947,20.14,1.0,100,1
TXN_15240,USER_1295,32.73,1.0,100,1
TXN_17719,USER_5465,167.55,1.0,100,1
TXN_20213,USER_4266,43.62,1.0,100,1
TXN_31973,USER_2440,74.53,1.0,100,1
TXN_9158,USER_1574,171.34,1.0,100,1
TXN_20651,USER_6997,20.82,1.0,100,1
TXN_47740,USER_4412,97.27,1.0,100,1
TXN_47669,USER_2618,148.37,1.0,100,1
TXN_40205,USER_7600,9.28,1.0,100,1
TXN_34159,USER_1960,8.04,1.0,100,1
TXN_29086,USER_2547,85.51,1.0,100,1
TXN_21181,USER_8562,50.2,1.0,100,1
TXN_34158,USER_4706,367.55,1.0,100,1
TXN_35139,USER_6329,269.43,1.0,100,1
TXN_5586,USER_6705,103.03,1.0,100,1
TXN_32728,USER_6413,90.58,1.0,100,1
TXN_17551,USER_9460,89.17,1.0,100,1
TXN_20039,USER_3769,2.39,1.0,100,1
TXN_9947,USER_2934,67.58,1.0,100,1
TXN_32335,USER_1969,67.63,1.0,100,1
TXN_1577,USER_3734,82.13,1.0,100,1
TXN_31898,USER_2806,61.1,1.0,100,1
TXN_6691,USER_6402,4.22,1.0,100,1
TXN_6358,USER_1719,73.92,1.0,100,1
TXN_10570,USER_8730,60.31,1.0,100,1
TXN_7037,USER_7671,37.43,1.0,100,1
TXN_28129,USER_3612,68.89,1.0,100,1
TXN_47930,USER_2749,31.47,1.0,100,1
TXN_38990,USER_1572,71.09,1.0,100,1
TXN_9873,USER_9976,64.32,1.0,100,1
TXN_5033,USER_5479,120.06,1.0,100,1
TXN_21598,USER_3478,2.21,1.0,100,1
TXN_12940,USER_6809,406.48,1.0,100,1
TXN_32966,USER_2978,91.37,1.0,100,1
TXN_27777,USER_7664,90.6,1.0,100,1
TXN_32567,USER_3396,27.99,1.0,100,1
TXN_13798,USER_9558,121.01,1.0,100,1
TXN_17558,USER_6684,6.71,1.0,100,1
TXN_17118,USER_6239,40.91,1.0,100,1
TXN_48999,USER_4427,157.57,1.0,100,1
TXN_15187,USER_8856,123.65,1.0,100,1
TXN_25791,USER_5432,170.87,1.0,100,1
TXN_24900,USER_2223,40.8,1.0,100,1
TXN_39867,USER_4096,10.3,1.0,100,1
TXN_22499,USER_2605,122.05,1.0,100,1
TXN_19937,USER_3180,47.51,1.0,100,1
TXN_12632,USER_7115,96.95,1.0,100,1
TXN_44412,USER_9546,112.89,1.0,100,1
TXN_7349,USER_5811,56.22,1.0,100,1
TXN_47264,USER_5766,47.67,1.0,100,1
TXN_16252,USER_3109,37.97,1.0,100,1
TXN_6191,USER_2982,9.5,1.0,100,1
TXN_17898,USER_1376,32.59,1.0,100,1
TXN_18982,USER_9878,14.12,1.0,100,1
TXN_1001,USER_5873,44.56,1.0,100,1
TXN_1191,USER_4561,15.95,1.0,100,1
TXN_8334,USER_5784,321.92,1.0,100,1
TXN_6008,USER_6171,22.84,1.0,100,1
TXN_30966,USER_2660,8.95,1.0,100,1
TXN_3332,USER_8196,471.8,1.0,100,1
TXN_21292,USER_6738,34.01,1.0,100,1
TXN_38353,USER_3819,312.72,1.0,100,1
TXN_32626,USER_6127,3.3,1.0,100,1
TXN_42330,USER_5822,156.91,1.0,100,1
TXN_40734,USER_3015,110.53,1.0,100,1
TXN_2580,USER_7439,220.18,1.0,100,1
TXN_12021,USER_2506,3.2,1.0,100,1
TXN_6772,USER_3800,4.34,1.0,100,1
TXN_8219,USER_1774,22.31,1.0,100,1
TXN_18981,USER_9877,9.13,1.0,100,1
TXN_42058,USER_9471,67.5,1.0,100,1
TXN_18061,USER_2687,81.06,1.0,100,1
TXN_17632,USER_2745,25.58,1.0,100,1
TXN_5650,USER_9445,214.75,1.0,100,1
TXN_42224,USER_3744,151.01,1.0,100,1
TXN_7036,USER_7163,41.78,1.0,100,1
TXN_4270,USER_6737,32.12,1.0,100,1
TXN_29809,USER_5688,43.03,1.0,100,1
TXN_9190,USER_8248,99.7,1.0,100,1
TXN_21042,USER_6515,138.91,1.0,100,1
TXN_5296,USER_7604,30.09,1.0,100,1
TXN_14745,USER_2335,369.17,1.0,100,1
TXN_17750,USER_6473,16.15,1.0,100,1
TXN_39439,USER_7800,1.07,1.0,100,1
TXN_8876,USER_8272,9.82,1.0,100,1
TXN_47676,USER_4749,1.26,1.0,100,1
TXN_28756,USER_9611,154.45,1.0,100,1
TXN_4758,USER_4096,210.59,1.0,100,1
TXN_37782,USER_7178,25.11,1.0,100,1
TXN_33949,USER_8776,30.42,1.0,100,1
TXN_22092,USER_3328,88.73,1.0,100,1
TXN_31334,USER_7639,217.47,1.0,100,1
TXN_14308,USER_8513,215.98,1.0,100,1
TXN_26027,USER_3023,50.82,1.0,100,1
TXN_9837,USER_8663,55.41,1.0,100,1
TXN_33073,USER_7353,147.68,1.0,100,1
TXN_28112,USER_8931,110.71,1.0,100,1
TXN_3917,USER_3440,118.02,1.0,100,1
TXN_36630,USER_5944,142.92,1.0,100,1
TXN_14318,USER_5012,42.34,1.0,100,1
TXN_38417,USER_8658,197.92,1.0,100,1
TXN_28091,USER_9240,0.67,1.0,100,1
TXN_7235,USER_4273,101.62,1.0,100,1
TXN_41863,USER_3895,79.04,1.0,100,1
TXN_32230,USER_1434,111.01,1.0,100,1
TXN_19281,USER_4083,185.18,1.0,100,1
TXN_42049,USER_1199,1.14,1.0,100,1
TXN_34806,USER_2960,89.77,1.0,100,1
TXN_41183,USER_6749,136.08,1.0,100,1
TXN_42614,USER_3434,204.1,1.0,100,1
TXN_44410,USER_4119,81.4,1.0,100,1
TXN_6559,USER_3686,132.2,1.0,100,1
TXN_35892,USER_3725,17.48,1.0,100,1
TXN_11706,USER_2845,41.83,1.0,100,1
TXN_5506,USER_1534,149.1,1.0,100,1
TXN_35163,USER_5667,36.79,1.0,100,1
TXN_15310,USER_1599,60.43,1.0,100,1
TXN_8531,USER_9625,255.59,1.0,100,1
TXN_37038,USER_9187,5.9,1.0,100,1
TXN_49854,USER_5036,101.32,1.0,100,1
TXN_42674,USER_3144,28.37,1.0,100,1
TXN_29831,USER_2441,56.21,1.0,100,1
TXN_41798,USER_1361,215.18,1.0,100,1
TXN_19880,USER_3732,272.57,1.0,100,1
TXN_12177,USER_6631,33.31,1.0,100,1
TXN_10846,USER_4646,169.52,1.0,100,1
TXN_6089,USER_5777,163.33,1.0,100,1
TXN_44121,USER_5193,34.97,1.0,100,1
TXN_34493,USER_7431,26.25,1.0,100,1
TXN_5606,USER_9787,103.99,1.0,100,1
TXN_26347,USER_1561,29.5,1.0,100,1
TXN_38308,USER_6618,123.88,1.0,100,1
TXN_31097,USER_3749,93.53,1.0,100,1
TXN_45214,USER_8072,63.71,1.0,100,1
TXN_27843,USER_1952,16.44,1.0,100,1
TXN_29793,USER_2667,10.62,1.0,100,1
TXN_17857,USER_2674,22.55,1.0,100,1
TXN_18565,USER_6775,61.08,1.0,100,1
TXN_26025,USER_7051,147.73,1.0,100,1
TXN_5798,USER_4057,105.28,1.0,100,1
TXN_17848,USER_4433,304.8,1.0,100,1
TXN_22490,USER_3003,197.73,1.0,100,1
TXN_33979,USER_4868,35.14,1.0,100,1
TXN_9121,USER_1625,82.98,1.0,100,1
TXN_17027,USER_3074,96.33,1.0,100,1
TXN_10310,USER_3994,168.19,1.0,100,1
TXN_17303,USER_7336,90.74,1.0,100,1
TXN_5930,USER_2545,252.01,1.0,100,1
TXN_38170,USER_5761,17.31,1.0,100,1
TXN_27151,USER_3955,40.89,1.0,100,1
TXN_8750,USER_3886,185.35,1.0,100,1
TXN_7354,USER_7169,96.68,1.0,100,1
TXN_28633,USER_9946,60.59,1.0,100,1
TXN_24495,USER_7721,128.99,1.0,100,1
TXN_7837,USER_7502,18.44,1.0,100,1
TXN_35414,USER_4773,73.87,1.0,100,1
TXN_9290,USER_2780,80.62,1.0,100,1
TXN_24941,USER_4694,191.32,1.0,100,1
TXN_13945,USER_2178,82.08,1.0,100,1
TXN_44919,USER_5917,123.64,1.0,100,1
TXN_41750,USER_7482,24.82,1.0,100,1
TXN_17130,USER_6358,62.74,1.0,100,1
TXN_31086,USER_9644,4.92,1.0,100,1
TXN_17304,USER_9706,197.47,1.0,100,1
TXN_7008,USER_6976,86.01,1.0,100,1
TXN_33040,USER_8001,44.56,1.0,100,1
TXN_18157,USER_9379,131.91,1.0,100,1
TXN_35932,USER_7267,17.23,1.0,100,1
TXN_14693,USER_9301,96.79,1.0,100,1
TXN_11350,USER_8434,72.26,1.0,100,1
TXN_36358,USER_6856,232.27,1.0,100,1
TXN_46660,USER_9037,547.93,1.0,100,1
TXN_41612,USER_2415,21.07,1.0,100,1
TXN_18542,USER_9348,31.64,1.0,100,1
TXN_2035,USER_7267,217.96,1.0,100,1
TXN_40745,USER_3511,38.08,1.0,100,1
TXN_20690,USER_3976,124.35,1.0,100,1
TXN_10905,USER_1333,61.2,1.0,100,1
TXN_49870,USER_3741,25.72,1.0,100,1
TXN_1466,USER_9619,141.25,1.0,100,1
TXN_375,USER_4672,166.02,1.0,100,1
TXN_33030,USER_2769,24.07,1.0,100,1
TXN_42904,USER_1018,50.67,1.0,100,1
TXN_25868,USER_9447,102.86,1.0,100,1
TXN_49956,USER_9227,236.61,1.0,100,1
TXN_36405,USER_2083,1.86,1.0,100,1
TXN_15989,USER_6244,180.18,1.0,100,1
TXN_28931,USER_5776,59.3,1.0,100,1
TXN_4054,USER_8538,0.7,1.0,100,1
TXN_935,USER_2854,136.52,1.0,100,1
TXN_43298,USER_8612,166.81,1.0,100,1
TXN_9726,USER_6062,32.36,1.0,100,1
TXN_15960,USER_3712,30.71,1.0,100,1
TXN_25216,USER_4848,124.61,1.0,100,1
TXN_4078,USER_8755,5.2,1.0,100,1
TXN_12853,USER_5111,74.96,1.0,100,1
TXN_4042,USER_9684,164.0,1.0,100,1
TXN_2575,USER_1770,16.68,1.0,100,1
TXN_39522,USER_4402,300.21,1.0,100,1
TXN_15470,USER_1390,26.73,1.0,100,1
TXN_29377,USER_8978,74.17,1.0,100,1
TXN_46020,USER_6077,0.69,1.0,100,1
TXN_40299,USER_4200,164.21,1.0,100,1
TXN_7371,USER_2915,24.33,1.0,100,1
TXN_7189,USER_6246,159.93,1.0,100,1
TXN_2776,USER_8901,157.98,1.0,100,1
TXN_27564,USER_9439,129.35,1.0,100,1
TXN_14629,USER_5022,138.97,1.0,100,1
TXN_8044,USER_5332,107.0,1.0,100,1
TXN_9615,USER_8475,462.77,1.0,100,1
TXN_10900,USER_9102,10.14,1.0,100,1
TXN_43403,USER_3790,20.03,1.0,100,1
TXN_7148,USER_5690,158.69,1.0,100,1
TXN_37419,USER_2324,74.53,1.0,100,1
TXN_23382,USER_3817,87.09,1.0,100,1
TXN_22394,USER_1563,240.41,1.0,100,1
TXN_37710,USER_6566,145.28,1.0,100,1
TXN_864,USER_5018,56.45,1.0,100,1
TXN_40222,USER_9215,250.1,1.0,100,1
TXN_37997,USER_2132,84.92,1.0,100,1
TXN_36635,USER_6530,105.12,1.0,100,1
TXN_34152,USER_9844,0.38,1.0,100,1
TXN_41513,USER_8895,38.41,1.0,100,1
TXN_44609,USER_7482,56.63,1.0,100,1
TXN_46124,USER_9253,82.34,1.0,100,1
TXN_43169,USER_9967,93.83,1.0,100,1
TXN_7206,USER_8065,47.41,1.0,100,1
TXN_15995,USER_2892,131.23,1.0,100,1
TXN_7452,USER_7912,61.46,1.0,100,1
TXN_45872,USER_7900,2.03,1.0,100,1
TXN_27540,USER_6926,47.05,1.0,100,1
TXN_30564,USER_5958,120.93,1.0,100,1
TXN_21153,USER_6372,262.95,1.0,100,1
TXN_6135,USER_7878,44.8,1.0,100,1
TXN_5573,USER_6367,94.15,1.0,100,1
TXN_13731,USER_1788,188.07,1.0,100,1
TXN_31831,USER_1938,30.53,1.0,100,1
TXN_37770,USER_1497,4.59,1.0,100,1
TXN_33654,USER_1303,16.26,1.0,100,1
TXN_26627,USER_8394,32.14,1.0,100,1
TXN_11984,USER_7278,240.46,1.0,100,1
TXN_49823,USER_7550,85.22,1.0,100,1
TXN_17755,USER_8538,63.68,1.0,100,1
TXN_7135,USER_3272,36.66,1.0,100,1
TXN_37422,USER_7233,90.99,1.0,100,1
TXN_21889,USER_5694,41.2,1.0,100,1
TXN_32535,USER_4484,24.77,1.0,100,1
TXN_7498,USER_7196,130.54,1.0,100,1
TXN_16395,USER_5407,35.25,1.0,100,1
TXN_2537,USER_7588,29.84,1.0,100,1
TXN_15216,USER_9588,10.53,1.0,100,1
TXN_2077,USER_9553,108.97,1.0,100,1
TXN_31301,USER_9704,64.57,1.0,100,1
TXN_36174,USER_9263,108.17,1.0,100,1
TXN_47635,USER_7030,22.32,1.0,100,1
TXN_28164,USER_8636,235.91,1.0,100,1
TXN_25491,USER_2400,136.73,1.0,100,1
TXN_23165,USER_9743,131.19,1.0,100,1
TXN_33045,USER_2771,4.89,1.0,100,1
TXN_30497,USER_8166,143.39,1.0,100,1
TXN_10374,USER_4046,17.38,1.0,100,1
TXN_43485,USER_4023,6.21,1.0,100,1
TXN_287,USER_2184,83.36,1.0,100,1
TXN_22337,USER_1676,12.6,1.0,100,1
TXN_40975,USER_6366,189.59,1.0,100,1
TXN_23853,USER_7054,324.12,1.0,100,1
TXN_244,USER_7944,86.23,1.0,100,1
TXN_3178,USER_4156,13.93,1.0,100,1
TXN_20855,USER_5723,18.53,1.0,100,1
TXN_18211,USER_8796,32.42,1.0,100,1
TXN_25095,USER_2716,115.1,1.0,100,1
TXN_37583,USER_2307,387.34,1.0,100,1
TXN_1094,USER_3681,107.07,1.0,100,1
TXN_38892,USER_6926,8.74,1.0,100,1
TXN_23324,USER_3379,138.5,1.0,100,1
TXN_3982,USER_1910,492.07,1.0,100,1
TXN_15790,USER_2982,464.44,1.0,100,1
TXN_23862,USER_2406,250.13,1.0,100,1
TXN_48225,USER_9578,268.54,1.0,100,1
TXN_14616,USER_2933,327.36,1.0,100,1
TXN_16428,USER_4540,361.03,1.0,100,1
TXN_49321,USER_6400,16.06,1.0,100,1
TXN_41789,USER_9547,14.14,1.0,100,1
TXN_13861,USER_8695,43.77,1.0,100,1
TXN_13001,USER_5257,168.19,1.0,100,1
TXN_19630,USER_8405,134.22,1.0,100,1
TXN_35183,USER_7352,260.7,1.0,100,1
TXN_19945,USER_4880,153.8,1.0,100,1
TXN_45249,USER_9777,27.19,1.0,100,1
TXN_11618,USER_9276,42.09,1.0,100,1
TXN_47431,USER_8787,158.16,1.0,100,1
TXN_40149,USER_1587,12.11,1.0,100,1
TXN_25359,USER_6680,300.95,1.0,100,1
TXN_13675,USER_5270,64.12,1.0,100,1
TXN_4586,USER_1242,390.57,1.0,100,1
TXN_41198,USER_3681,79.02,1.0,100,1
TXN_22831,USER_1434,102.91,1.0,100,1
TXN_32443,USER_6878,57.96,1.0,100,1
TXN_42316,USER_5251,56.01,1.0,100,1
TXN_44913,USER_8395,109.99,1.0,100,1
TXN_38084,USER_4927,3.65,1.0,100,1
TXN_18437,USER_5533,165.97,1.0,100,1
TXN_41247,USER_8791,296.82,1.0,100,1
TXN_41989,USER_1471,2.99,1.0,100,1
TXN_46962,USER_1456,261.16,1.0,100,1
TXN_36730,USER_4350,85.34,1.0,100,1
TXN_40031,USER_3543,193.45,1.0,100,1
TXN_21438,USER_4991,163.84,1.0,100,1
TXN_41938,USER_1131,159.79,1.0,100,1
TXN_40469,USER_6286,69.33,1.0,100,1
TXN_20435,USER_5583,194.6,1.0,100,1
TXN_18581,USER_3021,87.04,1.0,100,1
TXN_47140,USER_5640,196.98,1.0,100,1
TXN_44301,USER_8274,222.0,1.0,100,1
TXN_14586,USER_1825,40.72,1.0,100,1
TXN_31976,USER_1555,49.98,1.0,100,1
TXN_10283,USER_9559,46.1,1.0,100,1
TXN_22908,USER_5051,51.89,1.0,100,1
TXN_37952,USER_5200,80.32,1.0,100,1
TXN_39791,USER_1876,3.64,1.0,100,1
TXN_37292,USER_8411,12.4,1.0,100,1
TXN_5313,USER_8798,0.07,1.0,100,1
TXN_47843,USER_4134,271.46,1.0,100,1
TXN_3854,USER_3411,103.09,1.0,100,1
TXN_3558,USER_6618,98.78,1.0,100,1
TXN_9772,USER_9269,401.89,1.0,100,1
TXN_35186,USER_9594,163.54,1.0,100,1
TXN_36966,USER_3543,84.65,1.0,100,1
TXN_48502,USER_1015,80.9,1.0,100,1
TXN_19229,USER_7227,160.71,1.0,100,1
TXN_9673,USER_4879,55.68,1.0,100,1
TXN_27877,USER_7368,19.41,1.0,100,1
TXN_9275,USER_2914,2.48,1.0,100,1
TXN_13269,USER_7359,30.38,1.0,100,1
TXN_45684,USER_4566,35.82,1.0,100,1
TXN_7384,USER_1783,94.95,1.0,100,1
TXN_22553,USER_1440,184.28,1.0,100,1
TXN_24366,USER_4777,18.3,1.0,100,1
TXN_41669,USER_2479,323.29,1.0,100,1
TXN_29425,USER_3376,47.51,1.0,100,1
TXN_39696,USER_6708,69.93,1.0,100,1
TXN_14719,USER_4066,110.67,1.0,100,1
TXN_7566,USER_6404,134.88,1.0,100,1
TXN_46297,USER_9354,14.96,1.0,100,1
TXN_24042,USER_3816,263.4,1.0,100,1
TXN_17387,USER_4310,230.41,1.0,100,1
TXN_46502,USER_2723,77.41,1.0,100,1
TXN_9890,USER_2477,31.91,1.0,100,1
TXN_48762,USER_2140,84.3,1.0,100,1
TXN_30663,USER_9162,35.67,1.0,100,1
TXN_3961,USER_5482,5.78,1.0,100,1
TXN_29277,USER_8249,255.69,1.0,100,1
TXN_41574,USER_7553,36.63,1.0,100,1
TXN_45291,USER_6439,166.57,1.0,100,1
TXN_48519,USER_9417,29.77,1.0,100,1
TXN_18816,USER_2451,55.39,1.0,100,1
TXN_29432,USER_7871,248.79,1.0,100,1
TXN_34217,USER_2627,219.6,1.0,100,1
TXN_36885,USER_2223,162.54,1.0,100,1
TXN_43618,USER_3717,57.55,1.0,100,1
TXN_18412,USER_7467,75.62,1.0,100,1
TXN_20142,USER_6099,252.14,1.0,100,1
TXN_42222,USER_5702,202.05,1.0,100,1
TXN_2462,USER_8156,91.7,1.0,100,1
TXN_38652,USER_9930,384.19,1.0,100,1
TXN_27790,USER_6599,2.88,1.0,100,1
TXN_35440,USER_3862,164.52,1.0,100,1
TXN_29546,USER_9769,17.42,1.0,100,1
TXN_9878,USER_7862,214.48,1.0,100,1
TXN_48843,USER_5429,165.5,1.0,100,1
TXN_10377,USER_6066,28.12,1.0,100,1
TXN_7347,USER_4258,185.65,1.0,100,1
TXN_20671,USER_2654,195.05,1.0,100,1
TXN_46649,USER_7235,34.75,1.0,100,1
TXN_14011,USER_3780,8.0,1.0,100,1
TXN_2866,USER_4167,26.67,1.0,100,1
TXN_5898,USER_4459,4.9,1.0,100,1
TXN_18395,USER_7711,244.37,1.0,100,1
TXN_37707,USER_7697,7.88,1.0,100,1
TXN_4006,USER_2756,295.88,1.0,100,1
TXN_16567,USER_3520,54.96,1.0,100,1
TXN_10988,USER_5588,162.38,1.0,100,1
TXN_5698,USER_1877,47.41,1.0,100,1
TXN_27543,USER_7457,186.19,1.0,100,1
TXN_31349,USER_1764,124.46,1.0,100,1
TXN_41875,USER_5151,30.15,1.0,100,1
TXN_32703,USER_1222,1.09,1.0,100,1
TXN_8002,USER_1671,4.15,1.0,100,1
TXN_12392,USER_3804,66.97,1.0,100,1
TXN_6305,USER_3431,79.07,1.0,100,1
TXN_20566,USER_1981,5.1,1.0,100,1
TXN_2230,USER_7164,298.04,1.0,100,1
TXN_6511,USER_4281,97.94,1.0,100,1
TXN_28820,USER_1986,17.24,1.0,100,1
TXN_627,USER_3048,91.52,1.0,100,1
TXN_28128,USER_3272,28.92,1.0,100,1
TXN_13304,USER_8398,21.22,1.0,100,1
TXN_15549,USER_3438,226.48,1.0,100,1
TXN_30826,USER_8555,32.4,1.0,100,1
TXN_36071,USER_6689,197.65,1.0,100,1
TXN_22800,USER_7940,53.79,1.0,100,1
TXN_28054,USER_5966,135.23,1.0,100,1
TXN_37253,USER_6972,58.3,1.0,100,1
TXN_25074,USER_6951,21.41,1.0,100,1
TXN_13682,USER_2783,29.23,1.0,100,1
TXN_48192,USER_2044,29.63,1.0,100,1
TXN_41830,USER_6000,41.35,1.0,100,1
TXN_307,USER_9096,48.35,1.0,100,1
TXN_27323,USER_2943,157.38,1.0,100,1
TXN_46557,USER_1648,267.98,1.0,100,1
TXN_45937,USER_5618,4.56,1.0,100,1
TXN_49501,USER_3627,100.0,1.0,100,1
TXN_33885,USER_4586,151.63,1.0,100,1
TXN_44369,USER_9722,124.78,1.0,100,1
TXN_48460,USER_3233,16.87,1.0,100,1
TXN_13878,USER_6970,76.1,1.0,100,1
TXN_39760,USER_9015,99.79,1.0,100,1
TXN_27559,USER_9471,49.97,1.0,100,1
TXN_6771,USER_9434,16.45,1.0,100,1
TXN_16526,USER_7307,36.06,1.0,100,1
TXN_29896,USER_9162,4.46,1.0,100,1
TXN_12852,USER_4766,22.85,1.0,100,1
TXN_43391,USER_1843,81.03,1.0,100,1
TXN_34485,USER_8225,94.77,1.0,100,1
TXN_35554,USER_1349,44.75,1.0,100,1
TXN_36639,USER_4876,347.3,1.0,100,1
TXN_34574,USER_5104,510.36,1.0,100,1
TXN_45296,USER_2345,66.58,1.0,100,1
TXN_47217,USER_3963,98.89,1.0,100,1
TXN_3968,USER_1307,83.06,1.0,100,1
TXN_38897,USER_8090,256.37,1.0,100,1
TXN_5850,USER_9283,26.2,1.0,100,1
TXN_20588,USER_2341,59.39,1.0,100,1
TXN_11949,USER_8111,188.86,1.0,100,1
TXN_48679,USER_5920,100.31,1.0,100,1
TXN_26375,USER_6508,3.06,1.0,100,1
TXN_45460,USER_1797,61.5,1.0,100,1
TXN_24486,USER_1267,133.91,1.0,100,1
TXN_5592,USER_3838,78.99,1.0,100,1
TXN_17270,USER_4341,39.5,1.0,100,1
TXN_27649,USER_3894,82.4,1.0,100,1
TXN_39519,USER_4699,462.98,1.0,100,1
TXN_34524,USER_4247,251.15,1.0,100,1
TXN_30957,USER_3368,102.48,1.0,100,1
TXN_48678,USER_5473,97.75,1.0,100,1
TXN_27500,USER_1201,36.69,1.0,100,1
TXN_49157,USER_1562,34.33,1.0,100,1
TXN_37842,USER_9338,56.7,1.0,100,1
TXN_13900,USER_4756,62.57,1.0,100,1
TXN_20789,USER_5885,56.58,1.0,100,1
TXN_22523,USER_5353,0.59,1.0,100,1
TXN_43852,USER_8447,135.36,1.0,100,1
TXN_29872,USER_3859,130.45,1.0,100,1
TXN_9018,USER_7044,97.76,1.0,100,1
TXN_19800,USER_7220,68.76,1.0,100,1
TXN_46316,USER_9251,33.53,1.0,100,1
TXN_19942,USER_6440,61.78,1.0,100,1
TXN_2985,USER_1972,58.9,1.0,100,1
TXN_49517,USER_3121,108.26,1.0,100,1
TXN_336,USER_7457,47.0,1.0,100,1
TXN_10335,USER_9440,33.11,1.0,100,1
TXN_23741,USER_5495,141.89,1.0,100,1
TXN_34057,USER_3870,55.95,1.0,100,1
TXN_22765,USER_7139,268.23,1.0,100,1
TXN_14139,USER_5260,50.81,1.0,100,1
TXN_38230,USER_9450,244.22,1.0,100,1
TXN_19520,USER_5843,62.94,1.0,100,1
TXN_25566,USER_8218,156.81,1.0,100,1
TXN_45873,USER_7562,351.94,1.0,100,1
TXN_5208,USER_7391,97.6,1.0,100,1
TXN_21902,USER_9058,78.66,1.0,100,1
TXN_43856,USER_6212,93.41,1.0,100,1
TXN_14031,USER_4934,52.75,1.0,100,1
TXN_14536,USER_1558,126.88,1.0,100,1
TXN_446,USER_2122,12.9,1.0,100,1
TXN_36683,USER_4203,111.24,1.0,100,1
TXN_17478,USER_3002,117.58,1.0,100,1
TXN_35179,USER_7432,1.59,1.0,100,1
TXN_48222,USER_8303,21.32,1.0,100,1
TXN_32101,USER_4678,72.84,1.0,100,1
TXN_2775,USER_5152,313.57,1.0,100,1
TXN_36738,USER_9432,326.67,1.0,100,1
TXN_37099,USER_7444,69.48,1.0,100,1
TXN_24685,USER_4746,134.3,1.0,100,1
TXN_25479,USER_3802,156.71,1.0,100,1
TXN_15408,USER_2460,56.26,1.0,100,1
TXN_4131,USER_2008,328.64,1.0,100,1
TXN_38847,USER_9402,140.89,1.0,100,1
TXN_12453,USER_1511,97.12,1.0,100,1
TXN_44673,USER_2187,71.09,1.0,100,1
TXN_23926,USER_5358,61.02,1.0,100,1
TXN_49450,USER_8253,9.23,1.0,100,1
TXN_3255,USER_9234,200.31,1.0,100,1
TXN_19173,USER_7228,8.86,1.0,100,1
TXN_23559,USER_6066,298.95,1.0,100,1
TXN_23513,USER_9213,120.23,1.0,100,1
TXN_5021,USER_1731,344.07,1.0,100,1
TXN_32464,USER_9878,100.34,1.0,100,1
TXN_23596,USER_8529,140.91,1.0,100,1
TXN_1262,USER_2796,40.44,1.0,100,1
TXN_39542,USER_1634,69.15,1.0,100,1
TXN_15160,USER_7381,250.84,1.0,100,1
TXN_9076,USER_3956,211.47,1.0,100,1
TXN_31085,USER_4808,8.8,1.0,100,1
TXN_14715,USER_7961,39.13,1.0,100,1
TXN_6953,USER_2469,32.66,1.0,100,1
TXN_45366,USER_3433,202.56,1.0,100,1
TXN_22449,USER_2844,120.29,1.0,100,1
TXN_47005,USER_2063,26.5,1.0,100,1
TXN_11094,USER_6025,123.68,1.0,100,1
TXN_3262,USER_5796,42.77,1.0,100,1
TXN_35595,USER_2210,125.02,1.0,100,1
TXN_30257,USER_7352,96.49,1.0,100,1
TXN_5232,USER_4768,2.04,1.0,100,1
TXN_19610,USER_8055,79.0,1.0,100,1
TXN_13288,USER_8943,36.27,1.0,100,1
TXN_46472,USER_3659,60.56,1.0,100,1
TXN_45128,USER_6485,582.19,1.0,100,1
TXN_9941,USER_9031,92.79,1.0,100,1
TXN_23470,USER_8107,2.67,1.0,100,1
TXN_4529,USER_6675,40.68,1.0,100,1
TXN_8566,USER_5355,75.85,1.0,100,1
TXN_46503,USER_2146,41.3,1.0,100,1
TXN_2690,USER_4456,73.07,1.0,100,1
TXN_41258,USER_9274,160.06,1.0,100,1
TXN_33724,USER_2143,98.13,1.0,100,1
TXN_14908,USER_8101,62.6,1.0,100,1
TXN_27081,USER_1684,119.38,1.0,100,1
TXN_19212,USER_4142,139.2,1.0,100,1
TXN_43469,USER_6483,2.62,1.0,100,1
TXN_17375,USER_9562,114.59,1.0,100,1
TXN_30926,USER_6771,9.34,1.0,100,1
TXN_36607,USER_6925,34.58,1.0,100,1
TXN_45153,USER_9431,32.34,1.0,100,1
TXN_21188,USER_7446,141.02,1.0,100,1
TXN_27772,USER_5022,29.22,1.0,100,1
TXN_10776,USER_7571,256.04,1.0,100,1
TXN_32835,USER_4277,9.93,1.0,100,1
TXN_46603,USER_7595,92.06,1.0,100,1
TXN_36289,USER_9047,15.39,1.0,100,1
TXN_16767,USER_3806,367.94,1.0,100,1
TXN_12226,USER_2168,20.31,1.0,100,1
TXN_27869,USER_5372,142.38,1.0,100,1
TXN_22588,USER_1761,115.04,1.0,100,1
TXN_13440,USER_3953,45.73,1.0,100,1
TXN_27526,USER_7395,48.24,1.0,100,1
TXN_24031,USER_4860,206.69,1.0,100,1
TXN_49833,USER_8462,25.64,1.0,100,1
TXN_20324,USER_8760,96.39,1.0,100,1
TXN_5710,USER_2223,209.82,1.0,100,1
TXN_35959,USER_5530,24.16,1.0,100,1
TXN_365,USER_3838,41.33,1.0,100,1
TXN_2378,USER_2958,18.81,1.0,100,1
TXN_38437,USER_5459,30.97,1.0,100,1
TXN_27923,USER_8906,103.16,1.0,100,1
TXN_9867,USER_4996,127.65,1.0,100,1
TXN_670,USER_1137,78.27,1.0,100,1
TXN_11577,USER_7867,30.46,1.0,100,1
TXN_11763,USER_7167,69.55,1.0,100,1
TXN_35386,USER_3842,15.06,1.0,100,1
TXN_35740,USER_5911,25.24,1.0,100,1
TXN_11705,USER_8501,28.04,1.0,100,1
TXN_17374,USER_2437,96.56,1.0,100,1
TXN_49020,USER_2695,0.71,1.0,100,1
TXN_19275,USER_8167,45.03,1.0,100,1
TXN_38712,USER_8648,62.02,1.0,100,1
TXN_40172,USER_4144,5.07,1.0,100,1
TXN_10625,USER_8897,11.48,1.0,100,1
TXN_6859,USER_1792,166.32,1.0,100,1
TXN_18945,USER_1153,63.01,1.0,100,1
TXN_33625,USER_1461,10.13,1.0,100,1
TXN_4886,USER_5758,20.41,1.0,100,1
TXN_23185,USER_9996,90.5,1.0,100,1
TXN_43442,USER_3369,61.56,1.0,100,1
TXN_47853,USER_8894,70.16,1.0,100,1
TXN_25307,USER_7649,32.39,1.0,100,1
TXN_11064,USER_3800,122.85,1.0,100,1
TXN_11312,USER_9938,92.95,1.0,100,1
TXN_6476,USER_5753,0.45,1.0,100,1
TXN_2382,USER_6063,104.72,1.0,100,1
TXN_22463,USER_5935,122.34,1.0,100,1
TXN_33402,USER_6723,70.33,1.0,100,1
TXN_26345,USER_1531,157.27,1.0,100,1
TXN_44764,USER_2852,91.22,1.0,100,1
TXN_22335,USER_9456,20.49,1.0,100,1
TXN_24123,USER_7128,5.32,1.0,100,1
TXN_22387,USER_4166,28.51,1.0,100,1
TXN_43626,USER_2487,148.79,1.0,100,1
TXN_15810,USER_4151,24.01,1.0,100,1
TXN_30009,USER_4106,46.56,1.0,100,1
TXN_192,USER_1659,42.77,1.0,100,1
TXN_36413,USER_2997,177.29,1.0,100,1
TXN_32130,USER_4289,21.98,1.0,100,1
TXN_10655,USER_9467,9.81,1.0,100,1
TXN_9359,USER_9014,94.19,1.0,100,1
TXN_42581,USER_5913,26.72,1.0,100,1
TXN_14671,USER_7189,70.37,1.0,100,1
TXN_10738,USER_5729,12.52,1.0,100,1
TXN_36584,USER_4903,8.06,1.0,100,1
TXN_4994,USER_1066,160.25,1.0,100,1
TXN_3764,USER_8876,240.18,1.0,100,1
TXN_46414,USER_1008,23.88,1.0,100,1
TXN_37405,USER_9585,144.03,1.0,100,1
TXN_42215,USER_8253,95.83,1.0,100,1
TXN_46052,USER_9072,133.71,1.0,100,1
TXN_16322,USER_7030,194.46,1.0,100,1
TXN_6968,USER_3902,213.49,1.0,100,1
TXN_27518,USER_1833,23.4,1.0,100,1
TXN_27886,USER_9698,105.46,1.0,100,1
TXN_4733,USER_8797,200.38,1.0,100,1
TXN_7081,USER_1975,99.83,1.0,100,1
TXN_43939,USER_2543,41.27,1.0,100,1
TXN_46377,USER_6819,85.31,1.0,100,1
TXN_3453,USER_2873,45.14,1.0,100,1
TXN_36320,USER_9498,91.04,1.0,100,1
TXN_35010,USER_5339,183.33,1.0,100,1
TXN_14665,USER_5835,53.87,1.0,100,1
TXN_8640,USER_1745,147.79,1.0,100,1
TXN_37004,USER_8715,4.39,1.0,100,1
TXN_45497,USER_5303,61.61,1.0,100,1
TXN_47438,USER_4917,70.19,1.0,100,1
TXN_35436,USER_9561,38.19,1.0,100,1
TXN_12356,USER_9277,63.85,1.0,100,1
TXN_2187,USER_3839,5.99,1.0,100,1
TXN_32828,USER_9932,209.48,1.0,100,1
TXN_3927,USER_1226,18.32,1.0,100,1
TXN_44895,USER_3150,73.79,1.0,100,1
TXN_38889,USER_1907,13.41,1.0,100,1
TXN_11087,USER_7611,130.5,1.0,100,1
TXN_30816,USER_6973,44.56,1.0,100,1
TXN_39740,USER_7428,145.83,1.0,100,1
TXN_136,USER_2663,25.13,1.0,100,1
TXN_17413,USER_4381,6.9,1.0,100,1
TXN_49011,USER_4133,262.89,1.0,100,1
TXN_27253,USER_7652,216.22,1.0,100,1
TXN_32854,USER_1937,32.16,1.0,100,1
TXN_30471,USER_8046,157.52,1.0,100,1
TXN_25069,USER_4146,64.95,1.0,100,1
TXN_16873,USER_3126,130.0,1.0,100,1
TXN_18257,USER_9117,48.74,1.0,100,1
TXN_12855,USER_8015,45.78,1.0,100,1
TXN_5307,USER_4140,49.79,1.0,100,1
TXN_41701,USER_9705,97.28,1.0,100,1
TXN_38506,USER_8033,185.01,1.0,100,1
TXN_5668,USER_7154,123.67,1.0,100,1
TXN_49145,USER_5030,173.43,1.0,100,1
TXN_16446,USER_5027,158.78,1.0,100,1
TXN_10751,USER_8226,131.17,1.0,100,1
TXN_8003,USER_1489,52.78,1.0,100,1
TXN_25398,USER_1435,12.28,1.0,100,1
TXN_41080,USER_9793,90.61,1.0,100,1
TXN_31781,USER_1830,36.7,1.0,100,1
TXN_4017,USER_5512,85.39,1.0,100,1
TXN_10278,USER_3218,101.28,1.0,100,1
TXN_1134,USER_2639,93.09,1.0,100,1
TXN_30131,USER_3096,252.22,1.0,100,1
TXN_46272,USER_9106,8.22,1.0,100,1
TXN_10442,USER_4504,132.35,1.0,100,1
TXN_8252,USER_7249,166.39,1.0,100,1
TXN_27586,USER_6026,36.82,1.0,100,1
TXN_1551,USER_4216,14.56,1.0,100,1
TXN_12625,USER_8276,79.19,1.0,100,1
TXN_1361,USER_6346,23.41,1.0,100,1
TXN_26149,USER_7812,132.9,1.0,100,1
TXN_5283,USER_2104,178.93,1.0,100,1
TXN_44717,USER_4843,223.27,1.0,100,1
TXN_47518,USER_2212,14.7,1.0,100,1
TXN_16986,USER_7834,15.67,1.0,100,1
TXN_11336,USER_8913,18.7,1.0,100,1
TXN_2093,USER_6132,41.77,1.0,100,1
TXN_5285,USER_6269,142.96,1.0,100,1
TXN_43664,USER_9748,106.89,1.0,100,1
TXN_37705,USER_9268,47.68,1.0,100,1
TXN_18485,USER_1854,58.11,1.0,100,1
TXN_12977,USER_4478,35.4,1.0,100,1
TXN_29038,USER_4457,197.1,1.0,100,1
TXN_29315,USER_6735,210.56,1.0,100,1
TXN_3676,USER_6455,105.72,1.0,100,1
TXN_2426,USER_8789,7.32,1.0,100,1
TXN_24473,USER_8633,47.89,1.0,100,1
TXN_29943,USER_4193,0.01,1.0,100,1
TXN_859,USER_3192,19.04,1.0,100,1
TXN_25640,USER_8173,161.74,1.0,100,1
TXN_10409,USER_7147,82.69,1.0,100,1
TXN_29340,USER_3390,85.95,1.0,100,1
TXN_1518,USER_1956,125.51,1.0,100,1
TXN_30949,USER_9560,143.23,1.0,100,1
TXN_16346,USER_2040,100.13,1.0,100,1
TXN_2600,USER_4500,163.37,1.0,100,1
TXN_29267,USER_3136,179.06,1.0,100,1
TXN_29084,USER_7271,53.56,1.0,100,1
TXN_2642,USER_4415,158.11,1.0,100,1
TXN_15438,USER_1571,52.79,1.0,100,1
TXN_2994,USER_9386,18.8,1.0,100,1
TXN_27491,USER_3960,170.57,1.0,100,1
TXN_41243,USER_5855,86.2,1.0,100,1
TXN_42051,USER_6074,19.92,1.0,100,1
TXN_13318,USER_2010,2.18,1.0,100,1
TXN_40585,USER_9134,90.68,1.0,100,1
TXN_11683,USER_5962,25.05,1.0,100,1
TXN_45980,USER_2381,55.89,1.0,100,1
TXN_7846,USER_1179,10.68,1.0,100,1
TXN_39200,USER_8915,0.21,1.0,100,1
TXN_9741,USER_5666,11.07,1.0,100,1
TXN_22742,USER_1026,35.14,1.0,100,1
TXN_23580,USER_3796,50.7,1.0,100,1
TXN_29240,USER_6960,122.99,1.0,100,1
TXN_32969,USER_8874,6.87,1.0,100,1
TXN_1988,USER_5940,32.75,1.0,100,1
TXN_22192,USER_3618,162.69,1.0,100,1
TXN_41167,USER_5802,200.99,1.0,100,1
TXN_5755,USER_6289,139.27,1.0,100,1
TXN_22693,USER_3568,119.09,1.0,100,1
TXN_4117,USER_8192,58.52,1.0,100,1
TXN_45836,USER_9759,88.05,1.0,100,1
TXN_32182,USER_2538,129.16,1.0,100,1
TXN_1855,USER_8002,13.2,1.0,100,1
TXN_40893,USER_3839,30.04,1.0,100,1
TXN_16835,USER_2657,24.86,1.0,100,1
TXN_27798,USER_9273,133.9,1.0,100,1
TXN_43526,USER_7377,299.39,1.0,100,1
TXN_47297,USER_9918,201.09,1.0,100,1
TXN_24335,USER_7878,179.85,1.0,100,1
TXN_11254,USER_8529,212.34,1.0,100,1
TXN_21074,USER_4723,94.55,1.0,100,1
TXN_11442,USER_7752,25.95,1.0,100,1
TXN_26500,USER_4138,10.71,1.0,100,1
TXN_19552,USER_2017,122.12,1.0,100,1
TXN_38811,USER_3136,43.66,1.0,100,1
TXN_39029,USER_7380,143.73,1.0,100,1
TXN_887,USER_7028,211.81,1.0,100,1
TXN_2610,USER_6160,84.97,1.0,100,1
TXN_33872,USER_1010,620.68,1.0,100,1
TXN_20238,USER_2559,466.33,1.0,100,1
TXN_406,USER_1851,76.8,1.0,100,1
TXN_47210,USER_9439,77.64,1.0,100,1
TXN_18504,USER_4006,109.51,1.0,100,1
TXN_36176,USER_1573,57.06,1.0,100,1
TXN_9689,USER_2903,98.83,1.0,100,1
TXN_4946,USER_5818,82.89,1.0,100,1
TXN_24618,USER_6634,29.01,1.0,100,1
TXN_18919,USER_1589,8.81,1.0,100,1
TXN_4173,USER_7837,202.56,1.0,100,1
TXN_43833,USER_2250,5.63,1.0,100,1
TXN_23255,USER_7561,44.21,1.0,100,1
TXN_38055,USER_6377,55.94,1.0,100,1
TXN_44367,USER_5752,198.23,1.0,100,1
TXN_48366,USER_2575,9.48,1.0,100,1
TXN_30581,USER_4876,26.23,1.0,100,1
TXN_44582,USER_3809,38.62,1.0,100,1
TXN_27127,USER_9845,74.59,1.0,100,1
TXN_5141,USER_4998,94.1,1.0,100,1
TXN_28884,USER_1801,17.44,1.0,100,1
TXN_18375,USER_4251,175.9,1.0,100,1
TXN_45046,USER_5906,34.36,1.0,100,1
TXN_10014,USER_3903,271.91,1.0,100,1
TXN_31486,USER_8934,2.65,1.0,100,1
TXN_12541,USER_8777,122.84,1.0,100,1
TXN_22063,USER_4188,75.7,1.0,100,1
TXN_22963,USER_2903,9.26,1.0,100,1
TXN_11156,USER_6341,38.34,1.0,100,1
TXN_31845,USER_8973,87.98,1.0,100,1
TXN_49790,USER_1944,12.87,1.0,100,1
TXN_44314,USER_9932,3.1,1.0,100,1
TXN_14270,USER_4457,220.09,1.0,100,1
TXN_10775,USER_2780,165.4,1.0,100,1
TXN_19459,USER_8782,17.85,1.0,100,1
TXN_6614,USER_7830,192.42,1.0,100,1
TXN_7415,USER_2646,89.97,1.0,100,1
TXN_23155,USER_2145,120.51,1.0,100,1
TXN_37544,USER_6635,266.64,1.0,100,1
TXN_14901,USER_4989,100.69,1.0,100,1
TXN_38213,USER_8834,104.86,1.0,100,1
TXN_34148,USER_6033,47.39,1.0,100,1
TXN_19540,USER_9621,19.33,1.0,100,1
TXN_19624,USER_5048,145.36,1.0,100,1
TXN_26564,USER_7864,197.81,1.0,100,1
TXN_35517,USER_7317,225.15,1.0,100,1
TXN_36218,USER_2974,12.05,1.0,100,1
TXN_19149,USER_3337,268.96,1.0,100,1
TXN_49287,USER_4344,166.57,1.0,100,1
TXN_41075,USER_5702,12.43,1.0,100,1
TXN_30099,USER_1437,8.71,1.0,100,1
TXN_29961,USER_3427,84.74,1.0,100,1
TXN_46561,USER_9157,121.05,1.0,100,1
TXN_34681,USER_6289,66.4,1.0,100,1
TXN_34540,USER_6357,9.1,1.0,100,1
TXN_2871,USER_6951,45.32,1.0,100,1
TXN_33467,USER_3307,65.04,1.0,100,1
TXN_14534,USER_3894,60.58,1.0,100,1
TXN_45607,USER_3087,124.91,1.0,100,1
TXN_4557,USER_2985,85.84,1.0,100,1
TXN_27794,USER_1956,52.36,1.0,100,1
TXN_28783,USER_7283,41.04,1.0,100,1
TXN_20954,USER_5922,35.2,1.0,100,1
TXN_45242,USER_9891,103.82,1.0,100,1
TXN_22357,USER_3048,84.04,1.0,100,1
TXN_18852,USER_5649,23.72,1.0,100,1
TXN_22601,USER_4101,54.29,1.0,100,1
TXN_36777,USER_2141,101.81,1.0,100,1
TXN_19710,USER_6622,140.81,1.0,100,1
TXN_43178,USER_3363,34.52,1.0,100,1
TXN_43463,USER_2117,25.44,1.0,100,1
TXN_5722,USER_5402,67.41,1.0,100,1
TXN_43896,USER_6135,75.25,1.0,100,1
TXN_40386,USER_6085,18.14,1.0,100,1
TXN_18060,USER_2355,87.33,1.0,100,1
TXN_1196,USER_8138,159.64,1.0,100,1
TXN_19702,USER_6326,11.76,1.0,100,1
TXN_2176,USER_9738,132.28,1.0,100,1
TXN_41560,USER_3334,56.08,1.0,100,1
TXN_13979,USER_2629,194.78,1.0,100,1
TXN_42565,USER_9079,4.89,1.0,100,1
TXN_31279,USER_4316,166.08,1.0,100,1
TXN_30527,USER_7041,22.73,1.0,100,1
TXN_38870,USER_3562,47.21,1.0,100,1
TXN_47916,USER_9752,75.46,1.0,100,1
TXN_46436,USER_8688,100.16,1.0,100,1
TXN_29290,USER_2806,137.86,1.0,100,1
TXN_14122,USER_4625,22.32,1.0,100,1
TXN_5366,USER_1343,124.75,1.0,100,1
TXN_18793,USER_7417,49.6,1.0,100,1
TXN_8199,USER_2410,66.4,1.0,100,1
TXN_36191,USER_7160,116.6,1.0,100,1
TXN_45550,USER_3124,40.04,1.0,100,1
TXN_21542,USER_5894,84.85,1.0,100,1
TXN_31312,USER_9629,85.37,1.0,100,1
TXN_22794,USER_9836,143.99,1.0,100,1
TXN_7006,USER_1667,62.2,1.0,100,1
TXN_23091,USER_6670,99.02,1.0,100,1
TXN_32983,USER_8603,155.4,1.0,100,1
TXN_34464,USER_6644,78.22,1.0,100,1
TXN_36412,USER_3732,11.93,1.0,100,1
TXN_44605,USER_5055,43.68,1.0,100,1
TXN_48846,USER_2851,21.38,1.0,100,1
TXN_31433,USER_7768,104.33,1.0,100,1
TXN_46423,USER_2788,13.05,1.0,100,1
TXN_38405,USER_2777,366.98,1.0,100,1
TXN_11691,USER_9917,3.8,1.0,100,1
TXN_492,USER_8330,4.75,1.0,100,1
TXN_8811,USER_5019,81.55,1.0,100,1
TXN_27808,USER_1378,71.39,1.0,100,1
TXN_42506,USER_4125,32.11,1.0,100,1
TXN_13767,USER_1062,9.33,1.0,100,1
TXN_11308,USER_3433,191.38,1.0,100,1
TXN_44245,USER_4066,13.73,1.0,100,1
TXN_28572,USER_5890,69.22,1.0,100,1
TXN_2204,USER_1905,19.8,1.0,100,1
TXN_27233,USER_2494,96.27,1.0,100,1
TXN_39382,USER_1480,76.48,1.0,100,1
TXN_24968,USER_5625,16.67,1.0,100,1
TXN_43615,USER_3836,46.9,1.0,100,1
TXN_9171,USER_3217,56.76,1.0,100,1
TXN_49023,USER_1265,136.42,1.0,100,1
TXN_38458,USER_5011,31.78,1.0,100,1
TXN_43369,USER_1785,12.66,1.0,100,1
TXN_32793,USER_7690,28.87,1.0,100,1
TXN_31226,USER_3966,196.27,1.0,100,1
TXN_46700,USER_2388,38.38,1.0,100,1
TXN_44283,USER_2344,124.8,1.0,100,1
TXN_36609,USER_3081,165.64,1.0,100,1
TXN_42965,USER_6623,46.66,1.0,100,1
TXN_46328,USER_7752,23.87,1.0,100,1
TXN_41346,USER_8249,4.19,1.0,100,1
TXN_10704,USER_2645,20.99,1.0,100,1
TXN_43111,USER_9396,164.97,1.0,100,1
TXN_11867,USER_9530,84.28,1.0,100,1
TXN_5818,USER_7537,296.35,1.0,100,1
TXN_30116,USER_3714,125.39,1.0,100,1
TXN_15493,USER_4368,140.91,1.0,100,1
TXN_20093,USER_6442,104.82,1.0,100,1
TXN_33487,USER_1054,32.1,1.0,100,1
TXN_20936,USER_3940,12.11,1.0,100,1
TXN_23303,USER_1214,4.25,1.0,100,1
TXN_28151,USER_1466,160.51,1.0,100,1
TXN_15206,USER_8958,195.28,1.0,100,1
TXN_18971,USER_4953,150.11,1.0,100,1
TXN_25599,USER_5352,124.71,1.0,100,1
TXN_22056,USER_6213,13.12,1.0,100,1
TXN_1519,USER_3071,57.76,1.0,100,1
TXN_22161,USER_1568,48.33,1.0,100,1
TXN_40703,USER_1418,26.83,1.0,100,1
TXN_38342,USER_4217,44.61,1.0,100,1
TXN_20456,USER_8939,254.32,1.0,100,1
TXN_13324,USER_3553,143.81,1.0,100,1
TXN_24972,USER_7047,36.52,1.0,100,1
TXN_20808,USER_4017,116.86,1.0,100,1
TXN_18135,USER_3912,32.17,1.0,100,1
TXN_30499,USER_4294,86.25,1.0,100,1
TXN_23554,USER_8085,248.25,1.0,100,1
TXN_16923,USER_3720,63.03,1.0,100,1
TXN_44757,USER_6112,31.83,1.0,100,1
TXN_26917,USER_2345,105.14,1.0,100,1
TXN_27990,USER_3339,168.06,1.0,100,1
TXN_41627,USER_5288,20.77,1.0,100,1
TXN_40586,USER_5437,50.83,1.0,100,1
TXN_5738,USER_5200,33.86,1.0,100,1
TXN_49803,USER_5392,39.9,1.0,100,1
TXN_5793,USER_8865,77.79,1.0,100,1
TXN_16209,USER_4062,16.97,1.0,100,1
TXN_43148,USER_7746,11.05,1.0,100,1
TXN_2224,USER_3539,351.76,1.0,100,1
TXN_49265,USER_2469,161.22,1.0,100,1
TXN_34716,USER_3768,78.19,1.0,100,1
TXN_28694,USER_2709,233.77,1.0,100,1
TXN_28099,USER_4048,94.81,1.0,100,1
TXN_12820,USER_8225,165.22,1.0,100,1
TXN_38454,USER_8432,39.45,1.0,100,1
TXN_35548,USER_2034,331.78,1.0,100,1
TXN_23782,USER_5002,26.84,1.0,100,1
TXN_28454,USER_7859,45.17,1.0,100,1
TXN_35596,USER_7179,26.28,1.0,100,1
TXN_34324,USER_4600,63.85,1.0,100,1
TXN_23864,USER_2577,48.2,1.0,100,1
TXN_15369,USER_7490,134.6,1.0,100,1
TXN_25235,USER_3804,283.48,1.0,100,1
TXN_46942,USER_6898,189.01,1.0,100,1
TXN_14743,USER_3569,195.96,1.0,100,1
TXN_31566,USER_3147,220.07,1.0,100,1
TXN_5585,USER_3330,25.46,1.0,100,1
TXN_7016,USER_4620,25.56,1.0,100,1
TXN_14027,USER_6279,68.82,1.0,100,1
TXN_31897,USER_8839,115.88,1.0,100,1
TXN_20536,USER_3552,20.76,1.0,100,1
TXN_12306,USER_2083,0.88,1.0,100,1
TXN_19225,USER_4541,123.32,1.0,100,1
TXN_11590,USER_6179,1.15,1.0,100,1
TXN_12866,USER_9990,289.45,1.0,100,1
TXN_3363,USER_4849,51.67,1.0,100,1
TXN_32792,USER_8856,42.52,1.0,100,1
TXN_12935,USER_8810,159.37,1.0,100,1
TXN_28182,USER_6511,60.01,1.0,100,1
TXN_19810,USER_1093,122.95,1.0,100,1
TXN_32955,USER_1841,54.78,1.0,100,1
TXN_22031,USER_5808,90.25,1.0,100,1
TXN_40123,USER_7516,13.33,1.0,100,1
TXN_46319,USER_3844,1.78,1.0,100,1
TXN_10350,USER_2149,36.96,1.0,100,1
TXN_30622,USER_7473,29.52,1.0,100,1
TXN_28398,USER_7992,266.24,1.0,100,1
TXN_19503,USER_1693,168.93,1.0,100,1
TXN_34631,USER_5062,49.98,1.0,100,1
TXN_16499,USER_9183,290.56,1.0,100,1
TXN_39852,USER_9944,136.69,1.0,100,1
TXN_2384,USER_9831,0.45,1.0,100,1
TXN_21826,USER_2688,63.2,1.0,100,1
TXN_2490,USER_4736,44.61,1.0,100,1
TXN_46092,USER_9010,371.83,1.0,100,1
TXN_26910,USER_6764,11.21,1.0,100,1
TXN_5845,USER_6497,18.91,1.0,100,1
TXN_21162,USER_1983,51.11,1.0,100,1
TXN_26943,USER_6531,249.95,1.0,100,1
TXN_276,USER_3327,40.7,1.0,100,1
TXN_17611,USER_2105,29.75,1.0,100,1
TXN_39105,USER_9343,67.02,1.0,100,1
TXN_19840,USER_7333,75.08,1.0,100,1
TXN_20219,USER_3226,2.33,1.0,100,1
TXN_26485,USER_2999,39.16,1.0,100,1
TXN_26421,USER_6570,170.18,1.0,100,1
TXN_10485,USER_1492,72.77,1.0,100,1
TXN_28308,USER_5802,213.2,1.0,100,1
TXN_25552,USER_8020,78.31,1.0,100,1
TXN_557,USER_4584,33.08,1.0,100,1
TXN_38635,USER_5261,70.6,1.0,100,1
TXN_12869,USER_1425,166.61,1.0,100,1
TXN_12982,USER_8323,97.86,1.0,100,1
TXN_40697,USER_5975,105.49,1.0,100,1
TXN_38115,USER_1610,101.63,1.0,100,1
TXN_7269,USER_6141,25.03,1.0,100,1
TXN_28064,USER_3021,13.36,1.0,100,1
TXN_36593,USER_7647,188.01,1.0,100,1
TXN_30403,USER_9555,48.93,1.0,100,1
TXN_6344,USER_9553,155.22,1.0,100,1
TXN_18800,USER_9949,40.1,1.0,100,1
TXN_36575,USER_5274,52.95,1.0,100,1
TXN_39919,USER_8727,132.55,1.0,100,1
TXN_42261,USER_3055,258.32,1.0,100,1
TXN_45123,USER_4051,232.7,1.0,100,1
TXN_27716,USER_3944,63.54,1.0,100,1
TXN_3236,USER_2363,274.03,1.0,100,1
TXN_21300,USER_4267,84.52,1.0,100,1
TXN_5498,USER_3131,69.78,1.0,100,1
TXN_9569,USER_9895,86.58,1.0,100,1
TXN_16766,USER_3681,40.06,1.0,100,1
TXN_26132,USER_6931,128.86,1.0,100,1
TXN_8491,USER_3768,345.1,1.0,100,1
TXN_138,USER_8392,36.97,1.0,100,1
TXN_22967,USER_5542,87.3,1.0,100,1
TXN_11172,USER_3798,36.85,1.0,100,1
TXN_21312,USER_2990,87.85,1.0,100,1
TXN_17297,USER_2539,69.29,1.0,100,1
TXN_2011,USER_3376,10.02,1.0,100,1
TXN_28797,USER_4246,82.06,1.0,100,1
TXN_26039,USER_3978,19.74,1.0,100,1
TXN_47110,USER_5141,74.27,1.0,100,1
TXN_47898,USER_6818,22.57,1.0,100,1
TXN_42359,USER_5862,148.81,1.0,100,1
TXN_19799,USER_6289,139.83,1.0,100,1
TXN_37226,USER_3933,171.24,1.0,100,1
TXN_26417,USER_2447,21.49,1.0,100,1
TXN_18556,USER_6818,273.64,1.0,100,1
TXN_22052,USER_8428,137.62,1.0,100,1
TXN_8315,USER_4130,55.24,1.0,100,1
TXN_34396,USER_7973,22.42,1.0,100,1
TXN_30373,USER_6652,127.25,1.0,100,1
TXN_6031,USER_9257,195.44,1.0,100,1
TXN_22785,USER_8221,97.31,1.0,100,1
TXN_9428,USER_5431,128.64,1.0,100,1
TXN_12336,USER_9808,71.57,1.0,100,1
TXN_35426,USER_8044,36.07,1.0,100,1
TXN_36268,USER_8408,117.44,1.0,100,1
TXN_24950,USER_3123,6.03,1.0,100,1
TXN_36788,USER_4423,43.9,1.0,100,1
TXN_10213,USER_3280,95.55,1.0,100,1
TXN_18626,USER_3190,133.49,1.0,100,1
TXN_47732,USER_9853,60.58,1.0,100,1
TXN_15434,USER_7515,48.01,1.0,100,1
TXN_49210,USER_8576,60.01,1.0,100,1
TXN_42903,USER_3365,8.37,1.0,100,1
TXN_44363,USER_8080,8.06,1.0,100,1
TXN_45639,USER_8742,117.05,1.0,100,1
TXN_44299,USER_7522,35.49,1.0,100,1
TXN_47019,USER_2112,31.81,1.0,100,1
TXN_47665,USER_8396,8.97,1.0,100,1
TXN_48365,USER_9173,80.71,1.0,100,1
TXN_22190,USER_1026,141.98,1.0,100,1
TXN_47833,USER_7874,147.16,1.0,100,1
TXN_24995,USER_1531,140.74,1.0,100,1
TXN_16977,USER_3039,6.85,1.0,100,1
TXN_33703,USER_6756,27.87,1.0,100,1
TXN_36576,USER_4897,9.3,1.0,100,1
TXN_16715,USER_5642,90.8,1.0,100,1
TXN_14376,USER_1929,151.69,1.0,100,1
TXN_5889,USER_1574,110.69,1.0,100,1
TXN_19539,USER_6214,175.12,1.0,100,1
TXN_26512,USER_8219,30.08,1.0,100,1
TXN_4378,USER_5159,70.29,1.0,100,1
TXN_19835,USER_4641,104.18,1.0,100,1
TXN_42604,USER_3517,665.13,1.0,100,1
TXN_6796,USER_2313,410.24,1.0,100,1
TXN_21180,USER_3747,77.37,1.0,100,1
TXN_37465,USER_7763,109.93,1.0,100,1
TXN_3828,USER_1975,22.35,1.0,100,1
TXN_5482,USER_2532,105.64,1.0,100,1
TXN_22760,USER_2755,71.09,1.0,100,1
TXN_5463,USER_4661,25.51,1.0,100,1
TXN_3112,USER_5422,5.4,1.0,100,1
TXN_4492,USER_5155,60.21,1.0,100,1
TXN_34285,USER_1063,0.78,1.0,100,1
TXN_16018,USER_9298,60.15,1.0,100,1
TXN_8210,USER_1066,0.11,1.0,100,1
TXN_23567,USER_1411,18.58,1.0,100,1
TXN_778,USER_7986,50.18,1.0,100,1
TXN_19900,USER_9835,112.07,1.0,100,1
TXN_25634,USER_7095,288.58,1.0,100,1
TXN_20961,USER_6958,217.37,1.0,100,1
TXN_44096,USER_4488,18.33,1.0,100,1
TXN_26955,USER_4672,127.84,1.0,100,1
TXN_26649,USER_3037,32.37,1.0,100,1
TXN_49441,USER_9309,48.1,1.0,100,1
TXN_14868,USER_2305,76.92,1.0,100,1
TXN_18230,USER_2879,113.98,1.0,100,1
TXN_43355,USER_7813,74.58,1.0,100,1
TXN_30795,USER_5870,14.54,1.0,100,1
TXN_42070,USER_5410,5.61,1.0,100,1
TXN_40197,USER_1250,107.38,1.0,100,1
TXN_28369,USER_1859,14.53,1.0,100,1
TXN_18351,USER_6301,1.16,1.0,100,1
TXN_48005,USER_5403,69.67,1.0,100,1
TXN_19330,USER_5019,51.92,1.0,100,1
TXN_24264,USER_4856,207.91,1.0,100,1
TXN_10412,USER_1015,41.9,1.0,100,1
TXN_13686,USER_2234,43.36,1.0,100,1
TXN_13074,USER_6805,1.43,1.0,100,1
TXN_4493,USER_5673,5.31,1.0,100,1
TXN_14140,USER_5828,99.78,1.0,100,1
TXN_31655,USER_4764,158.79,1.0,100,1
TXN_43472,USER_3354,148.86,1.0,100,1
TXN_6816,USER_4803,15.61,1.0,100,1
TXN_29492,USER_3758,240.0,1.0,100,1
TXN_26957,USER_6437,281.74,1.0,100,1
TXN_14849,USER_1869,53.32,1.0,100,1
TXN_21174,USER_9338,25.32,1.0,100,1
TXN_10693,USER_7321,9.76,1.0,100,1
TXN_38547,USER_9345,108.72,1.0,100,1
TXN_28795,USER_6637,158.52,1.0,100,1
TXN_36598,USER_1398,2.79,1.0,100,1
TXN_33209,USER_8604,130.37,1.0,100,1
TXN_37396,USER_9651,352.71,1.0,100,1
TXN_9528,USER_8254,135.13,1.0,100,1
TXN_44333,USER_1473,199.36,1.0,100,1
TXN_10449,USER_7895,125.17,1.0,100,1
TXN_7418,USER_3367,4.4,1.0,100,1
TXN_2454,USER_3524,43.68,1.0,100,1
TXN_2597,USER_2130,18.11,1.0,100,1
TXN_15037,USER_9127,48.1,1.0,100,1
TXN_46738,USER_3838,95.84,1.0,100,1
TXN_8472,USER_4885,85.04,1.0,100,1
TXN_4249,USER_6244,262.76,1.0,100,1
TXN_587,USER_8714,37.51,1.0,100,1
TXN_49200,USER_2920,294.86,1.0,100,1
TXN_41945,USER_6192,79.69,1.0,100,1
TXN_20215,USER_3100,105.92,1.0,100,1
TXN_24765,USER_9544,42.89,1.0,100,1
TXN_25556,USER_6641,0.51,1.0,100,1
TXN_43553,USER_7556,168.3,1.0,100,1
TXN_45096,USER_5425,178.45,1.0,100,1
TXN_6450,USER_8968,45.17,1.0,100,1
TXN_48124,USER_1352,63.64,1.0,100,1
TXN_33866,USER_4628,14.25,1.0,100,1
TXN_39864,USER_8183,25.63,1.0,100,1
TXN_18710,USER_2825,315.9,1.0,100,1
TXN_9122,USER_4708,17.37,1.0,100,1
TXN_27516,USER_9141,4.25,1.0,100,1
TXN_48102,USER_8461,203.84,1.0,100,1
TXN_39901,USER_4347,43.74,1.0,100,1
TXN_2591,USER_8064,3.42,1.0,100,1
TXN_39951,USER_4219,401.92,1.0,100,1
TXN_31852,USER_4979,206.43,1.0,100,1
TXN_1283,USER_6016,17.31,1.0,100,1
TXN_33691,USER_6458,48.81,1.0,100,1
TXN_26170,USER_8116,136.62,1.0,100,1
TXN_8438,USER_8498,65.65,1.0,100,1
TXN_16154,USER_4472,50.54,1.0,100,1
TXN_26515,USER_5680,195.5,1.0,100,1
TXN_23172,USER_7476,34.37,1.0,100,1
TXN_32994,USER_8269,26.67,1.0,100,1
TXN_15036,USER_5561,226.23,1.0,100,1
TXN_645,USER_7544,32.52,1.0,100,1
TXN_49419,USER_7747,76.53,1.0,100,1
TXN_9346,USER_2485,4.06,1.0,100,1
TXN_32658,USER_9532,99.9,1.0,100,1
TXN_10403,USER_6056,118.75,1.0,100,1
TXN_6710,USER_3665,33.72,1.0,100,1
TXN_21384,USER_4848,21.22,1.0,100,1
TXN_40846,USER_1857,118.07,1.0,100,1
TXN_37991,USER_9487,196.34,1.0,100,1
TXN_13521,USER_8914,74.08,1.0,100,1
TXN_6971,USER_2500,15.98,1.0,100,1
TXN_19909,USER_6562,12.79,1.0,100,1
TXN_19206,USER_7582,57.67,1.0,100,1
TXN_37711,USER_6922,109.94,1.0,100,1
TXN_1898,USER_1689,4.28,1.0,100,1
TXN_6629,USER_9169,98.07,1.0,100,1
TXN_43936,USER_3022,19.57,1.0,100,1
TXN_25188,USER_3441,13.27,1.0,100,1
TXN_2307,USER_6223,180.85,1.0,100,1
TXN_33340,USER_6926,2.24,1.0,100,1
TXN_23481,USER_2185,5.47,1.0,100,1
TXN_18474,USER_4464,30.03,1.0,100,1
TXN_14357,USER_5909,145.24,1.0,100,1
TXN_3137,USER_8423,143.16,1.0,100,1
TXN_24487,USER_4671,152.45,1.0,100,1
TXN_4666,USER_1946,25.63,1.0,100,1
TXN_10800,USER_9408,194.75,1.0,100,1
TXN_37823,USER_8645,100.27,1.0,100,1
TXN_12819,USER_3132,317.13,1.0,100,1
TXN_5774,USER_4151,121.07,1.0,100,1
TXN_30798,USER_1571,21.76,1.0,100,1
TXN_781,USER_9434,40.1,1.0,100,1
TXN_18489,USER_3550,70.76,1.0,100,1
TXN_34881,USER_3340,503.03,1.0,100,1
TXN_41971,USER_1290,139.86,1.0,100,1
TXN_1171,USER_5806,4.44,1.0,100,1
TXN_48499,USER_2094,153.08,1.0,100,1
TXN_41903,USER_6442,31.4,1.0,100,1
TXN_48149,USER_9436,55.0,1.0,100,1
TXN_47170,USER_4705,13.65,1.0,100,1
TXN_22669,USER_1356,9.63,1.0,100,1
TXN_18745,USER_5139,18.97,1.0,100,1
TXN_34521,USER_3692,15.7,1.0,100,1
TXN_48585,USER_7597,57.38,1.0,100,1
TXN_49320,USER_3382,101.02,1.0,100,1
TXN_47388,USER_8586,216.38,1.0,100,1
TXN_7345,USER_1386,13.43,1.0,100,1
TXN_23017,USER_3481,50.92,1.0,100,1
TXN_15352,USER_3018,346.41,1.0,100,1
TXN_48849,USER_4431,203.62,1.0,100,1
TXN_9879,USER_4653,12.31,1.0,100,1
TXN_26201,USER_8842,63.61,1.0,100,1
TXN_3384,USER_8304,56.72,1.0,100,1
TXN_13493,USER_6438,745.09,1.0,100,1
TXN_46907,USER_2340,288.27,1.0,100,1
TXN_45603,USER_6192,166.65,1.0,100,1
TXN_9557,USER_2179,12.04,1.0,100,1
TXN_47698,USER_5581,31.77,1.0,100,1
TXN_19675,USER_9801,1.39,1.0,100,1
TXN_9833,USER_8546,53.31,1.0,100,1
TXN_32972,USER_1953,122.02,1.0,100,1
TXN_30508,USER_6083,3.78,1.0,100,1
TXN_30314,USER_2455,53.09,1.0,100,1
TXN_48972,USER_7887,35.27,1.0,100,1
TXN_15892,USER_1697,49.7,1.0,100,1
TXN_31358,USER_7997,53.28,1.0,100,1
TXN_14289,USER_1206,62.28,1.0,100,1
TXN_10720,USER_6506,120.55,1.0,100,1
TXN_19194,USER_7106,118.96,1.0,100,1
TXN_48054,USER_8990,40.0,1.0,100,1
TXN_34501,USER_4060,180.23,1.0,100,1
TXN_18509,USER_1708,104.41,1.0,100,1
TXN_14472,USER_5366,218.74,1.0,100,1
TXN_45657,USER_4446,18.42,1.0,100,1
TXN_41796,USER_7721,192.31,1.0,100,1
TXN_30268,USER_4449,27.07,1.0,100,1
TXN_46850,USER_8996,28.65,1.0,100,1
TXN_42845,USER_2251,38.37,1.0,100,1
TXN_32373,USER_4558,63.06,1.0,100,1
TXN_18994,USER_7465,96.17,1.0,100,1
TXN_17833,USER_1974,527.43,1.0,100,1
TXN_29252,USER_7517,59.85,1.0,100,1
TXN_22436,USER_3065,199.59,1.0,100,1
TXN_24286,USER_1736,89.66,1.0,100,1
TXN_5110,USER_9307,19.93,1.0,100,1
TXN_23705,USER_6412,64.9,1.0,100,1
TXN_48392,USER_5917,34.54,1.0,100,1
TXN_7909,USER_9741,165.7,1.0,100,1
TXN_48736,USER_3602,131.12,1.0,100,1
TXN_2023,USER_6607,96.93,1.0,100,1
TXN_33848,USER_9187,138.28,1.0,100,1
TXN_23225,USER_7906,81.4,1.0,100,1
TXN_29750,USER_6030,173.31,1.0,100,1
TXN_27523,USER_7185,12.01,1.0,100,1
TXN_28731,USER_7426,104.77,1.0,100,1
TXN_44848,USER_9343,15.8,1.0,100,1
TXN_13428,USER_1443,112.02,1.0,100,1
TXN_10258,USER_5210,42.94,1.0,100,1
TXN_6256,USER_4642,54.51,1.0,100,1
TXN_23387,USER_8387,31.77,1.0,100,1
TXN_45268,USER_6369,23.36,1.0,100,1
TXN_24858,USER_6259,44.65,1.0,100,1
TXN_46486,USER_4832,69.49,1.0,100,1
TXN_39019,USER_9120,10.87,1.0,100,1
TXN_36495,USER_6700,59.25,1.0,100,1
TXN_22656,USER_6487,149.12,1.0,100,1
TXN_25860,USER_6691,89.24,1.0,100,1
TXN_14042,USER_2989,8.02,1.0,100,1
TXN_25498,USER_8651,22.71,1.0,100,1
TXN_11329,USER_5968,64.14,1.0,100,1
TXN_2159,USER_3125,19.22,1.0,100,1
TXN_37900,USER_7472,80.22,1.0,100,1
TXN_19033,USER_1554,171.28,1.0,100,1
TXN_13944,USER_6932,76.07,1.0,100,1
TXN_15379,USER_3427,73.12,1.0,100,1
TXN_28270,USER_7445,68.88,1.0,100,1
TXN_25538,USER_4508,42.66,1.0,100,1
TXN_32125,USER_9126,9.28,1.0,100,1
TXN_26189,USER_2066,179.99,1.0,100,1
TXN_33548,USER_3263,15.09,1.0,100,1
TXN_48665,USER_3939,118.36,1.0,100,1
TXN_23953,USER_2685,13.08,1.0,100,1
TXN_11889,USER_1548,3.52,1.0,100,1
TXN_12275,USER_5055,190.69,1.0,100,1
TXN_33453,USER_6548,241.73,1.0,100,1
TXN_12258,USER_4767,130.06,1.0,100,1
TXN_28044,USER_6327,51.04,1.0,100,1
TXN_39933,USER_2123,187.91,1.0,100,1
TXN_14215,USER_3603,58.29,1.0,100,1
TXN_23911,USER_5003,183.8,1.0,100,1
TXN_20714,USER_3221,23.21,1.0,100,1
TXN_25364,USER_6104,36.85,1.0,100,1
TXN_27425,USER_4166,3.47,1.0,100,1
TXN_47699,USER_5215,140.15,1.0,100,1
TXN_25431,USER_6282,143.93,1.0,100,1
TXN_31186,USER_7278,591.64,1.0,100,1
TXN_41991,USER_8181,63.19,1.0,100,1
TXN_7788,USER_4088,241.15,1.0,100,1
TXN_35479,USER_5494,17.46,1.0,100,1
TXN_18052,USER_4529,165.9,1.0,100,1
TXN_10142,USER_3058,1.41,1.0,100,1
TXN_9866,USER_8074,8.03,1.0,100,1
TXN_38098,USER_4328,5.62,1.0,100,1
TXN_27065,USER_6740,40.29,1.0,100,1
TXN_39261,USER_6663,11.11,1.0,100,1
TXN_5439,USER_1143,44.62,1.0,100,1
TXN_48953,USER_8468,167.65,1.0,100,1
TXN_10634,USER_9108,429.04,1.0,100,1
TXN_22420,USER_2167,21.38,1.0,100,1
TXN_29300,USER_2089,4.21,1.0,100,1
TXN_10749,USER_3808,64.54,1.0,100,1
TXN_38595,USER_5266,38.66,1.0,100,1
TXN_25121,USER_6038,177.55,1.0,100,1
TXN_28411,USER_1639,176.52,1.0,100,1
TXN_14056,USER_9590,198.48,1.0,100,1
TXN_48040,USER_5431,46.64,1.0,100,1
TXN_19877,USER_7659,27.79,1.0,100,1
TXN_30911,USER_5251,28.06,1.0,100,1
TXN_3631,USER_1897,53.54,1.0,100,1
TXN_6172,USER_1122,110.19,1.0,100,1
TXN_42080,USER_2324,28.97,1.0,100,1
TXN_47420,USER_5390,95.42,1.0,100,1
TXN_28671,USER_3588,273.12,1.0,100,1
TXN_1382,USER_1988,1005.32,1.0,100,1
TXN_41779,USER_3746,139.11,1.0,100,1
TXN_12411,USER_3996,235.51,1.0,100,1
TXN_42468,USER_6736,18.29,1.0,100,1
TXN_14818,USER_8143,264.23,1.0,100,1
TXN_6548,USER_2416,10.12,1.0,100,1
TXN_7758,USER_7766,82.93,1.0,100,1
TXN_43668,USER_6054,107.24,1.0,100,1
TXN_23177,USER_9226,181.67,1.0,100,1
TXN_5542,USER_1773,262.31,1.0,100,1
TXN_24817,USER_6150,19.15,1.0,100,1
TXN_49743,USER_7235,6.48,1.0,100,1
TXN_47076,USER_4096,94.99,1.0,100,1
TXN_163,USER_1698,349.27,1.0,100,1
TXN_41424,USER_1623,0.67,1.0,100,1
TXN_4795,USER_4567,27.24,1.0,100,1
TXN_11871,USER_3808,27.93,1.0,100,1
TXN_8734,USER_5253,37.18,1.0,100,1
TXN_18268,USER_9922,179.36,1.0,100,1
TXN_27286,USER_3734,90.8,1.0,100,1
TXN_6610,USER_7475,126.68,1.0,100,1
TXN_6430,USER_3428,155.0,1.0,100,1
TXN_39256,USER_2261,195.38,1.0,100,1
TXN_36618,USER_1339,160.97,1.0,100,1
TXN_30158,USER_6315,67.62,1.0,100,1
TXN_37846,USER_5523,101.05,1.0,100,1
TXN_29794,USER_2825,7.13,1.0,100,1
TXN_9074,USER_8351,19.45,1.0,100,1
TXN_34406,USER_4898,77.98,1.0,100,1
TXN_23312,USER_5847,150.6,1.0,100,1
TXN_43108,USER_8430,91.68,1.0,100,1
TXN_24981,USER_6479,19.47,1.0,100,1
TXN_24819,USER_3108,73.7,1.0,100,1
TXN_36875,USER_5235,6.73,1.0,100,1
TXN_33328,USER_5882,252.32,1.0,100,1
TXN_7629,USER_4374,65.03,1.0,100,1
TXN_31750,USER_8311,106.24,1.0,100,1
TXN_40461,USER_4268,155.87,1.0,100,1
TXN_8264,USER_8188,26.88,1.0,100,1
TXN_46484,USER_2465,49.36,1.0,100,1
TXN_5656,USER_6288,176.75,1.0,100,1
TXN_31552,USER_9695,12.01,1.0,100,1
TXN_25709,USER_6358,163.92,1.0,100,1
TXN_8429,USER_6607,110.76,1.0,100,1
TXN_14716,USER_7013,45.01,1.0,100,1
TXN_11138,USER_2120,1.0,1.0,100,1
TXN_39905,USER_3654,212.08,1.0,100,1
TXN_9686,USER_2446,105.03,1.0,100,1
TXN_42828,USER_3312,347.92,1.0,100,1
TXN_10526,USER_9871,131.73,1.0,100,1
TXN_35433,USER_3518,155.85,1.0,100,1
TXN_39891,USER_7082,66.05,1.0,100,1
TXN_33004,USER_2588,88.27,1.0,100,1
TXN_18752,USER_8167,16.32,1.0,100,1
TXN_49259,USER_5562,21.82,1.0,100,1
TXN_19169,USER_7623,21.52,1.0,100,1
TXN_16163,USER_3415,48.56,1.0,100,1
TXN_22641,USER_4398,325.45,1.0,100,1
TXN_18880,USER_1764,40.33,1.0,100,1
TXN_42685,USER_7735,97.84,1.0,100,1
TXN_37174,USER_7439,40.53,1.0,100,1
TXN_24837,USER_2676,174.49,1.0,100,1
TXN_17826,USER_4597,106.04,1.0,100,1
TXN_17014,USER_3202,5.41,1.0,100,1
TXN_26122,USER_7174,335.29,1.0,100,1
TXN_9160,USER_4544,123.51,1.0,100,1
TXN_17727,USER_3042,111.89,1.0,100,1
TXN_46882,USER_6449,245.92,1.0,100,1
TXN_47683,USER_9758,0.98,1.0,100,1
TXN_44311,USER_4513,139.98,1.0,100,1
TXN_31007,USER_4325,70.66,1.0,100,1
TXN_25766,USER_3311,142.56,1.0,100,1
TXN_45408,USER_2190,32.19,1.0,100,1
TXN_37957,USER_8939,323.34,1.0,100,1
TXN_6704,USER_1766,20.24,1.0,100,1
TXN_3713,USER_1689,35.29,1.0,100,1
TXN_5051,USER_4793,98.94,1.0,100,1
TXN_34503,USER_1689,108.42,1.0,100,1
TXN_40747,USER_7643,40.53,1.0,100,1
TXN_44976,USER_8130,18.02,1.0,100,1
TXN_23171,USER_6904,60.09,1.0,100,1
TXN_7052,USER_5009,13.46,1.0,100,1
TXN_18743,USER_4860,150.57,1.0,100,1
TXN_24489,USER_7562,12.44,1.0,100,1
TXN_6441,USER_7870,53.94,1.0,100,1
TXN_12149,USER_1183,77.74,1.0,100,1
TXN_42368,USER_4182,77.18,1.0,100,1
TXN_21675,USER_5578,47.41,1.0,100,1
TXN_42668,USER_6054,56.32,1.0,100,1
TXN_13673,USER_6462,101.91,1.0,100,1
TXN_22668,USER_1995,195.22,1.0,100,1
TXN_23253,USER_3787,132.68,1.0,100,1
TXN_39575,USER_2682,305.02,1.0,100,1
TXN_36451,USER_3719,116.37,1.0,100,1
TXN_29344,USER_9354,38.56,1.0,100,1
TXN_35757,USER_6069,118.33,1.0,100,1
TXN_6471,USER_1752,95.08,1.0,100,1
TXN_4760,USER_6882,36.28,1.0,100,1
TXN_16353,USER_5807,77.91,1.0,100,1
TXN_43790,USER_8970,0.2,1.0,100,1
TXN_8234,USER_7343,195.75,1.0,100,1
TXN_25519,USER_4602,98.28,1.0,100,1
TXN_26966,USER_5098,38.12,1.0,100,1
TXN_13178,USER_8820,16.22,1.0,100,1
TXN_21627,USER_7557,162.16,1.0,100,1
TXN_36914,USER_6661,226.87,1.0,100,1
TXN_13076,USER_1933,71.62,1.0,100,1
TXN_37650,USER_5477,67.85,1.0,100,1
TXN_46881,USER_8974,221.69,1.0,100,1
TXN_46413,USER_9789,500.56,1.0,100,1
TXN_27117,USER_3755,1.74,1.0,100,1
TXN_47055,USER_5967,154.61,1.0,100,1
TXN_42287,USER_1926,2.93,1.0,100,1
TXN_36059,USER_1000,69.02,1.0,100,1
TXN_37873,USER_1497,74.48,1.0,100,1
TXN_25923,USER_5637,8.76,1.0,100,1
TXN_35941,USER_4977,152.61,1.0,100,1
TXN_4114,USER_3925,37.38,1.0,100,1
TXN_7761,USER_3402,6.45,1.0,100,1
TXN_40957,USER_2798,140.73,1.0,100,1
TXN_23616,USER_1878,64.07,1.0,100,1
TXN_27723,USER_1303,78.53,1.0,100,1
TXN_12178,USER_8945,28.28,1.0,100,1
TXN_35643,USER_5331,38.8,1.0,100,1
TXN_8927,USER_6113,219.91,1.0,100,1
TXN_31010,USER_8239,77.13,1.0,100,1
TXN_39778,USER_4566,102.27,1.0,100,1
TXN_27420,USER_6281,112.56,1.0,100,1
TXN_10724,USER_1216,212.7,1.0,100,1
TXN_33997,USER_8033,38.5,1.0,100,1
TXN_125,USER_7892,6.34,1.0,100,1
TXN_45272,USER_1814,13.75,1.0,100,1
TXN_15398,USER_9829,387.2,1.0,100,1
TXN_6570,USER_1392,13.56,1.0,100,1
TXN_39062,USER_7289,71.29,1.0,100,1
TXN_22911,USER_4762,328.75,1.0,100,1
TXN_38525,USER_9346,184.65,1.0,100,1
TXN_43753,USER_6159,114.91,1.0,100,1
TXN_10225,USER_1325,73.78,1.0,100,1
TXN_40287,USER_6871,17.95,1.0,100,1
TXN_13669,USER_1605,368.73,1.0,100,1
TXN_49251,USER_5712,47.18,1.0,100,1
TXN_48044,USER_8634,47.6,1.0,100,1
TXN_525,USER_6301,16.07,1.0,100,1
TXN_33142,USER_4575,88.3,1.0,100,1
TXN_4599,USER_5039,523.78,1.0,100,1
TXN_47064,USER_2455,54.05,1.0,100,1
TXN_35984,USER_2190,73.2,1.0,100,1
TXN_2113,USER_6251,85.25,1.0,100,1
TXN_44738,USER_4433,70.03,1.0,100,1
TXN_5724,USER_6515,76.23,1.0,100,1
TXN_45917,USER_6192,2.07,1.0,100,1
TXN_42240,USER_4998,74.34,1.0,100,1
TXN_13994,USER_4731,53.39,1.0,100,1
TXN_6099,USER_4535,71.1,1.0,100,1
TXN_35946,USER_5801,88.23,1.0,100,1
TXN_17774,USER_9581,75.74,1.0,100,1
TXN_25892,USER_6556,182.52,1.0,100,1
TXN_281,USER_1699,181.72,1.0,100,1
TXN_39063,USER_7405,30.7,1.0,100,1
TXN_15282,USER_8855,76.64,1.0,100,1
TXN_4703,USER_4622,6.55,1.0,100,1
TXN_31860,USER_5571,380.79,1.0,100,1
TXN_31585,USER_9075,64.26,1.0,100,1
TXN_22015,USER_2384,15.56,1.0,100,1
TXN_49843,USER_7179,31.28,1.0,100,1
TXN_11171,USER_4454,51.32,1.0,100,1
TXN_12201,USER_1332,69.95,1.0,100,1
TXN_17778,USER_8326,21.36,1.0,100,1
TXN_21116,USER_4972,153.73,1.0,100,1
TXN_19342,USER_5049,82.92,1.0,100,1
TXN_19975,USER_1556,30.2,1.0,100,1
TXN_26723,USER_9270,79.99,1.0,100,1
TXN_12765,USER_3882,7.07,1.0,100,1
TXN_11561,USER_9986,60.03,1.0,100,1
TXN_26911,USER_3546,119.18,1.0,100,1
TXN_24363,USER_8689,13.36,1.0,100,1
TXN_20049,USER_7732,83.82,1.0,100,1
TXN_10181,USER_8896,99.22,1.0,100,1
TXN_39825,USER_1695,47.59,1.0,100,1
TXN_14025,USER_2964,24.0,1.0,100,1
TXN_8946,USER_7078,175.12,1.0,100,1
TXN_28706,USER_9330,80.59,1.0,100,1
TXN_45500,USER_2612,29.53,1.0,100,1
TXN_39004,USER_3850,31.19,1.0,100,1
TXN_33120,USER_5852,515.61,1.0,100,1
TXN_30027,USER_4562,17.37,1.0,100,1
TXN_47908,USER_5960,6.58,1.0,100,1
TXN_12803,USER_7387,40.83,1.0,100,1
TXN_39443,USER_5457,111.6,1.0,100,1
TXN_33723,USER_9095,17.87,1.0,100,1
TXN_26015,USER_9425,378.24,1.0,100,1
TXN_33320,USER_2395,123.8,1.0,100,1
TXN_36679,USER_1233,148.09,1.0,100,1
TXN_26289,USER_2420,17.95,1.0,100,1
TXN_24826,USER_1490,62.57,1.0,100,1
TXN_35198,USER_8046,8.3,1.0,100,1
TXN_32975,USER_9261,33.73,1.0,100,1
TXN_899,USER_3674,37.23,1.0,100,1
TXN_16405,USER_2542,5.52,1.0,100,1
TXN_33662,USER_3167,12.38,1.0,100,1
TXN_33282,USER_4748,119.41,1.0,100,1
TXN_15313,USER_2567,78.71,1.0,100,1
TXN_15349,USER_7154,40.94,1.0,100,1
TXN_10326,USER_6769,185.73,1.0,100,1
TXN_44555,USER_2074,22.61,1.0,100,1
TXN_17650,USER_4841,13.2,1.0,100,1
TXN_29009,USER_4481,259.29,1.0,100,1
TXN_17773,USER_3780,253.96,1.0,100,1
TXN_41125,USER_3843,102.63,1.0,100,1
TXN_26143,USER_9770,61.3,1.0,100,1
TXN_30087,USER_2488,47.48,1.0,100,1
TXN_43408,USER_6233,15.8,1.0,100,1
TXN_39499,USER_9839,8.0,1.0,100,1
TXN_8905,USER_2359,216.09,1.0,100,1
TXN_9127,USER_8252,118.43,1.0,100,1
TXN_22431,USER_6671,9.94,1.0,100,1
TXN_45004,USER_4099,15.14,1.0,100,1
TXN_47219,USER_6916,56.13,1.0,100,1
TXN_43201,USER_9584,29.5,1.0,100,1
TXN_15525,USER_2461,47.66,1.0,100,1
TXN_16369,USER_5367,46.33,1.0,100,1
TXN_3041,USER_3645,22.75,1.0,100,1
TXN_1980,USER_8088,67.35,1.0,100,1
TXN_26431,USER_6157,76.13,1.0,100,1
TXN_19440,USER_4274,11.98,1.0,100,1
TXN_17175,USER_5182,31.07,1.0,100,1
TXN_23019,USER_8896,183.07,1.0,100,1
TXN_36444,USER_9512,199.45,1.0,100,1
TXN_3380,USER_7124,25.08,1.0,100,1
TXN_8711,USER_1080,24.78,1.0,100,1
TXN_8782,USER_1994,36.11,1.0,100,1
TXN_17434,USER_6423,7.79,1.0,100,1
TXN_5655,USER_3892,27.0,1.0,100,1
TXN_47837,USER_4731,133.35,1.0,100,1
TXN_11536,USER_1932,67.89,1.0,100,1
TXN_34531,USER_7606,209.99,1.0,100,1
TXN_5109,USER_9802,117.53,1.0,100,1
TXN_35201,USER_2610,36.94,1.0,100,1
TXN_21730,USER_6790,62.6,1.0,100,1
TXN_27083,USER_4268,0.02,1.0,100,1
TXN_49679,USER_1082,26.45,1.0,100,1
TXN_7813,USER_5394,203.41,1.0,100,1
TXN_27570,USER_5511,182.68,1.0,100,1
TXN_27082,USER_7042,127.64,1.0,100,1
TXN_48681,USER_5769,192.29,1.0,100,1
TXN_13025,USER_4936,102.38,1.0,100,1
TXN_32232,USER_3497,66.97,1.0,100,1
TXN_16422,USER_5290,63.6,1.0,100,1
TXN_3342,USER_1517,142.61,1.0,100,1
TXN_46766,USER_5256,72.42,1.0,100,1
TXN_11722,USER_9455,166.04,1.0,100,1
TXN_33756,USER_3100,290.88,1.0,100,1
TXN_16335,USER_4055,260.88,1.0,100,1
TXN_28602,USER_5765,28.64,1.0,100,1
TXN_2719,USER_1557,130.55,1.0,100,1
TXN_36509,USER_5876,217.79,1.0,100,1
TXN_26705,USER_9767,164.26,1.0,100,1
TXN_26588,USER_8448,282.28,1.0,100,1
TXN_26123,USER_6412,56.09,1.0,100,1
TXN_34832,USER_7422,2.15,1.0,100,1
TXN_7009,USER_2394,382.17,1.0,100,1
TXN_37311,USER_7071,92.78,1.0,100,1
TXN_5445,USER_3713,3.6,1.0,100,1
TXN_47517,USER_9376,342.3,1.0,100,1
TXN_25821,USER_6700,32.21,1.0,100,1
TXN_16661,USER_1420,96.99,1.0,100,1
TXN_7059,USER_7777,121.12,1.0,100,1
TXN_7491,USER_9005,70.47,1.0,100,1
TXN_8073,USER_4641,324.28,1.0,100,1
TXN_20953,USER_1220,33.92,1.0,100,1
TXN_17764,USER_4604,53.74,1.0,100,1
TXN_46007,USER_1396,243.02,1.0,100,1
TXN_43642,USER_9375,222.95,1.0,100,1
TXN_32284,USER_8313,217.67,1.0,100,1
TXN_4133,USER_7646,11.18,1.0,100,1
TXN_46681,USER_3978,198.31,1.0,100,1
TXN_3020,USER_2994,9.78,1.0,100,1
TXN_48626,USER_3641,151.4,1.0,100,1
TXN_9516,USER_5227,132.54,1.0,100,1
TXN_30561,USER_9933,160.62,1.0,100,1
TXN_39692,USER_5017,17.41,1.0,100,1
TXN_32088,USER_3003,33.97,1.0,100,1
TXN_26292,USER_1478,82.37,1.0,100,1
TXN_46249,USER_3480,7.82,1.0,100,1
TXN_9017,USER_3775,25.11,1.0,100,1
TXN_2808,USER_3130,44.51,1.0,100,1
TXN_48622,USER_6285,18.79,1.0,100,1
TXN_9155,USER_7454,68.76,1.0,100,1
TXN_31883,USER_3251,139.35,1.0,100,1
TXN_43194,USER_4654,14.59,1.0,100,1
TXN_41898,USER_2779,28.5,1.0,100,1
TXN_24262,USER_4421,63.1,1.0,100,1
TXN_41844,USER_4673,26.1,1.0,100,1
TXN_34157,USER_1091,129.37,1.0,100,1
TXN_11593,USER_2590,29.83,1.0,100,1
TXN_27376,USER_7209,118.86,1.0,100,1
TXN_43513,USER_9272,48.94,1.0,100,1
TXN_8245,USER_2523,76.65,1.0,100,1
TXN_26172,USER_8425,331.68,1.0,100,1
TXN_42874,USER_8248,80.56,1.0,100,1
TXN_25425,USER_3228,84.35,1.0,100,1
TXN_26685,USER_7173,55.0,1.0,100,1
TXN_20662,USER_9839,88.39,1.0,100,1
TXN_12651,USER_2824,20.07,1.0,100,1
TXN_28535,USER_6819,109.51,1.0,100,1
TXN_6640,USER_2550,200.02,1.0,100,1
TXN_7564,USER_9641,7.89,1.0,100,1
TXN_27345,USER_3034,23.61,1.0,100,1
TXN_13919,USER_1700,60.02,1.0,100,1
TXN_30586,USER_7795,37.0,1.0,100,1
TXN_49726,USER_9232,24.86,1.0,100,1
TXN_45084,USER_2108,50.64,1.0,100,1
TXN_8436,USER_1358,57.9,1.0,100,1
TXN_32733,USER_4628,22.3,1.0,100,1
TXN_44460,USER_7104,3.4,1.0,100,1
TXN_33933,USER_6686,27.91,1.0,100,1
TXN_24951,USER_2851,33.68,1.0,100,1
TXN_47037,USER_3615,119.33,1.0,100,1
TXN_2421,USER_2750,114.9,1.0,100,1
TXN_5319,USER_9737,412.77,1.0,100,1
TXN_15896,USER_6562,22.85,1.0,100,1
TXN_11918,USER_2596,62.65,1.0,100,1
TXN_46617,USER_3956,27.41,1.0,100,1
TXN_22297,USER_2875,2.98,1.0,100,1
TXN_19541,USER_7938,30.39,1.0,100,1
TXN_16774,USER_3322,125.78,1.0,100,1
TXN_8820,USER_3550,20.17,1.0,100,1
TXN_6737,USER_4435,178.23,1.0,100,1
TXN_17850,USER_8384,76.66,1.0,100,1
TXN_614,USER_1404,83.9,1.0,100,1
TXN_21776,USER_1897,0.78,1.0,100,1
TXN_35435,USER_7832,5.46,1.0,100,1
TXN_16514,USER_6714,39.01,1.0,100,1
TXN_2983,USER_7516,173.71,1.0,100,1
TXN_19250,USER_6834,31.43,1.0,100,1
TXN_21874,USER_1956,272.57,1.0,100,1
TXN_31463,USER_9559,79.51,1.0,100,1
TXN_40483,USER_1678,47.33,1.0,100,1
TXN_31987,USER_6144,174.09,1.0,100,1
TXN_15850,USER_6709,77.64,1.0,100,1
TXN_32921,USER_8290,12.02,1.0,100,1
TXN_40385,USER_4446,18.19,1.0,100,1
TXN_1524,USER_7295,117.59,1.0,100,1
TXN_60,USER_1995,180.79,1.0,100,1
TXN_23051,USER_6854,23.04,1.0,100,1
TXN_26212,USER_9750,61.37,1.0,100,1
TXN_4090,USER_6314,128.9,1.0,100,1
TXN_6960,USER_5151,11.25,1.0,100,1
TXN_36408,USER_7681,130.04,1.0,100,1
TXN_44623,USER_1241,65.22,1.0,100,1
TXN_20607,USER_5509,80.75,1.0,100,1
TXN_35954,USER_8018,142.52,1.0,100,1
TXN_34072,USER_7389,265.25,1.0,100,1
TXN_17685,USER_3765,55.27,1.0,100,1
TXN_16458,USER_2166,659.21,1.0,100,1
TXN_31889,USER_5195,40.68,1.0,100,1
TXN_38243,USER_9152,98.68,1.0,100,1
TXN_49177,USER_5614,17.18,1.0,100,1
TXN_39952,USER_9370,67.73,1.0,100,1
TXN_31896,USER_1733,9.39,1.0,100,1
TXN_12875,USER_5213,243.54,1.0,100,1
TXN_40760,USER_1927,250.49,1.0,100,1
TXN_15646,USER_2096,78.24,1.0,100,1
TXN_24027,USER_6171,45.24,1.0,100,1
TXN_29373,USER_9982,13.45,1.0,100,1
TXN_38709,USER_6237,21.85,1.0,100,1
TXN_13575,USER_3432,18.59,1.0,100,1
TXN_47917,USER_4657,108.35,1.0,100,1
TXN_21389,USER_1288,37.5,1.0,100,1
TXN_47057,USER_1081,166.94,1.0,100,1
TXN_6150,USER_5305,69.68,1.0,100,1
TXN_2198,USER_5998,20.88,1.0,100,1
TXN_36220,USER_8052,310.99,1.0,100,1
TXN_31419,USER_6760,111.28,1.0,100,1
TXN_8705,USER_7572,61.89,1.0,100,1
TXN_42880,USER_5327,584.72,1.0,100,1
TXN_37609,USER_1521,56.65,1.0,100,1
TXN_15358,USER_6127,165.9,1.0,100,1
TXN_1279,USER_2290,87.68,1.0,100,1
TXN_7083,USER_8213,147.57,1.0,100,1
TXN_19063,USER_7731,16.94,1.0,100,1
TXN_24557,USER_3046,21.13,1.0,100,1
TXN_2717,USER_2207,76.3,1.0,100,1
TXN_27952,USER_4955,140.06,1.0,100,1
TXN_18449,USER_9099,71.77,1.0,100,1
TXN_38258,USER_3198,285.37,1.0,100,1
TXN_11485,USER_4793,2.78,1.0,100,1
TXN_38565,USER_3485,5.56,1.0,100,1
TXN_12342,USER_1625,86.43,1.0,100,1
TXN_13087,USER_7356,112.1,1.0,100,1
TXN_34249,USER_1434,445.39,1.0,100,1
TXN_10093,USER_5722,28.96,1.0,100,1
TXN_26399,USER_7176,73.02,1.0,100,1
TXN_10998,USER_3122,59.11,1.0,100,1
TXN_31480,USER_6067,164.22,1.0,100,1
TXN_6722,USER_5415,126.48,1.0,100,1
TXN_39986,USER_7523,75.77,1.0,100,1
TXN_24160,USER_9074,152.98,1.0,100,1
TXN_43082,USER_7021,183.38,1.0,100,1
TXN_7973,USER_5300,407.53,1.0,100,1
TXN_8666,USER_3590,64.96,1.0,100,1
TXN_4971,USER_6051,101.09,1.0,100,1
TXN_13490,USER_8973,11.12,1.0,100,1
TXN_1990,USER_4456,92.09,1.0,100,1
TXN_5299,USER_1026,24.16,1.0,100,1
TXN_45765,USER_6628,38.87,1.0,100,1
TXN_22359,USER_1893,9.53,1.0,100,1
TXN_28734,USER_2360,32.41,1.0,100,1
TXN_4757,USER_3181,63.15,1.0,100,1
TXN_27696,USER_7421,274.09,1.0,100,1
TXN_31195,USER_8080,130.41,1.0,100,1
TXN_9984,USER_3711,184.28,1.0,100,1
TXN_26838,USER_2482,75.01,1.0,100,1
TXN_2079,USER_4727,6.54,1.0,100,1
TXN_33561,USER_2032,202.21,1.0,100,1
TXN_34884,USER_8463,145.14,1.0,100,1
TXN_814,USER_3219,93.2,1.0,100,1
TXN_10380,USER_6924,42.68,1.0,100,1
TXN_33595,USER_8400,11.34,1.0,100,1
TXN_19915,USER_1167,171.26,1.0,100,1
TXN_39915,USER_6523,0.26,1.0,100,1
TXN_11053,USER_6767,128.54,1.0,100,1
TXN_22116,USER_1574,23.25,1.0,100,1
TXN_1645,USER_4828,150.08,1.0,100,1
TXN_35840,USER_4936,264.84,1.0,100,1
TXN_37430,USER_3865,163.93,1.0,100,1
TXN_2708,USER_4162,185.77,1.0,100,1
TXN_9524,USER_1948,210.11,1.0,100,1
TXN_31880,USER_3884,109.8,1.0,100,1
TXN_34393,USER_8193,270.84,1.0,100,1
TXN_26727,USER_7934,362.21,1.0,100,1
TXN_4018,USER_2848,43.67,1.0,100,1
TXN_41157,USER_3092,95.25,1.0,100,1
TXN_17586,USER_2379,177.07,1.0,100,1
TXN_31273,USER_2867,37.39,1.0,100,1
TXN_21951,USER_5666,110.46,1.0,100,1
TXN_922,USER_6109,21.26,1.0,100,1
TXN_32184,USER_9065,239.85,1.0,100,1
TXN_17334,USER_8095,145.6,1.0,100,1
TXN_2243,USER_1597,138.94,1.0,100,1
TXN_23710,USER_9017,64.29,1.0,100,1
TXN_40631,USER_7673,42.32,1.0,100,1
TXN_35996,USER_6404,120.4,1.0,100,1
TXN_20103,USER_4987,373.96,1.0,100,1
TXN_14382,USER_4342,41.2,1.0,100,1
TXN_10147,USER_7505,12.07,1.0,100,1
TXN_1908,USER_2638,134.85,1.0,100,1
TXN_36298,USER_5867,114.49,1.0,100,1
TXN_19019,USER_1093,252.9,1.0,100,1
TXN_36159,USER_4762,61.22,1.0,100,1
TXN_5951,USER_5689,136.45,1.0,100,1
TXN_21852,USER_2722,83.45,1.0,100,1
TXN_8007,USER_3460,215.97,1.0,100,1
TXN_21204,USER_9992,187.52,1.0,100,1
TXN_17449,USER_7841,134.59,1.0,100,1
TXN_18520,USER_1338,17.12,1.0,100,1
TXN_28173,USER_1895,29.49,1.0,100,1
TXN_11954,USER_3563,40.32,1.0,100,1
TXN_7804,USER_8433,61.16,1.0,100,1
TXN_18574,USER_2289,201.12,1.0,100,1
TXN_34016,USER_4674,395.75,1.0,100,1
TXN_18381,USER_4348,30.58,1.0,100,1
TXN_22350,USER_6149,0.25,1.0,100,1
TXN_30105,USER_7375,52.7,1.0,100,1
TXN_36976,USER_1506,85.69,1.0,100,1
TXN_39051,USER_7970,86.15,1.0,100,1
TXN_2048,USER_1301,105.87,1.0,100,1
TXN_12941,USER_5065,13.86,1.0,100,1
TXN_42533,USER_2699,3.54,1.0,100,1
TXN_20128,USER_6016,116.26,1.0,100,1
TXN_49228,USER_6121,154.82,1.0,100,1
TXN_16644,USER_9148,34.83,1.0,100,1
TXN_34387,USER_3600,107.48,1.0,100,1
TXN_43336,USER_6605,20.01,1.0,100,1
TXN_14231,USER_2803,231.18,1.0,100,1
TXN_26614,USER_5463,28.15,1.0,100,1
TXN_40752,USER_6283,156.26,1.0,100,1
TXN_42929,USER_3370,93.08,1.0,100,1
TXN_3596,USER_5234,13.21,1.0,100,1
TXN_8258,USER_6873,476.55,1.0,100,1
TXN_26734,USER_1160,152.4,1.0,100,1
TXN_26069,USER_5287,83.45,1.0,100,1
TXN_12910,USER_1472,121.71,1.0,100,1
TXN_6738,USER_4201,214.32,1.0,100,1
TXN_15913,USER_1051,17.64,1.0,100,1
TXN_11613,USER_7030,66.48,1.0,100,1
TXN_13918,USER_2918,55.85,1.0,100,1
TXN_20119,USER_6318,69.32,1.0,100,1
TXN_27446,USER_8326,169.07,1.0,100,1
TXN_35358,USER_1676,178.52,1.0,100,1
TXN_4324,USER_7401,141.55,1.0,100,1
TXN_10787,USER_8711,28.77,1.0,100,1
TXN_16389,USER_3699,103.26,1.0,100,1
TXN_28746,USER_5112,2.13,1.0,100,1
TXN_4432,USER_1244,118.41,1.0,100,1
TXN_29721,USER_5661,28.45,1.0,100,1
TXN_302,USER_4009,67.71,1.0,100,1
TXN_17022,USER_1185,96.68,1.0,100,1
TXN_45781,USER_7535,47.58,1.0,100,1
TXN_8717,USER_9659,1.16,1.0,100,1
TXN_28699,USER_7099,21.28,1.0,100,1
TXN_8150,USER_3233,6.6,1.0,100,1
TXN_2125,USER_6036,42.91,1.0,100,1
TXN_39577,USER_4286,219.73,1.0,100,1
TXN_4621,USER_5837,18.71,1.0,100,1
TXN_46391,USER_3854,133.41,1.0,100,1
TXN_5122,USER_5657,210.99,1.0,100,1
TXN_18030,USER_4719,53.52,1.0,100,1
TXN_23333,USER_7258,150.05,1.0,100,1
TXN_35854,USER_2168,152.98,1.0,100,1
TXN_36586,USER_8962,129.87,1.0,100,1
TXN_12015,USER_4206,67.58,1.0,100,1
TXN_6238,USER_7720,137.47,1.0,100,1
TXN_11637,USER_8370,156.07,1.0,100,1
TXN_42679,USER_7817,42.32,1.0,100,1
TXN_41240,USER_9706,22.45,1.0,100,1
TXN_36034,USER_3346,143.99,1.0,100,1
TXN_4188,USER_5524,7.64,1.0,100,1
TXN_11314,USER_6644,62.73,1.0,100,1
TXN_23954,USER_4712,161.9,1.0,100,1
TXN_39749,USER_1655,23.81,1.0,100,1
TXN_39144,USER_8028,22.58,1.0,100,1
TXN_16282,USER_7175,122.49,1.0,100,1
TXN_23624,USER_2294,173.15,1.0,100,1
TXN_5240,USER_3657,123.46,1.0,100,1
TXN_45162,USER_2974,145.69,1.0,100,1
TXN_32049,USER_2423,52.41,1.0,100,1
TXN_42944,USER_7558,238.77,1.0,100,1
TXN_8427,USER_4148,158.24,1.0,100,1
TXN_41348,USER_1103,23.8,1.0,100,1
TXN_37626,USER_2593,84.77,1.0,100,1
TXN_42808,USER_7369,15.99,1.0,100,1
TXN_19198,USER_5909,111.11,1.0,100,1
TXN_15254,USER_6392,30.6,1.0,100,1
TXN_39649,USER_5365,173.02,1.0,100,1
TXN_25934,USER_2255,142.77,1.0,100,1
TXN_23386,USER_6588,27.28,1.0,100,1
TXN_17715,USER_7351,13.15,1.0,100,1
TXN_4854,USER_8082,14.24,1.0,100,1
TXN_14388,USER_5770,11.45,1.0,100,1
TXN_5569,USER_2680,121.34,1.0,100,1
TXN_4300,USER_2106,53.21,1.0,100,1
TXN_29189,USER_3711,20.36,1.0,100,1
TXN_12763,USER_8154,98.56,1.0,100,1
TXN_18384,USER_6830,25.69,1.0,100,1
TXN_49923,USER_8319,221.74,1.0,100,1
TXN_38757,USER_8735,223.12,1.0,100,1
TXN_3636,USER_6167,214.83,1.0,100,1
TXN_10916,USER_3124,34.44,1.0,100,1
TXN_32201,USER_2289,74.19,1.0,100,1
TXN_45106,USER_3734,218.89,1.0,100,1
TXN_37744,USER_6040,158.26,1.0,100,1
TXN_49525,USER_9929,110.33,1.0,100,1
TXN_42783,USER_4697,122.28,1.0,100,1
TXN_26657,USER_8663,34.46,1.0,100,1
TXN_36187,USER_4663,120.46,1.0,100,1
TXN_47198,USER_5298,79.75,1.0,100,1
TXN_14489,USER_5443,143.96,1.0,100,1
TXN_27355,USER_7058,43.34,1.0,100,1
TXN_37732,USER_6189,42.21,1.0,100,1
TXN_4835,USER_4340,325.46,1.0,100,1
TXN_20159,USER_7647,155.31,1.0,100,1
TXN_38088,USER_7956,197.62,1.0,100,1
TXN_5713,USER_7450,58.96,1.0,100,1
TXN_10136,USER_5919,13.96,1.0,100,1
TXN_9,USER_9322,148.0,1.0,100,1
TXN_23793,USER_1645,154.36,1.0,100,1
TXN_29548,USER_2515,56.32,1.0,100,1
TXN_1015,USER_8218,203.13,1.0,100,1
TXN_49390,USER_9325,87.47,1.0,100,1
TXN_20309,USER_6800,70.28,1.0,100,1
TXN_21168,USER_7371,334.94,1.0,100,1
TXN_10344,USER_4674,46.42,1.0,100,1
TXN_40034,USER_2377,401.42,1.0,100,1
TXN_36395,USER_3231,10.9,1.0,100,1
TXN_45740,USER_2107,11.02,1.0,100,1
TXN_22700,USER_5892,350.23,1.0,100,1
TXN_34620,USER_6008,9.65,1.0,100,1
TXN_25826,USER_4665,101.45,1.0,100,1
TXN_17640,USER_5481,153.96,1.0,100,1
TXN_3330,USER_5855,54.1,1.0,100,1
TXN_19087,USER_5044,133.21,1.0,100,1
TXN_24504,USER_9000,25.18,1.0,100,1
TXN_7114,USER_8013,63.24,1.0,100,1
TXN_13323,USER_5268,67.32,1.0,100,1
TXN_10975,USER_2134,261.25,1.0,100,1
TXN_21447,USER_7817,22.55,1.0,100,1
TXN_24933,USER_8164,26.3,1.0,100,1
TXN_667,USER_3180,159.1,1.0,100,1
TXN_9337,USER_4067,89.78,1.0,100,1
TXN_39081,USER_5042,49.11,1.0,100,1
TXN_27569,USER_3085,150.6,1.0,100,1
TXN_28295,USER_1674,9.44,1.0,100,1
TXN_13807,USER_5703,70.83,1.0,100,1
TXN_26432,USER_2568,226.73,1.0,100,1
TXN_17749,USER_2153,230.14,1.0,100,1
TXN_37080,USER_5652,39.62,1.0,100,1
TXN_28710,USER_1732,46.88,1.0,100,1
TXN_20652,USER_7063,201.43,1.0,100,1
TXN_21233,USER_6433,2.67,1.0,100,1
TXN_49508,USER_9364,51.76,1.0,100,1
TXN_13116,USER_6095,22.4,1.0,100,1
TXN_42918,USER_5780,61.91,1.0,100,1
TXN_39298,USER_5482,263.69,1.0,100,1
TXN_23960,USER_9830,203.28,1.0,100,1
TXN_2105,USER_2778,26.09,1.0,100,1
TXN_46352,USER_9864,83.25,1.0,100,1
TXN_728,USER_1364,0.83,1.0,100,1
TXN_698,USER_7777,62.74,1.0,100,1
TXN_16779,USER_2169,122.7,1.0,100,1
TXN_49715,USER_4888,99.86,1.0,100,1
TXN_4360,USER_5815,98.94,1.0,100,1
TXN_5486,USER_6311,67.55,1.0,100,1
TXN_31667,USER_8751,237.93,1.0,100,1
TXN_11130,USER_6327,10.08,1.0,100,1
TXN_1167,USER_9680,40.57,1.0,100,1
TXN_27192,USER_6992,83.07,1.0,100,1
TXN_9348,USER_3419,265.27,1.0,100,1
TXN_37614,USER_5681,56.91,1.0,100,1
TXN_35307,USER_9587,651.73,1.0,100,1
TXN_11516,USER_2935,31.96,1.0,100,1
TXN_46732,USER_9877,64.95,1.0,100,1
TXN_28074,USER_8498,120.78,1.0,100,1
TXN_43404,USER_2252,3.22,1.0,100,1
TXN_25351,USER_5259,79.8,1.0,100,1
TXN_9817,USER_9534,236.96,1.0,100,1
TXN_417,USER_4913,47.49,1.0,100,1
TXN_3267,USER_8032,3.41,1.0,100,1
TXN_24052,USER_6786,151.68,1.0,100,1
TXN_38513,USER_7228,155.52,1.0,100,1
TXN_412,USER_3738,47.94,1.0,100,1
TXN_7543,USER_7837,263.45,1.0,100,1
TXN_33496,USER_9049,86.47,1.0,100,1
TXN_38756,USER_2940,33.68,1.0,100,1
TXN_20463,USER_6968,56.21,1.0,100,1
TXN_17955,USER_9743,63.2,1.0,100,1
TXN_37841,USER_7553,90.34,1.0,100,1
TXN_5104,USER_2412,19.65,1.0,100,1
TXN_43225,USER_7805,280.64,1.0,100,1
TXN_29222,USER_6263,38.43,1.0,100,1
TXN_26211,USER_1334,228.21,1.0,100,1
TXN_37220,USER_5020,206.56,1.0,100,1
TXN_38649,USER_2954,81.51,1.0,100,1
TXN_23049,USER_6145,81.08,1.0,100,1
TXN_14069,USER_3860,2.66,1.0,100,1
TXN_32580,USER_3677,181.83,1.0,100,1
TXN_2849,USER_9244,73.06,1.0,100,1
TXN_23289,USER_3242,35.92,1.0,100,1
TXN_9823,USER_3340,244.34,1.0,100,1
TXN_9540,USER_9524,17.8,1.0,100,1
TXN_4611,USER_7578,99.9,1.0,100,1
TXN_29168,USER_7513,223.89,1.0,100,1
TXN_851,USER_7943,65.29,1.0,100,1
TXN_5052,USER_7738,54.61,1.0,100,1
TXN_21136,USER_6782,94.43,1.0,100,1
TXN_8311,USER_3627,90.38,1.0,100,1
TXN_14098,USER_4563,17.24,1.0,100,1
TXN_28251,USER_8454,9.21,1.0,100,1
TXN_37945,USER_6287,1.33,1.0,100,1
TXN_23944,USER_3841,82.33,1.0,100,1
TXN_7805,USER_8689,20.29,1.0,100,1
TXN_5237,USER_3173,4.07,1.0,100,1
TXN_20056,USER_4229,41.97,1.0,100,1
TXN_49012,USER_3134,26.23,1.0,100,1
TXN_45952,USER_6419,21.8,1.0,100,1
TXN_3343,USER_8737,26.44,1.0,100,1
TXN_13500,USER_5999,149.64,1.0,100,1
TXN_29375,USER_6421,10.0,1.0,100,1
TXN_27932,USER_7620,52.57,1.0,100,1
TXN_13245,USER_8772,12.37,1.0,100,1
TXN_45091,USER_1775,82.39,1.0,100,1
TXN_12039,USER_3717,331.49,1.0,100,1
TXN_32097,USER_1229,65.1,1.0,100,1
TXN_33621,USER_2342,48.74,1.0,100,1
TXN_28312,USER_5777,60.15,1.0,100,1
TXN_31289,USER_1550,9.25,1.0,100,1
TXN_31024,USER_6468,33.8,1.0,100,1
TXN_29749,USER_9079,60.29,1.0,100,1
TXN_2491,USER_7716,20.87,1.0,100,1
TXN_27236,USER_1820,14.7,1.0,100,1
TXN_48747,USER_3664,98.74,1.0,100,1
TXN_49156,USER_4549,69.17,1.0,100,1
TXN_21606,USER_8996,63.57,1.0,100,1
TXN_39567,USER_7230,39.84,1.0,100,1
TXN_37233,USER_9261,135.08,1.0,100,1
TXN_26258,USER_2712,34.37,1.0,100,1
TXN_18711,USER_4110,197.95,1.0,100,1
TXN_31216,USER_7543,108.42,1.0,100,1
TXN_6102,USER_3790,31.48,1.0,100,1
TXN_32745,USER_5432,32.61,1.0,100,1
TXN_569,USER_5468,38.55,1.0,100,1
TXN_38210,USER_8817,47.53,1.0,100,1
TXN_34663,USER_2523,83.87,1.0,100,1
TXN_11093,USER_8331,5.18,1.0,100,1
TXN_10729,USER_5429,53.6,1.0,100,1
TXN_34177,USER_5564,113.98,1.0,100,1
TXN_784,USER_5324,46.22,1.0,100,1
TXN_27751,USER_7486,62.33,1.0,100,1
TXN_40111,USER_8744,119.91,1.0,100,1
TXN_19190,USER_5994,59.81,1.0,100,1
TXN_23355,USER_6141,133.21,1.0,100,1
TXN_22009,USER_4213,100.03,1.0,100,1
TXN_11969,USER_7641,35.15,1.0,100,1
TXN_46760,USER_3670,1.35,1.0,100,1
TXN_23328,USER_6036,148.31,1.0,100,1
TXN_44064,USER_3500,445.47,1.0,100,1
TXN_45525,USER_8313,102.94,1.0,100,1
TXN_17429,USER_1638,62.09,1.0,100,1
TXN_6893,USER_6246,192.31,1.0,100,1
TXN_10677,USER_4444,78.27,1.0,100,1
TXN_5895,USER_6670,43.53,1.0,100,1
TXN_19738,USER_8681,50.67,1.0,100,1
TXN_32352,USER_9947,134.11,1.0,100,1
TXN_41919,USER_2392,73.29,1.0,100,1
TXN_9007,USER_2291,209.9,1.0,100,1
TXN_8208,USER_7391,206.73,1.0,100,1
TXN_47202,USER_6041,158.98,1.0,100,1
TXN_33828,USER_5378,20.4,1.0,100,1
TXN_18343,USER_9345,300.6,1.0,100,1
TXN_23078,USER_1676,114.84,1.0,100,1
TXN_1802,USER_1632,48.59,1.0,100,1
TXN_20445,USER_9390,8.83,1.0,100,1
TXN_41976,USER_7614,15.96,1.0,100,1
TXN_45936,USER_5667,55.68,1.0,100,1
TXN_2049,USER_8527,34.83,1.0,100,1
TXN_31616,USER_3323,82.97,1.0,100,1
TXN_7158,USER_7017,243.27,1.0,100,1
TXN_7400,USER_2996,2.21,1.0,100,1
TXN_42642,USER_5914,115.51,1.0,100,1
TXN_2557,USER_9611,130.81,1.0,100,1
TXN_38360,USER_2992,170.95,1.0,100,1
TXN_2961,USER_9931,45.99,1.0,100,1
TXN_46975,USER_7873,5.75,1.0,100,1
TXN_21357,USER_5149,60.5,1.0,100,1
TXN_44417,USER_1368,15.76,1.0,100,1
TXN_23664,USER_3298,53.68,1.0,100,1
TXN_1636,USER_5033,34.68,1.0,100,1
TXN_26736,USER_2733,186.62,1.0,100,1
TXN_46645,USER_5874,80.62,1.0,100,1
TXN_21556,USER_6381,58.02,1.0,100,1
TXN_44215,USER_8526,57.23,1.0,100,1
TXN_37157,USER_4910,15.66,1.0,100,1
TXN_2327,USER_7509,88.04,1.0,100,1
TXN_23509,USER_1213,26.28,1.0,100,1
TXN_27848,USER_3970,190.01,1.0,100,1
TXN_44357,USER_2481,36.89,1.0,100,1
TXN_26370,USER_6056,118.29,1.0,100,1
TXN_6546,USER_2460,191.05,1.0,100,1
TXN_2911,USER_7093,60.05,1.0,100,1
TXN_8680,USER_4430,86.55,1.0,100,1
TXN_27890,USER_2462,23.78,1.0,100,1
TXN_21834,USER_3981,112.33,1.0,100,1
TXN_18047,USER_9638,20.41,1.0,100,1
TXN_10230,USER_8715,98.91,1.0,100,1
TXN_21976,USER_7834,58.78,1.0,100,1
TXN_44262,USER_7797,3.14,1.0,100,1
TXN_27251,USER_7272,4.08,1.0,100,1
TXN_9474,USER_7457,225.31,1.0,100,1
TXN_21959,USER_4856,342.27,1.0,100,1
TXN_5530,USER_7923,258.79,1.0,100,1
TXN_29320,USER_3122,348.71,1.0,100,1
TXN_31968,USER_2831,263.97,1.0,100,1
TXN_32562,USER_2533,46.57,1.0,100,1
TXN_663,USER_5637,185.46,1.0,100,1
TXN_34766,USER_3398,19.42,1.0,100,1
TXN_3304,USER_3949,11.22,1.0,100,1
TXN_3561,USER_2920,97.38,1.0,100,1
TXN_38952,USER_5842,78.1,1.0,100,1
TXN_8392,USER_7704,264.72,1.0,100,1
TXN_23599,USER_4412,123.0,1.0,100,1
TXN_35222,USER_9342,38.69,1.0,100,1
TXN_19115,USER_6088,247.1,1.0,100,1
TXN_5056,USER_7691,13.03,1.0,100,1
TXN_8110,USER_5092,10.93,1.0,100,1
TXN_27266,USER_5553,42.09,1.0,100,1
TXN_17412,USER_7922,8.09,1.0,100,1
TXN_6910,USER_5859,58.29,1.0,100,1
TXN_22361,USER_3933,3.36,1.0,100,1
TXN_48702,USER_6553,77.97,1.0,100,1
TXN_22403,USER_8383,36.88,1.0,100,1
TXN_18141,USER_4185,26.33,1.0,100,1
TXN_14820,USER_4500,117.86,1.0,100,1
TXN_12447,USER_2617,254.32,1.0,100,1
TXN_860,USER_2248,64.89,1.0,100,1
TXN_44732,USER_1171,126.15,1.0,100,1
TXN_16850,USER_4192,202.66,1.0,100,1
TXN_2433,USER_3990,8.44,1.0,100,1
TXN_37819,USER_1289,55.9,1.0,100,1
TXN_17568,USER_6587,125.43,1.0,100,1
TXN_6396,USER_2645,384.47,1.0,100,1
TXN_27480,USER_8698,103.83,1.0,100,1
TXN_25658,USER_4501,16.15,1.0,100,1
TXN_18431,USER_8381,21.58,1.0,100,1
TXN_35773,USER_9389,240.72,1.0,100,1
TXN_1899,USER_6175,197.74,1.0,100,1
TXN_1267,USER_2913,103.63,1.0,100,1
TXN_41606,USER_1622,46.86,1.0,100,1
TXN_14502,USER_2196,40.77,1.0,100,1
TXN_4892,USER_1490,231.0,1.0,100,1
TXN_43824,USER_9641,69.78,1.0,100,1
TXN_30001,USER_1353,18.98,1.0,100,1
TXN_40485,USER_1299,92.27,1.0,100,1
TXN_30263,USER_8150,11.77,1.0,100,1
TXN_38340,USER_3125,39.63,1.0,100,1
TXN_47609,USER_4265,80.4,1.0,100,1
TXN_24148,USER_7419,197.21,1.0,100,1
TXN_36480,USER_4147,9.82,1.0,100,1
TXN_37237,USER_1116,8.06,1.0,100,1
TXN_13466,USER_9775,72.33,1.0,100,1
TXN_15908,USER_4615,203.97,1.0,100,1
TXN_12609,USER_5861,178.56,1.0,100,1
TXN_6188,USER_6728,55.5,1.0,100,1
TXN_49498,USER_4660,7.08,1.0,100,1
TXN_39489,USER_2014,31.28,1.0,100,1
TXN_46851,USER_9077,79.32,0.98,98,1
TXN_37327,USER_6347,16.12,0.98,98,1
TXN_43022,USER_8463,75.55,0.98,98,1
TXN_17803,USER_3512,153.83,0.98,98,1
TXN_27165,USER_4856,62.85,0.98,98,1
TXN_37474,USER_8442,17.69,0.98,98,1
TXN_34431,USER_1768,35.14,0.98,98,1
TXN_15484,USER_7240,6.73,0.98,98,1
TXN_47155,USER_9358,124.65,0.98,98,1
TXN_47185,USER_6865,158.03,0.98,98,1
TXN_44394,USER_2329,2.82,0.98,98,1
TXN_16750,USER_7077,32.13,0.98,98,1
TXN_8379,USER_2677,67.41,0.9,90,1
TXN_16319,USER_1055,171.12,0.8,80,1
